Div,Date,HomeTeam,AwayTeam,FTHG,FTAG,FTR,HTHG,HTAG,HTR,Referee,HS,AS,HF,AF,HC,AC,HY,AY,HR,AR,Season
E0,17/08/13,Arsenal,Aston Villa,1,3,A,1,1,D,A Taylor,16,9,15,18,4,3,4,5,1,0,2013-14
E0,17/08/13,Liverpool,Stoke,1,0,H,1,0,H,M Atkinson,26,10,11,11,12,6,1,1,0,0,2013-14
E0,17/08/13,Norwich,Everton,2,2,D,0,0,D,M Oliver,8,19,13,10,6,8,2,0,0,0,2013-14
E0,17/08/13,Sunderland,Fulham,0,1,A,0,0,D,N Swarbrick,20,5,14,14,6,1,0,3,0,0,2013-14
E0,17/08/13,Swansea,Man United,1,4,A,0,2,A,P Dowd,17,15,13,10,7,4,1,3,0,0,2013-14
E0,17/08/13,West Brom,Southampton,0,1,A,0,0,D,K Friend,11,7,14,24,4,8,4,0,0,0,2013-14
E0,17/08/13,West Ham,Cardiff,2,0,H,1,0,H,H Webb,18,12,10,7,4,3,0,1,0,0,2013-14
E0,18/08/13,Chelsea,Hull,2,0,H,2,0,H,J Moss,22,7,7,16,5,1,0,1,0,0,2013-14
E0,18/08/13,Crystal Palace,Tottenham,0,1,A,0,0,D,M Clattenburg,5,17,6,9,3,7,1,0,0,0,2013-14
E0,19/08/13,Man City,Newcastle,4,0,H,2,0,H,A Marriner,20,5,9,7,8,1,2,3,0,1,2013-14
E0,21/08/13,Chelsea,Aston Villa,2,1,H,1,1,D,K Friend,15,7,12,13,1,2,1,4,0,0,2013-14
E0,24/08/13,Aston Villa,Liverpool,0,1,A,0,1,A,M Clattenburg,17,5,9,8,8,2,3,3,0,0,2013-14
E0,24/08/13,Everton,West Brom,0,0,D,0,0,D,R East,22,7,14,15,11,1,1,1,0,0,2013-14
E0,24/08/13,Fulham,Arsenal,1,3,A,0,2,A,H Webb,16,18,10,8,1,8,2,2,0,0,2013-14
E0,24/08/13,Hull,Norwich,1,0,H,1,0,H,M Jones,6,13,14,19,1,5,1,1,1,0,2013-14
E0,24/08/13,Newcastle,West Ham,0,0,D,0,0,D,P Dowd,16,6,12,14,5,4,0,1,0,0,2013-14
E0,24/08/13,Southampton,Sunderland,1,1,D,0,1,A,L Mason,17,8,12,13,5,2,2,2,0,0,2013-14
E0,24/08/13,Stoke,Crystal Palace,2,1,H,0,1,A,A Marriner,14,14,13,6,7,0,3,0,0,0,2013-14
E0,25/08/13,Cardiff,Man City,3,2,H,0,0,D,L Probert,9,16,2,9,3,8,0,0,0,0,2013-14
E0,25/08/13,Tottenham,Swansea,1,0,H,0,0,D,N Swarbrick,19,7,10,15,8,3,1,4,0,0,2013-14
E0,26/08/13,Man United,Chelsea,0,0,D,0,0,D,M Atkinson,13,8,9,9,4,1,0,2,0,0,2013-14
E0,31/08/13,Cardiff,Everton,0,0,D,0,0,D,A Taylor,4,13,11,9,4,5,1,1,0,0,2013-14
E0,31/08/13,Crystal Palace,Sunderland,3,1,H,1,0,H,L Probert,17,10,6,6,6,6,1,0,0,1,2013-14
E0,31/08/13,Man City,Hull,2,0,H,0,0,D,P Dowd,12,7,15,14,7,4,2,3,0,0,2013-14
E0,31/08/13,Newcastle,Fulham,1,0,H,0,0,D,C Foy,24,3,13,9,13,2,2,2,0,0,2013-14
E0,31/08/13,Norwich,Southampton,1,0,H,0,0,D,H Webb,15,11,11,15,5,5,0,0,0,0,2013-14
E0,31/08/13,West Ham,Stoke,0,1,A,0,0,D,J Moss,9,15,10,12,3,4,2,1,0,0,2013-14
E0,01/09/13,Arsenal,Tottenham,1,0,H,1,0,H,M Oliver,12,14,15,14,3,6,2,2,0,0,2013-14
E0,01/09/13,Liverpool,Man United,1,0,H,1,0,H,A Marriner,10,10,15,15,2,7,2,4,0,0,2013-14
E0,01/09/13,West Brom,Swansea,0,2,A,0,1,A,M Dean,10,12,10,14,2,3,4,3,0,0,2013-14
E0,14/09/13,Aston Villa,Newcastle,1,2,A,0,1,A,M Dean,10,17,9,11,4,2,1,4,0,0,2013-14
E0,14/09/13,Everton,Chelsea,1,0,H,1,0,H,H Webb,11,22,10,12,5,7,0,4,0,0,2013-14
E0,14/09/13,Fulham,West Brom,1,1,D,1,0,H,L Probert,12,12,9,12,4,5,0,1,0,0,2013-14
E0,14/09/13,Hull,Cardiff,1,1,D,1,0,H,R Madley,18,10,8,8,6,2,1,2,0,0,2013-14
E0,14/09/13,Man United,Crystal Palace,2,0,H,1,0,H,J Moss,19,4,8,11,10,1,1,2,0,1,2013-14
E0,14/09/13,Stoke,Man City,0,0,D,0,0,D,M Clattenburg,11,10,13,11,2,4,1,1,0,0,2013-14
E0,14/09/13,Sunderland,Arsenal,1,3,A,0,1,A,M Atkinson,17,14,12,10,6,7,1,2,0,0,2013-14
E0,14/09/13,Tottenham,Norwich,2,0,H,1,0,H,L Mason,23,4,2,12,8,1,1,3,0,0,2013-14
E0,15/09/13,Southampton,West Ham,0,0,D,0,0,D,A Marriner,15,6,12,10,10,4,1,3,0,0,2013-14
E0,16/09/13,Swansea,Liverpool,2,2,D,1,2,A,M Oliver,17,12,7,10,3,7,2,3,0,0,2013-14
E0,21/09/13,Chelsea,Fulham,2,0,H,0,0,D,A Marriner,26,4,11,9,13,3,0,0,0,0,2013-14
E0,21/09/13,Liverpool,Southampton,0,1,A,0,0,D,N Swarbrick,10,12,6,9,6,6,0,1,0,0,2013-14
E0,21/09/13,Newcastle,Hull,2,3,A,2,1,H,M Atkinson,15,12,11,8,3,3,1,1,0,0,2013-14
E0,21/09/13,Norwich,Aston Villa,0,1,A,0,1,A,C Foy,12,16,15,10,7,4,1,0,0,0,2013-14
E0,21/09/13,West Brom,Sunderland,3,0,H,1,0,H,P Dowd,13,7,9,10,5,6,0,2,0,0,2013-14
E0,21/09/13,West Ham,Everton,2,3,A,1,0,H,L Mason,9,10,16,12,5,5,2,1,1,0,2013-14
E0,22/09/13,Arsenal,Stoke,3,1,H,2,1,H,M Dean,16,9,8,15,6,7,0,2,0,0,2013-14
E0,22/09/13,Cardiff,Tottenham,0,1,A,0,0,D,M Clattenburg,6,29,5,7,2,12,1,4,0,0,2013-14
E0,22/09/13,Crystal Palace,Swansea,0,2,A,0,1,A,K Friend,9,15,13,9,6,7,2,2,0,0,2013-14
E0,22/09/13,Man City,Man United,4,1,H,2,0,H,H Webb,18,14,8,12,8,4,1,2,0,0,2013-14
E0,28/09/13,Aston Villa,Man City,3,2,H,0,1,A,M Jones,8,20,13,9,2,13,1,1,0,0,2013-14
E0,28/09/13,Fulham,Cardiff,1,2,A,1,1,D,C Pawson,9,22,14,13,11,10,1,1,0,0,2013-14
E0,28/09/13,Hull,West Ham,1,0,H,1,0,H,K Friend,9,18,11,12,6,6,1,2,0,0,2013-14
E0,28/09/13,Man United,West Brom,1,2,A,0,0,D,M Oliver,14,12,10,14,5,8,3,2,0,0,2013-14
E0,28/09/13,Southampton,Crystal Palace,2,0,H,0,0,D,M Atkinson,12,8,11,12,8,2,1,2,0,0,2013-14
E0,28/09/13,Swansea,Arsenal,1,2,A,0,0,D,M Clattenburg,10,10,5,11,4,3,3,2,0,0,2013-14
E0,28/09/13,Tottenham,Chelsea,1,1,D,1,0,H,M Dean,12,11,14,14,4,5,5,1,0,1,2013-14
E0,29/09/13,Stoke,Norwich,0,1,A,0,1,A,A Taylor,8,8,14,12,7,3,2,1,0,0,2013-14
E0,29/09/13,Sunderland,Liverpool,1,3,A,0,2,A,H Webb,23,15,8,10,10,8,2,1,0,0,2013-14
E0,30/09/13,Everton,Newcastle,3,2,H,3,0,H,P Dowd,18,15,5,15,1,1,3,1,0,0,2013-14
E0,05/10/13,Cardiff,Newcastle,1,2,A,0,2,A,K Friend,8,20,11,8,3,3,1,0,0,0,2013-14
E0,05/10/13,Fulham,Stoke,1,0,H,0,0,D,R East,9,16,11,13,7,5,3,2,0,0,2013-14
E0,05/10/13,Hull,Aston Villa,0,0,D,0,0,D,M Clattenburg,6,18,7,11,7,7,2,1,0,0,2013-14
E0,05/10/13,Liverpool,Crystal Palace,3,1,H,3,0,H,A Taylor,13,11,11,6,11,3,2,1,0,0,2013-14
E0,05/10/13,Man City,Everton,3,1,H,2,1,H,J Moss,12,6,15,10,8,1,5,4,0,0,2013-14
E0,05/10/13,Sunderland,Man United,1,2,A,1,0,H,C Foy,6,13,15,13,4,4,2,4,0,0,2013-14
E0,06/10/13,Norwich,Chelsea,1,3,A,0,1,A,N Swarbrick,14,22,12,9,4,6,1,1,0,0,2013-14
E0,06/10/13,Southampton,Swansea,2,0,H,1,0,H,M Dean,12,17,13,8,7,4,3,1,0,0,2013-14
E0,06/10/13,Tottenham,West Ham,0,3,A,0,0,D,L Probert,14,16,5,9,6,7,0,0,0,0,2013-14
E0,06/10/13,West Brom,Arsenal,1,1,D,1,0,H,L Mason,12,14,6,11,6,2,1,2,0,0,2013-14
E0,19/10/13,Arsenal,Norwich,4,1,H,1,0,H,L Probert,20,12,8,7,10,1,0,0,0,0,2013-14
E0,19/10/13,Chelsea,Cardiff,4,1,H,1,1,D,A Taylor,20,13,12,5,6,9,1,2,0,0,2013-14
E0,19/10/13,Everton,Hull,2,1,H,1,1,D,N Swarbrick,14,9,7,17,5,7,3,1,0,0,2013-14
E0,19/10/13,Man United,Southampton,1,1,D,1,0,H,M Jones,12,18,10,19,4,4,2,3,0,0,2013-14
E0,19/10/13,Newcastle,Liverpool,2,2,D,1,1,D,A Marriner,14,23,8,10,3,13,2,3,1,0,2013-14
E0,19/10/13,Stoke,West Brom,0,0,D,0,0,D,H Webb,9,12,12,10,6,6,1,0,0,0,2013-14
E0,19/10/13,Swansea,Sunderland,4,0,H,0,0,D,C Pawson,14,6,12,13,7,2,1,2,0,0,2013-14
E0,19/10/13,West Ham,Man City,1,3,A,0,1,A,M Oliver,11,16,7,12,5,5,1,2,0,0,2013-14
E0,20/10/13,Aston Villa,Tottenham,0,2,A,0,1,A,P Dowd,15,13,13,12,4,7,3,4,0,0,2013-14
E0,21/10/13,Crystal Palace,Fulham,1,4,A,1,2,A,L Mason,14,9,10,13,5,7,0,1,0,0,2013-14
E0,26/10/13,Aston Villa,Everton,0,2,A,0,0,D,A Taylor,14,15,14,8,8,6,0,2,0,0,2013-14
E0,26/10/13,Crystal Palace,Arsenal,0,2,A,0,0,D,C Foy,13,10,12,8,4,3,0,0,0,1,2013-14
E0,26/10/13,Liverpool,West Brom,4,1,H,2,0,H,J Moss,18,15,14,11,3,9,0,2,0,0,2013-14
E0,26/10/13,Man United,Stoke,3,2,H,1,2,A,L Mason,19,10,8,18,12,2,2,6,0,0,2013-14
E0,26/10/13,Norwich,Cardiff,0,0,D,0,0,D,M Jones,31,6,8,10,13,2,1,1,0,0,2013-14
E0,26/10/13,Southampton,Fulham,2,0,H,2,0,H,A Marriner,20,1,12,8,10,3,0,2,0,0,2013-14
E0,27/10/13,Chelsea,Man City,2,1,H,1,0,H,H Webb,12,15,11,15,3,6,2,3,0,0,2013-14
E0,27/10/13,Sunderland,Newcastle,2,1,H,1,0,H,L Probert,8,16,13,14,5,3,1,1,0,0,2013-14
E0,27/10/13,Swansea,West Ham,0,0,D,0,0,D,P Dowd,10,15,12,14,9,6,1,3,0,0,2013-14
E0,27/10/13,Tottenham,Hull,1,0,H,0,0,D,M Oliver,15,10,13,10,6,4,3,3,0,0,2013-14
E0,02/11/13,Arsenal,Liverpool,2,0,H,1,0,H,M Atkinson,12,12,11,7,3,5,2,1,0,0,2013-14
E0,02/11/13,Fulham,Man United,1,3,A,0,3,A,L Probert,15,10,6,12,4,4,2,1,0,0,2013-14
E0,02/11/13,Hull,Sunderland,1,0,H,1,0,H,A Marriner,25,9,17,11,4,2,2,0,0,2,2013-14
E0,02/11/13,Man City,Norwich,7,0,H,4,0,H,P Dowd,27,7,6,9,10,3,1,1,0,0,2013-14
E0,02/11/13,Newcastle,Chelsea,2,0,H,0,0,D,L Mason,15,13,13,11,3,8,2,2,0,0,2013-14
E0,02/11/13,Stoke,Southampton,1,1,D,1,1,D,C Foy,9,10,13,13,5,5,3,1,0,0,2013-14
E0,02/11/13,West Brom,Crystal Palace,2,0,H,1,0,H,N Swarbrick,9,12,11,9,10,3,0,1,0,0,2013-14
E0,02/11/13,West Ham,Aston Villa,0,0,D,0,0,D,H Webb,17,8,8,15,5,1,0,2,0,0,2013-14
E0,03/11/13,Cardiff,Swansea,1,0,H,0,0,D,M Dean,9,10,11,7,6,3,1,1,0,1,2013-14
E0,03/11/13,Everton,Tottenham,0,0,D,0,0,D,K Friend,8,16,11,9,7,4,4,1,0,0,2013-14
E0,09/11/13,Aston Villa,Cardiff,2,0,H,0,0,D,M Atkinson,17,8,10,3,5,3,1,1,0,0,2013-14
E0,09/11/13,Chelsea,West Brom,2,2,D,1,0,H,L Probert,17,11,11,15,9,4,3,7,0,0,2013-14
E0,09/11/13,Crystal Palace,Everton,0,0,D,0,0,D,C Pawson,9,15,16,8,4,7,1,0,0,0,2013-14
E0,09/11/13,Liverpool,Fulham,4,0,H,3,0,H,M Jones,32,4,13,9,9,3,0,1,0,0,2013-14
E0,09/11/13,Norwich,West Ham,3,1,H,0,1,A,J Moss,15,12,12,11,4,2,1,1,0,0,2013-14
E0,09/11/13,Southampton,Hull,4,1,H,3,0,H,H Webb,15,10,10,15,6,5,1,2,0,0,2013-14
E0,10/11/13,Man United,Arsenal,1,0,H,1,0,H,M Oliver,5,10,12,11,5,6,2,3,0,0,2013-14
E0,10/11/13,Sunderland,Man City,1,0,H,1,0,H,M Dean,5,24,6,13,0,14,0,1,0,0,2013-14
E0,10/11/13,Swansea,Stoke,3,3,D,0,2,A,R Madley,17,6,12,15,14,3,5,3,0,0,2013-14
E0,10/11/13,Tottenham,Newcastle,0,1,A,0,1,A,C Foy,31,8,5,15,11,4,1,2,0,0,2013-14
E0,23/11/13,Arsenal,Southampton,2,0,H,1,0,H,M Clattenburg,9,10,10,14,5,6,0,3,0,0,2013-14
E0,23/11/13,Everton,Liverpool,3,3,D,1,2,A,P Dowd,18,11,16,15,6,7,4,3,0,0,2013-14
E0,23/11/13,Fulham,Swansea,1,2,A,0,0,D,A Marriner,9,21,11,9,8,8,3,1,0,0,2013-14
E0,23/11/13,Hull,Crystal Palace,0,1,A,0,0,D,A Taylor,15,9,8,11,11,4,2,1,0,1,2013-14
E0,23/11/13,Newcastle,Norwich,2,1,H,2,0,H,M Dean,21,10,8,7,6,5,0,1,0,0,2013-14
E0,23/11/13,Stoke,Sunderland,2,0,H,1,0,H,K Friend,17,11,11,5,3,7,2,1,0,1,2013-14
E0,23/11/13,West Ham,Chelsea,0,3,A,0,2,A,C Foy,8,20,12,10,8,4,0,0,0,0,2013-14
E0,24/11/13,Cardiff,Man United,2,2,D,1,2,A,N Swarbrick,14,16,15,14,2,8,4,2,0,0,2013-14
E0,24/11/13,Man City,Tottenham,6,0,H,3,0,H,M Atkinson,15,13,7,11,4,7,1,3,0,0,2013-14
E0,25/11/13,West Brom,Aston Villa,2,2,D,2,0,H,M Oliver,11,15,9,14,4,2,1,2,0,0,2013-14
E0,30/11/13,Aston Villa,Sunderland,0,0,D,0,0,D,N Swarbrick,13,7,14,12,7,6,2,1,0,0,2013-14
E0,30/11/13,Cardiff,Arsenal,0,3,A,0,1,A,L Mason,10,15,6,8,3,3,0,3,0,0,2013-14
E0,30/11/13,Everton,Stoke,4,0,H,1,0,H,M Jones,22,4,9,16,9,3,0,3,0,0,2013-14
E0,30/11/13,Newcastle,West Brom,2,1,H,1,0,H,P Dowd,14,14,15,15,3,3,1,2,0,0,2013-14
E0,30/11/13,Norwich,Crystal Palace,1,0,H,1,0,H,C Foy,10,13,12,14,5,4,1,2,0,0,2013-14
E0,30/11/13,West Ham,Fulham,3,0,H,0,0,D,M Atkinson,23,10,11,8,6,3,3,2,0,0,2013-14
E0,01/12/13,Chelsea,Southampton,3,1,H,0,1,A,M Oliver,16,9,15,14,8,4,1,4,0,0,2013-14
E0,01/12/13,Hull,Liverpool,3,1,H,1,1,D,H Webb,12,9,10,16,2,6,2,0,0,0,2013-14
E0,01/12/13,Man City,Swansea,3,0,H,1,0,H,M Clattenburg,22,9,7,8,5,4,1,0,0,0,2013-14
E0,01/12/13,Tottenham,Man United,2,2,D,1,1,D,M Dean,10,8,9,15,7,7,1,3,0,0,2013-14
E0,03/12/13,Crystal Palace,West Ham,1,0,H,1,0,H,L Mason,10,11,10,9,3,4,1,2,0,0,2013-14
E0,04/12/13,Arsenal,Hull,2,0,H,1,0,H,A Marriner,20,7,9,6,11,1,0,0,0,0,2013-14
E0,04/12/13,Fulham,Tottenham,1,2,A,0,0,D,M Clattenburg,16,18,7,16,9,7,2,1,0,0,2013-14
E0,04/12/13,Liverpool,Norwich,5,1,H,3,0,H,A Taylor,28,14,10,6,4,0,3,1,0,0,2013-14
E0,04/12/13,Man United,Everton,0,1,A,0,0,D,M Atkinson,18,15,12,12,7,4,2,0,0,0,2013-14
E0,04/12/13,Southampton,Aston Villa,2,3,A,0,1,A,J Moss,21,6,9,13,8,2,3,2,0,0,2013-14
E0,04/12/13,Stoke,Cardiff,0,0,D,0,0,D,M Oliver,17,14,11,12,2,5,2,2,0,0,2013-14
E0,04/12/13,Sunderland,Chelsea,3,4,A,1,2,A,P Dowd,12,19,15,14,6,5,4,3,0,0,2013-14
E0,04/12/13,Swansea,Newcastle,3,0,H,1,0,H,H Webb,13,14,4,8,5,1,0,2,0,0,2013-14
E0,04/12/13,West Brom,Man City,2,3,A,0,2,A,C Foy,12,15,8,10,3,3,1,1,0,0,2013-14
E0,07/12/13,Crystal Palace,Cardiff,2,0,H,1,0,H,M Jones,19,10,9,12,8,3,0,0,0,0,2013-14
E0,07/12/13,Liverpool,West Ham,4,1,H,1,0,H,M Oliver,32,8,9,12,8,4,0,3,0,1,2013-14
E0,07/12/13,Man United,Newcastle,0,1,A,0,0,D,A Marriner,8,9,11,18,4,4,0,2,0,0,2013-14
E0,07/12/13,Southampton,Man City,1,1,D,1,1,D,A Taylor,15,13,6,9,5,4,0,2,0,0,2013-14
E0,07/12/13,Stoke,Chelsea,3,2,H,1,1,D,J Moss,9,15,14,8,5,2,4,1,0,0,2013-14
E0,07/12/13,Sunderland,Tottenham,1,2,A,1,1,D,L Mason,11,22,14,9,4,10,2,0,0,0,2013-14
E0,07/12/13,West Brom,Norwich,0,2,A,0,1,A,M Clattenburg,26,8,10,6,10,3,1,3,0,0,2013-14
E0,08/12/13,Arsenal,Everton,1,1,D,0,0,D,H Webb,11,12,13,11,3,2,0,4,0,0,2013-14
E0,08/12/13,Fulham,Aston Villa,2,0,H,2,0,H,M Dean,22,10,12,13,4,7,0,2,0,0,2013-14
E0,09/12/13,Swansea,Hull,1,1,D,0,1,A,M Atkinson,11,9,8,7,12,1,3,3,0,0,2013-14
E0,14/12/13,Cardiff,West Brom,1,0,H,0,0,D,H Webb,11,12,16,12,8,6,2,1,0,0,2013-14
E0,14/12/13,Chelsea,Crystal Palace,2,1,H,2,1,H,M Clattenburg,16,10,13,7,3,1,2,1,0,0,2013-14
E0,14/12/13,Everton,Fulham,4,1,H,1,0,H,A Taylor,22,16,10,7,12,2,1,2,0,0,2013-14
E0,14/12/13,Hull,Stoke,0,0,D,0,0,D,M Dean,13,11,11,13,7,5,1,0,0,0,2013-14
E0,14/12/13,Man City,Arsenal,6,3,H,2,1,H,M Atkinson,22,12,12,6,8,8,2,1,0,0,2013-14
E0,14/12/13,Newcastle,Southampton,1,1,D,1,0,H,M Jones,16,8,10,16,11,3,1,2,0,0,2013-14
E0,14/12/13,West Ham,Sunderland,0,0,D,0,0,D,A Marriner,11,19,11,5,2,9,1,0,0,0,2013-14
E0,15/12/13,Aston Villa,Man United,0,3,A,0,2,A,C Foy,17,14,15,8,3,4,4,2,0,0,2013-14
E0,15/12/13,Norwich,Swansea,1,1,D,1,1,D,M Oliver,16,10,12,11,8,5,0,3,0,0,2013-14
E0,15/12/13,Tottenham,Liverpool,0,5,A,0,2,A,J Moss,9,21,17,15,2,9,3,0,1,0,2013-14
E0,21/12/13,Crystal Palace,Newcastle,0,3,A,0,2,A,N Swarbrick,9,13,11,14,3,7,1,2,0,0,2013-14
E0,21/12/13,Fulham,Man City,2,4,A,0,2,A,K Friend,12,17,7,15,4,4,1,1,0,0,2013-14
E0,21/12/13,Liverpool,Cardiff,3,1,H,3,0,H,L Probert,27,10,11,13,9,5,2,0,0,0,2013-14
E0,21/12/13,Man United,West Ham,3,1,H,2,0,H,M Jones,21,4,7,16,8,2,1,4,0,0,2013-14
E0,21/12/13,Stoke,Aston Villa,2,1,H,0,0,D,C Pawson,12,14,13,17,6,7,1,5,0,0,2013-14
E0,21/12/13,Sunderland,Norwich,0,0,D,0,0,D,M Atkinson,18,14,13,10,6,7,2,1,1,0,2013-14
E0,21/12/13,West Brom,Hull,1,1,D,0,1,A,J Moss,14,6,8,15,9,2,2,1,0,0,2013-14
E0,22/12/13,Southampton,Tottenham,2,3,A,1,1,D,C Foy,12,13,10,18,2,5,1,1,0,0,2013-14
E0,22/12/13,Swansea,Everton,1,2,A,0,0,D,L Mason,13,14,11,10,4,8,1,0,0,0,2013-14
E0,23/12/13,Arsenal,Chelsea,0,0,D,0,0,D,M Dean,7,13,7,11,8,6,2,1,0,0,2013-14
E0,26/12/13,Aston Villa,Crystal Palace,0,1,A,0,0,D,H Webb,10,12,11,8,7,5,2,2,0,0,2013-14
E0,26/12/13,Cardiff,Southampton,0,3,A,0,3,A,A Marriner,9,11,11,13,6,3,1,2,0,0,2013-14
E0,26/12/13,Chelsea,Swansea,1,0,H,1,0,H,M Jones,19,8,14,9,13,7,1,0,0,0,2013-14
E0,26/12/13,Everton,Sunderland,0,1,A,0,1,A,L Probert,26,13,11,7,11,2,1,0,1,0,2013-14
E0,26/12/13,Hull,Man United,2,3,A,2,2,D,M Oliver,17,13,12,14,6,5,2,2,0,1,2013-14
E0,26/12/13,Man City,Liverpool,2,1,H,2,1,H,L Mason,20,12,10,9,7,6,1,3,0,0,2013-14
E0,26/12/13,Newcastle,Stoke,5,1,H,1,1,D,M Atkinson,27,11,10,8,8,2,1,1,0,2,2013-14
E0,26/12/13,Norwich,Fulham,1,2,A,1,1,D,J Moss,12,15,14,10,5,4,3,0,0,0,2013-14
E0,26/12/13,Tottenham,West Brom,1,1,D,1,1,D,A Taylor,20,7,8,12,12,2,3,2,0,0,2013-14
E0,26/12/13,West Ham,Arsenal,1,3,A,0,0,D,P Dowd,12,29,11,6,0,10,1,1,0,0,2013-14
E0,28/12/13,Aston Villa,Swansea,1,1,D,1,1,D,R East,7,17,13,9,2,8,3,2,0,0,2013-14
E0,28/12/13,Cardiff,Sunderland,2,2,D,1,0,H,C Foy,16,21,14,10,6,6,3,2,0,0,2013-14
E0,28/12/13,Hull,Fulham,6,0,H,0,0,D,R Madley,21,5,11,9,6,1,0,0,0,0,2013-14
E0,28/12/13,Man City,Crystal Palace,1,0,H,0,0,D,A Marriner,23,9,12,7,12,5,1,1,0,0,2013-14
E0,28/12/13,Norwich,Man United,0,1,A,0,0,D,P Dowd,15,7,11,10,8,3,4,3,0,0,2013-14
E0,28/12/13,West Ham,West Brom,3,3,D,1,2,A,M Dean,16,22,10,13,6,5,3,2,0,0,2013-14
E0,29/12/13,Chelsea,Liverpool,2,1,H,2,1,H,H Webb,11,8,17,17,4,2,4,1,0,0,2013-14
E0,29/12/13,Everton,Southampton,2,1,H,1,0,H,M Clattenburg,9,12,9,14,2,3,2,4,0,0,2013-14
E0,29/12/13,Newcastle,Arsenal,0,1,A,0,0,D,L Probert,11,11,10,8,4,1,0,3,0,0,2013-14
E0,29/12/13,Tottenham,Stoke,3,0,H,1,0,H,K Friend,20,2,6,14,6,1,2,2,0,0,2013-14
E0,01/01/14,Arsenal,Cardiff,2,0,H,0,0,D,J Moss,28,8,6,11,12,2,1,2,0,0,2013-14
E0,01/01/14,Crystal Palace,Norwich,1,1,D,1,1,D,M Dean,13,8,12,10,9,4,2,1,0,1,2013-14
E0,01/01/14,Fulham,West Ham,2,1,H,1,1,D,M Clattenburg,30,11,6,5,12,4,2,1,0,1,2013-14
E0,01/01/14,Liverpool,Hull,2,0,H,1,0,H,C Pawson,17,10,15,15,3,4,1,2,0,0,2013-14
E0,01/01/14,Man United,Tottenham,1,2,A,0,1,A,H Webb,16,9,7,7,13,2,2,1,0,0,2013-14
E0,01/01/14,Southampton,Chelsea,0,3,A,0,0,D,M Atkinson,12,11,13,10,6,8,4,1,0,0,2013-14
E0,01/01/14,Stoke,Everton,1,1,D,0,0,D,A Marriner,10,16,16,11,2,5,4,1,0,0,2013-14
E0,01/01/14,Sunderland,Aston Villa,0,1,A,0,1,A,M Jones,17,13,8,11,10,2,4,3,0,0,2013-14
E0,01/01/14,Swansea,Man City,2,3,A,1,1,D,P Dowd,15,14,5,10,8,6,2,5,0,0,2013-14
E0,01/01/14,West Brom,Newcastle,1,0,H,0,0,D,L Mason,13,9,7,15,3,4,0,0,0,1,2013-14
E0,11/01/14,Cardiff,West Ham,0,2,A,0,1,A,L Mason,19,10,7,16,8,7,1,3,0,1,2013-14
E0,11/01/14,Everton,Norwich,2,0,H,1,0,H,K Friend,23,12,7,14,10,5,1,2,0,0,2013-14
E0,11/01/14,Fulham,Sunderland,1,4,A,0,2,A,M Dean,17,10,15,13,10,6,3,3,0,0,2013-14
E0,11/01/14,Hull,Chelsea,0,2,A,0,0,D,M Clattenburg,10,14,12,7,1,7,2,1,0,0,2013-14
E0,11/01/14,Man United,Swansea,2,0,H,0,0,D,C Foy,16,13,9,10,3,5,0,2,0,0,2013-14
E0,11/01/14,Southampton,West Brom,1,0,H,0,0,D,H Webb,18,4,11,17,4,4,1,2,0,0,2013-14
E0,11/01/14,Tottenham,Crystal Palace,2,0,H,0,0,D,M Oliver,10,14,12,12,5,11,1,2,0,0,2013-14
E0,12/01/14,Newcastle,Man City,0,2,A,0,1,A,M Jones,13,14,18,15,5,6,4,2,0,0,2013-14
E0,12/01/14,Stoke,Liverpool,3,5,A,2,2,D,A Taylor,13,13,10,8,11,2,1,1,0,0,2013-14
E0,13/01/14,Aston Villa,Arsenal,1,2,A,0,2,A,N Swarbrick,11,8,12,9,3,5,2,2,0,0,2013-14
E0,18/01/14,Arsenal,Fulham,2,0,H,0,0,D,L Probert,22,8,5,7,4,4,0,0,0,0,2013-14
E0,18/01/14,Crystal Palace,Stoke,1,0,H,0,0,D,M Clattenburg,12,17,9,13,4,3,0,2,0,0,2013-14
E0,18/01/14,Liverpool,Aston Villa,2,2,D,1,2,A,J Moss,14,12,14,18,2,3,1,4,0,0,2013-14
E0,18/01/14,Man City,Cardiff,4,2,H,2,1,H,N Swarbrick,24,7,6,5,10,7,2,0,0,0,2013-14
E0,18/01/14,Norwich,Hull,1,0,H,0,0,D,H Webb,25,10,8,16,10,8,1,2,0,1,2013-14
E0,18/01/14,Sunderland,Southampton,2,2,D,1,2,A,C Foy,10,17,8,8,4,7,2,0,0,0,2013-14
E0,18/01/14,West Ham,Newcastle,1,3,A,1,2,A,A Marriner,11,19,9,6,4,3,0,0,0,0,2013-14
E0,19/01/14,Chelsea,Man United,3,1,H,2,0,H,P Dowd,13,10,15,21,5,4,1,3,0,1,2013-14
E0,19/01/14,Swansea,Tottenham,1,3,A,0,1,A,M Atkinson,13,11,6,9,8,2,2,1,0,0,2013-14
E0,20/01/14,West Brom,Everton,1,1,D,0,1,A,M Oliver,14,13,16,12,4,2,3,2,0,0,2013-14
E0,28/01/14,Crystal Palace,Hull,1,0,H,1,0,H,R East,13,13,14,8,8,3,4,0,0,1,2013-14
E0,28/01/14,Liverpool,Everton,4,0,H,3,0,H,M Atkinson,20,18,11,13,5,8,0,3,0,0,2013-14
E0,28/01/14,Man United,Cardiff,2,0,H,1,0,H,C Pawson,17,7,9,9,5,5,0,1,0,0,2013-14
E0,28/01/14,Norwich,Newcastle,0,0,D,0,0,D,C Foy,9,22,13,7,7,7,1,1,1,1,2013-14
E0,28/01/14,Southampton,Arsenal,2,2,D,1,0,H,L Mason,13,7,11,4,7,5,1,1,0,1,2013-14
E0,28/01/14,Swansea,Fulham,2,0,H,0,0,D,M Oliver,14,15,14,9,5,8,1,1,0,0,2013-14
E0,29/01/14,Aston Villa,West Brom,4,3,H,3,3,D,M Clattenburg,10,12,15,10,3,3,1,3,0,0,2013-14
E0,29/01/14,Chelsea,West Ham,0,0,D,0,0,D,N Swarbrick,39,1,12,11,13,3,1,3,0,0,2013-14
E0,29/01/14,Sunderland,Stoke,1,0,H,1,0,H,R Madley,16,14,16,15,2,3,2,2,0,1,2013-14
E0,29/01/14,Tottenham,Man City,1,5,A,0,1,A,A Marriner,4,24,11,10,3,5,1,4,1,0,2013-14
E0,01/02/14,Cardiff,Norwich,2,1,H,0,1,A,M Clattenburg,14,27,8,9,7,14,1,4,0,0,2013-14
E0,01/02/14,Everton,Aston Villa,2,1,H,0,1,A,R Madley,13,4,4,18,13,1,1,0,0,0,2013-14
E0,01/02/14,Fulham,Southampton,0,3,A,0,0,D,M Jones,8,17,10,9,4,5,0,3,0,0,2013-14
E0,01/02/14,Hull,Tottenham,1,1,D,1,0,H,A Taylor,9,19,13,9,4,10,1,1,0,0,2013-14
E0,01/02/14,Newcastle,Sunderland,0,3,A,0,2,A,P Dowd,28,16,18,13,7,3,2,2,0,0,2013-14
E0,01/02/14,Stoke,Man United,2,1,H,1,0,H,N Swarbrick,13,19,18,7,7,10,2,2,0,0,2013-14
E0,01/02/14,West Ham,Swansea,2,0,H,2,0,H,H Webb,11,20,7,7,8,11,1,0,1,0,2013-14
E0,02/02/14,Arsenal,Crystal Palace,2,0,H,0,0,D,J Moss,11,10,9,14,6,5,1,2,0,0,2013-14
E0,02/02/14,West Brom,Liverpool,1,1,D,0,1,A,K Friend,12,12,13,15,3,4,4,2,0,0,2013-14
E0,03/02/14,Man City,Chelsea,0,1,A,0,1,A,M Dean,25,18,11,13,12,6,3,3,0,0,2013-14
E0,08/02/14,Aston Villa,West Ham,0,2,A,0,0,D,M Dean,16,10,9,8,8,10,0,2,0,0,2013-14
E0,08/02/14,Chelsea,Newcastle,3,0,H,2,0,H,H Webb,18,12,7,10,6,5,0,3,0,0,2013-14
E0,08/02/14,Crystal Palace,West Brom,3,1,H,2,0,H,C Foy,10,16,13,13,4,7,0,3,0,0,2013-14
E0,08/02/14,Liverpool,Arsenal,5,1,H,4,0,H,M Oliver,22,11,14,14,6,6,1,2,0,0,2013-14
E0,08/02/14,Norwich,Man City,0,0,D,0,0,D,J Moss,7,15,7,6,4,14,2,1,0,0,2013-14
E0,08/02/14,Southampton,Stoke,2,2,D,2,2,D,C Pawson,17,5,7,14,7,4,0,4,0,0,2013-14
E0,08/02/14,Sunderland,Hull,0,2,A,0,1,A,M Jones,7,25,12,16,2,6,1,3,1,0,2013-14
E0,08/02/14,Swansea,Cardiff,3,0,H,0,0,D,A Marriner,17,7,7,8,5,1,1,1,0,0,2013-14
E0,09/02/14,Man United,Fulham,2,2,D,0,1,A,K Friend,31,6,3,6,10,1,0,0,0,0,2013-14
E0,09/02/14,Tottenham,Everton,1,0,H,0,0,D,M Clattenburg,8,11,9,13,9,7,1,0,0,0,2013-14
E0,11/02/14,Cardiff,Aston Villa,0,0,D,0,0,D,C Foy,12,18,5,9,7,9,0,0,0,0,2013-14
E0,11/02/14,Hull,Southampton,0,1,A,0,0,D,M Atkinson,12,16,6,8,2,2,0,3,0,0,2013-14
E0,11/02/14,West Brom,Chelsea,1,1,D,0,1,A,A Taylor,12,15,9,13,5,8,3,4,0,0,2013-14
E0,11/02/14,West Ham,Norwich,2,0,H,0,0,D,M Oliver,12,13,12,16,5,5,1,3,0,0,2013-14
E0,12/02/14,Arsenal,Man United,0,0,D,0,0,D,M Clattenburg,17,6,10,14,5,5,1,2,0,0,2013-14
E0,12/02/14,Fulham,Liverpool,2,3,A,1,1,D,P Dowd,10,21,7,9,7,5,4,3,0,0,2013-14
E0,12/02/14,Newcastle,Tottenham,0,4,A,0,1,A,N Swarbrick,13,15,6,11,8,6,0,0,0,0,2013-14
E0,12/02/14,Stoke,Swansea,1,1,D,1,0,H,J Moss,7,13,11,12,2,5,2,2,0,0,2013-14
E0,22/02/14,Arsenal,Sunderland,4,1,H,3,0,H,A Marriner,12,7,10,11,7,3,0,1,0,0,2013-14
E0,22/02/14,Cardiff,Hull,0,4,A,0,2,A,H Webb,23,12,4,11,9,2,1,1,0,0,2013-14
E0,22/02/14,Chelsea,Everton,1,0,H,0,0,D,L Probert,25,8,15,12,8,8,1,2,0,0,2013-14
E0,22/02/14,Crystal Palace,Man United,0,2,A,0,0,D,M Oliver,15,14,12,10,6,4,0,2,0,0,2013-14
E0,22/02/14,Man City,Stoke,1,0,H,0,0,D,C Foy,19,7,16,13,8,3,3,1,0,0,2013-14
E0,22/02/14,West Brom,Fulham,1,1,D,0,1,A,M Dean,16,7,13,15,8,2,3,3,0,0,2013-14
E0,22/02/14,West Ham,Southampton,3,1,H,2,1,H,M Clattenburg,10,25,10,8,5,11,0,1,0,0,2013-14
E0,23/02/14,Liverpool,Swansea,4,3,H,3,2,H,M Jones,21,14,9,11,3,5,1,0,0,0,2013-14
E0,23/02/14,Newcastle,Aston Villa,1,0,H,0,0,D,M Atkinson,23,10,12,10,10,1,2,2,0,0,2013-14
E0,23/02/14,Norwich,Tottenham,1,0,H,0,0,D,C Pawson,13,9,8,15,5,3,1,3,0,0,2013-14
E0,01/03/14,Everton,West Ham,1,0,H,0,0,D,J Moss,22,6,9,8,11,5,1,1,0,0,2013-14
E0,01/03/14,Fulham,Chelsea,1,3,A,0,0,D,M Clattenburg,7,17,14,13,5,4,2,1,0,0,2013-14
E0,01/03/14,Hull,Newcastle,1,4,A,0,2,A,K Friend,13,17,13,10,6,3,3,2,0,0,2013-14
E0,01/03/14,Southampton,Liverpool,0,3,A,0,1,A,L Probert,13,12,10,6,3,6,1,2,0,0,2013-14
E0,01/03/14,Stoke,Arsenal,1,0,H,0,0,D,M Jones,8,10,13,11,3,4,3,1,0,0,2013-14
E0,02/03/14,Aston Villa,Norwich,4,1,H,4,1,H,A Taylor,10,7,12,10,6,2,0,3,0,0,2013-14
E0,02/03/14,Swansea,Crystal Palace,1,1,D,1,0,H,M Dean,7,7,8,11,1,4,1,4,1,0,2013-14
E0,02/03/14,Tottenham,Cardiff,1,0,H,1,0,H,P Dowd,15,8,11,12,4,7,1,3,0,0,2013-14
E0,08/03/14,Cardiff,Fulham,3,1,H,1,0,H,M Atkinson,19,14,9,12,7,6,1,0,0,0,2013-14
E0,08/03/14,Chelsea,Tottenham,4,0,H,0,0,D,M Oliver,12,6,11,18,5,4,2,3,0,1,2013-14
E0,08/03/14,Crystal Palace,Southampton,0,1,A,0,1,A,H Webb,6,11,14,18,8,3,1,5,0,0,2013-14
E0,08/03/14,Norwich,Stoke,1,1,D,0,0,D,A Marriner,13,6,9,12,3,1,0,2,0,1,2013-14
E0,08/03/14,West Brom,Man United,0,3,A,0,1,A,J Moss,14,14,11,10,3,5,1,2,0,0,2013-14
E0,15/03/14,Aston Villa,Chelsea,1,0,H,0,0,D,C Foy,13,15,14,8,4,5,4,0,0,2,2013-14
E0,15/03/14,Everton,Cardiff,2,1,H,0,0,D,R East,19,10,10,10,10,5,1,3,0,0,2013-14
E0,15/03/14,Fulham,Newcastle,1,0,H,0,0,D,H Webb,12,12,11,6,9,7,1,0,0,0,2013-14
E0,15/03/14,Hull,Man City,0,2,A,0,1,A,L Mason,15,8,9,14,3,4,2,2,0,1,2013-14
E0,15/03/14,Southampton,Norwich,4,2,H,1,0,H,K Friend,16,6,11,17,6,1,1,2,0,0,2013-14
E0,15/03/14,Stoke,West Ham,3,1,H,1,1,D,C Pawson,17,8,13,13,6,4,1,1,0,0,2013-14
E0,15/03/14,Sunderland,Crystal Palace,0,0,D,0,0,D,N Swarbrick,19,12,16,14,6,2,4,4,0,0,2013-14
E0,15/03/14,Swansea,West Brom,1,2,A,1,0,H,M Atkinson,15,13,7,13,4,1,1,3,0,0,2013-14
E0,16/03/14,Man United,Liverpool,0,3,A,0,1,A,M Clattenburg,13,17,13,12,3,4,1,4,1,0,2013-14
E0,16/03/14,Tottenham,Arsenal,0,1,A,0,1,A,M Dean,17,7,18,11,5,2,5,3,0,0,2013-14
E0,22/03/14,Cardiff,Liverpool,3,6,A,2,2,D,N Swarbrick,9,19,14,11,4,6,2,3,0,0,2013-14
E0,22/03/14,Chelsea,Arsenal,6,0,H,4,0,H,A Marriner,21,12,14,8,7,1,0,1,0,1,2013-14
E0,22/03/14,Everton,Swansea,3,2,H,1,1,D,M Oliver,9,21,9,6,5,12,0,0,0,0,2013-14
E0,22/03/14,Hull,West Brom,2,0,H,2,0,H,C Foy,12,17,18,13,4,5,2,0,0,0,2013-14
E0,22/03/14,Man City,Fulham,5,0,H,1,0,H,J Moss,22,6,8,15,13,2,0,3,0,1,2013-14
E0,22/03/14,Newcastle,Crystal Palace,1,0,H,0,0,D,L Probert,21,8,4,8,9,5,0,1,0,0,2013-14
E0,22/03/14,Norwich,Sunderland,2,0,H,2,0,H,P Dowd,14,10,16,20,8,5,2,4,0,1,2013-14
E0,22/03/14,West Ham,Man United,0,2,A,0,2,A,L Mason,10,16,8,8,12,7,2,1,0,0,2013-14
E0,23/03/14,Aston Villa,Stoke,1,4,A,1,3,A,M Clattenburg,12,10,16,10,5,3,5,1,0,0,2013-14
E0,23/03/14,Tottenham,Southampton,3,2,H,1,2,A,A Taylor,15,12,9,9,7,3,1,2,0,0,2013-14
E0,25/03/14,Arsenal,Swansea,2,2,D,0,1,A,L Probert,13,8,11,12,7,0,0,1,0,0,2013-14
E0,25/03/14,Man United,Man City,0,3,A,0,1,A,M Oliver,10,13,12,8,5,8,2,2,0,0,2013-14
E0,25/03/14,Newcastle,Everton,0,3,A,0,1,A,L Mason,16,8,8,10,9,8,0,1,0,0,2013-14
E0,26/03/14,Liverpool,Sunderland,2,1,H,1,0,H,K Friend,21,12,5,15,3,4,0,2,0,0,2013-14
E0,26/03/14,West Ham,Hull,2,1,H,1,0,H,M Dean,9,10,12,9,4,5,0,1,0,1,2013-14
E0,29/03/14,Arsenal,Man City,1,1,D,0,1,A,M Dean,10,15,8,11,6,6,1,4,0,0,2013-14
E0,29/03/14,Crystal Palace,Chelsea,1,0,H,0,0,D,L Mason,14,21,10,4,2,13,4,1,0,0,2013-14
E0,29/03/14,Man United,Aston Villa,4,1,H,2,1,H,M Atkinson,9,10,10,16,0,5,2,4,0,0,2013-14
E0,29/03/14,Southampton,Newcastle,4,0,H,1,0,H,A Marriner,23,5,5,6,7,5,0,1,0,0,2013-14
E0,29/03/14,Stoke,Hull,1,0,H,0,0,D,N Swarbrick,15,5,9,9,8,1,2,0,0,0,2013-14
E0,29/03/14,Swansea,Norwich,3,0,H,2,0,H,J Moss,16,8,15,9,7,4,1,2,0,0,2013-14
E0,29/03/14,West Brom,Cardiff,3,3,D,2,1,H,M Oliver,16,11,12,13,4,1,1,1,0,0,2013-14
E0,30/03/14,Fulham,Everton,1,3,A,0,0,D,A Taylor,23,14,7,4,5,6,1,2,0,0,2013-14
E0,30/03/14,Liverpool,Tottenham,4,0,H,2,0,H,P Dowd,11,15,9,9,5,7,0,2,0,0,2013-14
E0,31/03/14,Sunderland,West Ham,1,2,A,0,1,A,H Webb,26,11,11,14,8,3,2,4,0,0,2013-14
E0,05/04/14,Aston Villa,Fulham,1,2,A,0,0,D,M Oliver,12,16,10,13,2,7,3,2,0,0,2013-14
E0,05/04/14,Cardiff,Crystal Palace,0,3,A,0,1,A,P Dowd,13,13,5,13,10,3,2,4,0,0,2013-14
E0,05/04/14,Chelsea,Stoke,3,0,H,1,0,H,L Probert,18,4,8,18,7,3,0,0,0,0,2013-14
E0,05/04/14,Hull,Swansea,1,0,H,1,0,H,H Webb,8,12,6,18,7,2,0,2,0,0,2013-14
E0,05/04/14,Man City,Southampton,4,1,H,3,1,H,C Foy,15,5,9,15,5,9,3,0,0,0,2013-14
E0,05/04/14,Newcastle,Man United,0,4,A,0,1,A,K Friend,14,8,16,6,4,5,1,0,0,0,2013-14
E0,05/04/14,Norwich,West Brom,0,1,A,0,1,A,M Clattenburg,12,8,10,11,7,3,1,0,0,0,2013-14
E0,06/04/14,Everton,Arsenal,3,0,H,2,0,H,M Atkinson,14,15,6,5,3,6,1,2,0,0,2013-14
E0,06/04/14,West Ham,Liverpool,1,2,A,1,1,D,A Taylor,11,17,10,9,4,4,4,0,0,0,2013-14
E0,07/04/14,Tottenham,Sunderland,5,1,H,1,1,D,L Mason,29,8,12,8,8,2,0,2,0,0,2013-14
E0,12/04/14,Crystal Palace,Aston Villa,1,0,H,0,0,D,H Webb,14,7,7,12,2,4,0,2,0,0,2013-14
E0,12/04/14,Fulham,Norwich,1,0,H,1,0,H,M Dean,14,13,10,12,8,8,1,3,0,0,2013-14
E0,12/04/14,Southampton,Cardiff,0,1,A,0,0,D,J Moss,19,6,9,7,5,5,0,0,0,0,2013-14
E0,12/04/14,Stoke,Newcastle,1,0,H,1,0,H,M Jones,10,13,12,11,4,5,1,1,0,0,2013-14
E0,12/04/14,Sunderland,Everton,0,1,A,0,0,D,L Probert,24,20,17,15,6,6,3,1,0,0,2013-14
E0,12/04/14,West Brom,Tottenham,3,3,D,3,1,H,N Swarbrick,6,20,11,8,2,2,4,2,0,0,2013-14
E0,13/04/14,Liverpool,Man City,3,2,H,2,0,H,M Clattenburg,10,13,7,9,7,7,1,3,1,0,2013-14
E0,13/04/14,Swansea,Chelsea,0,1,A,0,0,D,P Dowd,7,26,8,13,5,12,0,2,1,0,2013-14
E0,15/04/14,Arsenal,West Ham,3,1,H,1,1,D,K Friend,14,12,14,12,4,3,2,2,0,0,2013-14
E0,16/04/14,Everton,Crystal Palace,2,3,A,0,1,A,A Marriner,17,7,6,10,13,3,1,2,0,0,2013-14
E0,16/04/14,Man City,Sunderland,2,2,D,1,0,H,M Atkinson,16,11,14,10,3,6,1,2,0,0,2013-14
E0,19/04/14,Aston Villa,Southampton,0,0,D,0,0,D,L Mason,6,3,11,11,5,3,0,2,0,0,2013-14
E0,19/04/14,Cardiff,Stoke,1,1,D,0,1,A,H Webb,13,14,6,12,12,7,2,3,0,0,2013-14
E0,19/04/14,Chelsea,Sunderland,1,2,A,1,1,D,M Dean,31,7,11,14,10,4,1,2,0,0,2013-14
E0,19/04/14,Newcastle,Swansea,1,2,A,1,1,D,C Foy,14,10,6,9,2,8,2,0,0,0,2013-14
E0,19/04/14,Tottenham,Fulham,3,1,H,1,1,D,L Probert,14,11,8,11,4,5,0,1,0,0,2013-14
E0,19/04/14,West Ham,Crystal Palace,0,1,A,0,0,D,M Atkinson,13,11,7,16,3,11,1,1,0,0,2013-14
E0,20/04/14,Everton,Man United,2,0,H,2,0,H,M Clattenburg,17,9,9,8,6,5,2,2,0,0,2013-14
E0,20/04/14,Hull,Arsenal,0,3,A,0,2,A,J Moss,13,12,10,7,7,0,1,1,0,0,2013-14
E0,20/04/14,Norwich,Liverpool,2,3,A,0,2,A,A Marriner,13,14,16,10,8,3,3,2,0,0,2013-14
E0,21/04/14,Man City,West Brom,3,1,H,3,1,H,P Dowd,19,10,9,7,8,2,1,1,0,0,2013-14
E0,26/04/14,Fulham,Hull,2,2,D,0,0,D,L Mason,10,8,8,7,7,2,1,3,0,0,2013-14
E0,26/04/14,Man United,Norwich,4,0,H,1,0,H,L Probert,25,9,13,9,5,3,1,1,0,0,2013-14
E0,26/04/14,Southampton,Everton,2,0,H,2,0,H,M Oliver,14,9,13,12,4,7,0,2,0,0,2013-14
E0,26/04/14,Stoke,Tottenham,0,1,A,0,1,A,A Marriner,17,16,11,6,4,3,1,2,1,0,2013-14
E0,26/04/14,Swansea,Aston Villa,4,1,H,2,1,H,M Clattenburg,11,11,9,12,9,6,1,3,0,0,2013-14
E0,26/04/14,West Brom,West Ham,1,0,H,1,0,H,M Dean,19,9,14,8,7,6,0,1,0,0,2013-14
E0,27/04/14,Crystal Palace,Man City,0,2,A,0,2,A,H Webb,3,16,9,10,4,8,3,1,0,0,2013-14
E0,27/04/14,Liverpool,Chelsea,0,2,A,0,1,A,M Atkinson,26,11,9,7,14,3,0,4,0,0,2013-14
E0,27/04/14,Sunderland,Cardiff,4,0,H,2,0,H,P Dowd,21,6,10,11,11,5,5,3,0,1,2013-14
E0,28/04/14,Arsenal,Newcastle,3,0,H,2,0,H,N Swarbrick,20,8,9,8,14,0,3,2,0,0,2013-14
E0,03/05/14,Aston Villa,Hull,3,1,H,3,1,H,M Dean,15,7,14,9,8,5,0,0,0,0,2013-14
E0,03/05/14,Man United,Sunderland,0,1,A,0,1,A,H Webb,17,8,11,12,8,0,2,1,0,0,2013-14
E0,03/05/14,Newcastle,Cardiff,3,0,H,1,0,H,M Atkinson,22,16,9,6,10,6,1,0,0,0,2013-14
E0,03/05/14,Stoke,Fulham,4,1,H,1,0,H,C Foy,23,10,9,13,3,5,0,2,0,0,2013-14
E0,03/05/14,Swansea,Southampton,0,1,A,0,0,D,A Taylor,12,18,11,5,3,5,1,1,0,0,2013-14
E0,03/05/14,West Ham,Tottenham,2,0,H,2,0,H,P Dowd,20,12,10,16,10,6,0,4,0,1,2013-14
E0,03/05/14,Everton,Man City,2,3,A,1,2,A,L Probert,9,18,3,9,4,3,0,3,0,0,2013-14
E0,04/05/14,Arsenal,West Brom,1,0,H,1,0,H,M Jones,15,11,9,6,9,10,2,2,0,0,2013-14
E0,04/05/14,Chelsea,Norwich,0,0,D,0,0,D,N Swarbrick,23,6,9,17,5,2,1,3,0,0,2013-14
E0,05/05/14,Crystal Palace,Liverpool,3,3,D,0,1,A,M Clattenburg,10,26,7,12,7,7,2,3,0,0,2013-14
E0,06/05/14,Man United,Hull,3,1,H,1,0,H,C Pawson,18,2,13,9,8,0,1,1,0,0,2013-14
E0,07/05/14,Man City,Aston Villa,4,0,H,0,0,D,M Oliver,18,5,8,9,7,2,1,2,0,0,2013-14
E0,07/05/14,Sunderland,West Brom,2,0,H,2,0,H,L Mason,10,13,14,12,5,0,0,0,0,0,2013-14
E0,11/05/14,Cardiff,Chelsea,1,2,A,1,0,H,M Oliver,10,28,7,9,3,8,1,2,0,0,2013-14
E0,11/05/14,Fulham,Crystal Palace,2,2,D,0,1,A,K Friend,15,15,11,15,6,4,3,1,0,0,2013-14
E0,11/05/14,Hull,Everton,0,2,A,0,1,A,H Webb,12,11,8,8,6,4,0,1,0,0,2013-14
E0,11/05/14,Liverpool,Newcastle,2,1,H,0,1,A,P Dowd,13,8,8,16,6,2,1,3,0,2,2013-14
E0,11/05/14,Man City,West Ham,2,0,H,1,0,H,M Atkinson,28,3,7,9,12,1,2,2,0,0,2013-14
E0,11/05/14,Norwich,Arsenal,0,2,A,0,0,D,L Mason,11,14,6,5,4,4,1,0,0,0,2013-14
E0,11/05/14,Southampton,Man United,1,1,D,1,0,H,M Dean,15,8,16,5,6,2,3,2,0,0,2013-14
E0,11/05/14,Sunderland,Swansea,1,3,A,0,2,A,C Foy,20,8,14,15,6,3,2,3,0,0,2013-14
E0,11/05/14,Tottenham,Aston Villa,3,0,H,3,0,H,J Moss,12,4,11,11,5,1,1,0,0,0,2013-14
E0,11/05/14,West Brom,Stoke,1,2,A,0,1,A,L Probert,17,15,4,7,11,6,0,0,0,0,2013-14
E0,16/08/14,Arsenal,Crystal Palace,2,1,H,1,1,D,J Moss,14,4,13,19,9,3,2,2,0,1,2014-15
E0,16/08/14,Leicester,Everton,2,2,D,1,2,A,M Jones,11,13,16,10,3,6,1,1,0,0,2014-15
E0,16/08/14,Man United,Swansea,1,2,A,0,1,A,M Dean,14,5,14,20,4,0,2,4,0,0,2014-15
E0,16/08/14,QPR,Hull,0,1,A,0,0,D,C Pawson,19,11,10,10,8,9,1,2,0,0,2014-15
E0,16/08/14,Stoke,Aston Villa,0,1,A,0,0,D,A Taylor,12,7,14,9,2,8,0,3,0,0,2014-15
E0,16/08/14,West Brom,Sunderland,2,2,D,1,1,D,N Swarbrick,10,7,18,9,6,3,3,1,0,0,2014-15
E0,16/08/14,West Ham,Tottenham,0,1,A,0,0,D,C Foy,18,10,12,10,8,5,1,0,1,1,2014-15
E0,17/08/14,Liverpool,Southampton,2,1,H,1,0,H,M Clattenburg,12,12,8,11,2,6,1,2,0,0,2014-15
E0,17/08/14,Newcastle,Man City,0,2,A,0,1,A,M Atkinson,12,13,8,11,3,3,1,5,0,0,2014-15
E0,18/08/14,Burnley,Chelsea,1,3,A,1,3,A,M Oliver,9,11,6,7,4,3,1,1,0,0,2014-15
E0,23/08/14,Aston Villa,Newcastle,0,0,D,0,0,D,M Dean,9,11,11,8,7,7,4,0,0,1,2014-15
E0,23/08/14,Chelsea,Leicester,2,0,H,0,0,D,L Mason,27,6,11,11,8,7,0,1,0,0,2014-15
E0,23/08/14,Crystal Palace,West Ham,1,3,A,0,2,A,M Clattenburg,9,17,14,11,6,9,1,3,0,0,2014-15
E0,23/08/14,Everton,Arsenal,2,2,D,2,0,H,K Friend,8,13,10,18,3,3,1,4,0,0,2014-15
E0,23/08/14,Southampton,West Brom,0,0,D,0,0,D,R East,8,8,14,15,1,5,1,2,0,0,2014-15
E0,23/08/14,Swansea,Burnley,1,0,H,1,0,H,C Pawson,10,12,14,13,2,3,2,1,0,0,2014-15
E0,24/08/14,Hull,Stoke,1,1,D,1,0,H,J Moss,9,19,10,10,4,5,1,3,1,0,2014-15
E0,24/08/14,Sunderland,Man United,1,1,D,1,1,D,M Atkinson,11,10,10,15,4,4,0,2,0,0,2014-15
E0,24/08/14,Tottenham,QPR,4,0,H,3,0,H,A Taylor,18,9,12,6,7,6,0,1,0,0,2014-15
E0,25/08/14,Man City,Liverpool,3,1,H,1,0,H,M Oliver,9,11,13,7,6,7,1,1,0,0,2014-15
E0,30/08/14,Burnley,Man United,0,0,D,0,0,D,C Foy,9,7,10,14,3,6,2,2,0,0,2014-15
E0,30/08/14,Everton,Chelsea,3,6,A,1,2,A,J Moss,17,12,7,16,8,2,1,3,0,0,2014-15
E0,30/08/14,Man City,Stoke,0,1,A,0,0,D,L Mason,16,7,14,5,11,4,2,1,0,0,2014-15
E0,30/08/14,Newcastle,Crystal Palace,3,3,D,1,1,D,M Jones,18,12,12,19,11,4,1,3,0,0,2014-15
E0,30/08/14,QPR,Sunderland,1,0,H,1,0,H,R Madley,18,16,8,9,4,6,1,2,0,0,2014-15
E0,30/08/14,Swansea,West Brom,3,0,H,2,0,H,P Tierney,15,16,10,8,0,7,1,2,0,0,2014-15
E0,30/08/14,West Ham,Southampton,1,3,A,1,1,D,M Dean,4,18,11,13,2,9,2,1,0,0,2014-15
E0,31/08/14,Aston Villa,Hull,2,1,H,2,0,H,M Clattenburg,11,9,9,10,3,7,1,4,0,0,2014-15
E0,31/08/14,Leicester,Arsenal,1,1,D,1,1,D,A Taylor,9,24,14,6,5,10,3,1,0,0,2014-15
E0,31/08/14,Tottenham,Liverpool,0,3,A,0,1,A,P Dowd,7,17,14,11,7,3,0,4,0,0,2014-15
E0,13/09/14,Arsenal,Man City,2,2,D,0,1,A,M Clattenburg,15,15,11,15,0,3,3,4,0,0,2014-15
E0,13/09/14,Chelsea,Swansea,4,2,H,1,1,D,K Friend,29,11,12,11,7,4,0,3,0,0,2014-15
E0,13/09/14,Crystal Palace,Burnley,0,0,D,0,0,D,M Dean,14,11,12,10,5,5,2,3,0,0,2014-15
E0,13/09/14,Liverpool,Aston Villa,0,1,A,0,1,A,L Mason,18,5,9,10,7,6,2,1,0,0,2014-15
E0,13/09/14,Southampton,Newcastle,4,0,H,2,0,H,C Foy,10,9,15,7,5,5,0,2,0,0,2014-15
E0,13/09/14,Stoke,Leicester,0,1,A,0,0,D,M Oliver,24,8,8,15,13,3,3,0,0,0,2014-15
E0,13/09/14,Sunderland,Tottenham,2,2,D,1,1,D,C Pawson,6,15,10,13,5,5,5,1,0,0,2014-15
E0,13/09/14,West Brom,Everton,0,2,A,0,1,A,A Taylor,11,11,12,8,9,1,2,3,0,0,2014-15
E0,14/09/14,Man United,QPR,4,0,H,3,0,H,P Dowd,19,9,11,8,3,1,1,0,0,0,2014-15
E0,15/09/14,Hull,West Ham,2,2,D,1,0,H,M Atkinson,11,16,12,7,3,10,3,1,0,0,2014-15
E0,20/09/14,Aston Villa,Arsenal,0,3,A,0,3,A,M Jones,6,9,11,9,5,5,1,3,0,0,2014-15
E0,20/09/14,Burnley,Sunderland,0,0,D,0,0,D,A Taylor,17,14,14,14,5,1,1,2,0,0,2014-15
E0,20/09/14,Newcastle,Hull,2,2,D,0,0,D,N Swarbrick,25,10,11,11,4,2,4,2,0,0,2014-15
E0,20/09/14,QPR,Stoke,2,2,D,1,1,D,M Atkinson,21,8,6,15,10,1,2,4,0,0,2014-15
E0,20/09/14,Swansea,Southampton,0,1,A,0,0,D,J Moss,5,11,11,15,2,4,0,4,1,0,2014-15
E0,20/09/14,West Ham,Liverpool,3,1,H,2,1,H,C Pawson,13,11,16,11,7,5,4,1,0,0,2014-15
E0,21/09/14,Everton,Crystal Palace,2,3,A,1,1,D,M Oliver,17,10,8,13,7,1,2,2,0,0,2014-15
E0,21/09/14,Leicester,Man United,5,3,H,1,2,A,M Clattenburg,15,16,11,9,2,4,1,1,0,1,2014-15
E0,21/09/14,Man City,Chelsea,1,1,D,0,0,D,M Dean,16,6,16,12,14,2,3,4,1,0,2014-15
E0,21/09/14,Tottenham,West Brom,0,1,A,0,0,D,K Friend,7,10,12,7,9,7,2,2,0,0,2014-15
E0,27/09/14,Arsenal,Tottenham,1,1,D,0,0,D,M Oliver,16,6,7,16,15,5,3,6,0,0,2014-15
E0,27/09/14,Chelsea,Aston Villa,3,0,H,1,0,H,P Dowd,17,7,11,9,9,2,2,2,0,0,2014-15
E0,27/09/14,Crystal Palace,Leicester,2,0,H,0,0,D,K Stroud,16,7,14,9,6,6,0,2,0,0,2014-15
E0,27/09/14,Hull,Man City,2,4,A,2,2,D,A Taylor,10,20,10,6,3,8,0,2,0,0,2014-15
E0,27/09/14,Liverpool,Everton,1,1,D,0,0,D,M Atkinson,24,11,8,9,8,2,2,1,0,0,2014-15
E0,27/09/14,Man United,West Ham,2,1,H,2,1,H,L Mason,8,13,10,12,7,10,1,3,1,0,2014-15
E0,27/09/14,Southampton,QPR,2,1,H,0,0,D,M Clattenburg,19,10,12,11,6,3,2,1,0,0,2014-15
E0,27/09/14,Sunderland,Swansea,0,0,D,0,0,D,C Foy,15,7,13,15,10,1,2,1,0,1,2014-15
E0,28/09/14,West Brom,Burnley,4,0,H,2,0,H,J Moss,20,10,7,9,10,2,1,2,0,0,2014-15
E0,29/09/14,Stoke,Newcastle,1,0,H,1,0,H,C Pawson,12,16,20,15,2,10,1,2,0,0,2014-15
E0,04/10/14,Aston Villa,Man City,0,2,A,0,0,D,C Foy,6,27,4,6,0,7,0,1,0,0,2014-15
E0,04/10/14,Hull,Crystal Palace,2,0,H,0,0,D,M Dean,15,11,6,14,6,7,1,2,0,0,2014-15
E0,04/10/14,Leicester,Burnley,2,2,D,2,1,H,P Dowd,15,10,16,12,9,3,2,2,0,0,2014-15
E0,04/10/14,Liverpool,West Brom,2,1,H,1,0,H,M Oliver,19,8,12,15,5,5,2,2,0,0,2014-15
E0,04/10/14,Sunderland,Stoke,3,1,H,2,1,H,N Swarbrick,8,11,10,17,7,4,3,4,0,0,2014-15
E0,04/10/14,Swansea,Newcastle,2,2,D,1,1,D,L Mason,11,9,11,15,3,1,1,3,0,0,2014-15
E0,05/10/14,Chelsea,Arsenal,2,0,H,1,0,H,M Atkinson,5,10,14,10,2,2,4,3,0,0,2014-15
E0,05/10/14,Man United,Everton,2,1,H,1,0,H,K Friend,15,10,18,11,11,6,4,3,0,0,2014-15
E0,05/10/14,Tottenham,Southampton,1,0,H,1,0,H,M Jones,9,7,15,9,10,5,2,1,0,0,2014-15
E0,05/10/14,West Ham,QPR,2,0,H,1,0,H,A Taylor,11,10,10,11,7,5,2,2,0,0,2014-15
E0,18/10/14,Arsenal,Hull,2,2,D,1,1,D,R East,25,4,9,13,10,0,2,2,0,0,2014-15
E0,18/10/14,Burnley,West Ham,1,3,A,0,0,D,K Friend,17,22,3,10,5,7,0,1,0,0,2014-15
E0,18/10/14,Crystal Palace,Chelsea,1,2,A,0,1,A,C Pawson,7,14,13,7,3,2,1,1,1,1,2014-15
E0,18/10/14,Everton,Aston Villa,3,0,H,1,0,H,A Taylor,15,10,11,16,3,4,2,2,0,0,2014-15
E0,18/10/14,Man City,Tottenham,4,1,H,2,1,H,J Moss,20,19,11,9,3,4,1,2,0,1,2014-15
E0,18/10/14,Newcastle,Leicester,1,0,H,0,0,D,M Atkinson,19,7,13,15,10,7,0,3,0,0,2014-15
E0,18/10/14,Southampton,Sunderland,8,0,H,3,0,H,A Marriner,20,12,11,8,5,6,1,3,0,0,2014-15
E0,19/10/14,QPR,Liverpool,2,3,A,0,0,D,P Dowd,15,15,10,15,7,2,2,3,0,0,2014-15
E0,19/10/14,Stoke,Swansea,2,1,H,1,1,D,M Oliver,17,13,17,7,3,5,4,1,0,0,2014-15
E0,20/10/14,West Brom,Man United,2,2,D,1,0,H,M Dean,8,22,6,8,0,11,1,2,0,0,2014-15
E0,25/10/14,Liverpool,Hull,0,0,D,0,0,D,N Swarbrick,17,6,12,17,14,1,3,2,0,0,2014-15
E0,25/10/14,Southampton,Stoke,1,0,H,1,0,H,J Moss,20,8,10,12,6,3,0,2,0,0,2014-15
E0,25/10/14,Sunderland,Arsenal,0,2,A,0,1,A,K Friend,11,15,11,9,3,3,3,3,0,0,2014-15
E0,25/10/14,Swansea,Leicester,2,0,H,1,0,H,M Jones,7,9,7,10,2,2,0,0,0,0,2014-15
E0,25/10/14,West Brom,Crystal Palace,2,2,D,0,2,A,M Clattenburg,17,8,14,8,6,3,3,1,0,0,2014-15
E0,25/10/14,West Ham,Man City,2,1,H,1,0,H,M Atkinson,12,21,12,14,4,8,2,1,0,0,2014-15
E0,26/10/14,Burnley,Everton,1,3,A,1,2,A,A Marriner,14,15,12,7,5,4,4,2,0,0,2014-15
E0,26/10/14,Man United,Chelsea,1,1,D,0,0,D,P Dowd,19,9,13,14,4,7,3,5,0,1,2014-15
E0,26/10/14,Tottenham,Newcastle,1,2,A,1,0,H,A Taylor,17,8,9,12,10,2,2,4,0,0,2014-15
E0,27/10/14,QPR,Aston Villa,2,0,H,1,0,H,L Mason,11,15,11,14,2,4,0,2,0,0,2014-15
E0,01/11/14,Arsenal,Burnley,3,0,H,0,0,D,C Pawson,32,6,5,9,18,1,0,1,0,0,2014-15
E0,01/11/14,Chelsea,QPR,2,1,H,1,0,H,M Jones,18,7,8,12,13,2,0,0,0,0,2014-15
E0,01/11/14,Everton,Swansea,0,0,D,0,0,D,K Friend,17,8,10,15,11,0,2,3,0,1,2014-15
E0,01/11/14,Hull,Southampton,0,1,A,0,1,A,M Atkinson,8,10,6,9,7,4,1,0,0,0,2014-15
E0,01/11/14,Leicester,West Brom,0,1,A,0,0,D,S Attwell,14,8,5,12,8,3,0,1,0,0,2014-15
E0,01/11/14,Newcastle,Liverpool,1,0,H,0,0,D,A Marriner,14,6,13,8,7,2,4,3,0,0,2014-15
E0,01/11/14,Stoke,West Ham,2,2,D,1,0,H,C Foy,21,10,14,13,9,2,1,1,0,0,2014-15
E0,02/11/14,Aston Villa,Tottenham,1,2,A,1,0,H,N Swarbrick,12,18,12,11,3,9,3,3,1,0,2014-15
E0,02/11/14,Man City,Man United,1,0,H,0,0,D,M Oliver,16,9,15,9,7,4,3,1,0,1,2014-15
E0,03/11/14,Crystal Palace,Sunderland,1,3,A,0,1,A,P Dowd,9,8,12,19,11,2,0,3,1,0,2014-15
E0,08/11/14,Burnley,Hull,1,0,H,0,0,D,M Clattenburg,14,12,17,17,7,1,6,4,0,0,2014-15
E0,08/11/14,Liverpool,Chelsea,1,2,A,1,1,D,A Taylor,12,15,9,12,5,7,2,5,0,0,2014-15
E0,08/11/14,Man United,Crystal Palace,1,0,H,0,0,D,C Foy,23,6,8,12,11,4,1,3,0,0,2014-15
E0,08/11/14,QPR,Man City,2,2,D,1,1,D,M Dean,17,23,9,10,7,7,4,2,0,0,2014-15
E0,08/11/14,Southampton,Leicester,2,0,H,0,0,D,M Oliver,18,5,10,12,13,4,2,2,0,0,2014-15
E0,08/11/14,West Ham,Aston Villa,0,0,D,0,0,D,J Moss,21,12,9,10,13,2,0,3,0,0,2014-15
E0,09/11/14,Sunderland,Everton,1,1,D,0,0,D,L Mason,10,16,11,13,5,4,1,2,0,0,2014-15
E0,09/11/14,Swansea,Arsenal,2,1,H,0,0,D,P Dowd,11,12,10,16,6,10,5,5,0,0,2014-15
E0,09/11/14,Tottenham,Stoke,1,2,A,0,2,A,M Jones,14,11,20,13,5,5,3,2,1,0,2014-15
E0,09/11/14,West Brom,Newcastle,0,2,A,0,1,A,C Pawson,10,8,12,6,7,4,0,0,0,0,2014-15
E0,22/11/14,Arsenal,Man United,1,2,A,0,0,D,M Dean,23,12,12,8,11,5,2,1,0,0,2014-15
E0,22/11/14,Chelsea,West Brom,2,0,H,2,0,H,L Mason,21,5,7,9,15,0,1,0,0,1,2014-15
E0,22/11/14,Everton,West Ham,2,1,H,1,0,H,M Clattenburg,14,14,10,13,1,5,2,3,0,0,2014-15
E0,22/11/14,Leicester,Sunderland,0,0,D,0,0,D,R Madley,13,10,18,12,6,9,2,3,0,0,2014-15
E0,22/11/14,Man City,Swansea,2,1,H,1,1,D,N Swarbrick,23,8,13,9,7,3,2,1,0,0,2014-15
E0,22/11/14,Newcastle,QPR,1,0,H,0,0,D,C Foy,14,13,12,15,16,7,2,3,0,0,2014-15
E0,22/11/14,Stoke,Burnley,1,2,A,1,2,A,M Atkinson,25,5,10,9,14,0,2,2,0,0,2014-15
E0,23/11/14,Crystal Palace,Liverpool,3,1,H,1,1,D,J Moss,15,12,21,10,4,3,1,2,0,0,2014-15
E0,23/11/14,Hull,Tottenham,1,2,A,1,0,H,C Pawson,10,23,15,9,3,9,3,1,1,0,2014-15
E0,24/11/14,Aston Villa,Southampton,1,1,D,1,0,H,P Dowd,7,15,15,17,2,8,1,2,0,0,2014-15
E0,29/11/14,Burnley,Aston Villa,1,1,D,0,1,A,G Scott,11,18,8,8,1,5,3,4,0,0,2014-15
E0,29/11/14,Liverpool,Stoke,1,0,H,0,0,D,C Pawson,16,13,11,9,5,5,0,3,0,0,2014-15
E0,29/11/14,Man United,Hull,3,0,H,2,0,H,A Taylor,12,4,12,12,7,0,2,2,0,0,2014-15
E0,29/11/14,QPR,Leicester,3,2,H,2,1,H,R East,32,19,8,17,11,5,3,2,0,0,2014-15
E0,29/11/14,Sunderland,Chelsea,0,0,D,0,0,D,K Friend,12,24,13,10,2,8,3,2,0,0,2014-15
E0,29/11/14,Swansea,Crystal Palace,1,1,D,1,1,D,M Atkinson,18,11,6,12,4,6,0,2,0,0,2014-15
E0,29/11/14,West Brom,Arsenal,0,1,A,0,0,D,C Foy,9,17,9,10,4,4,2,1,0,0,2014-15
E0,29/11/14,West Ham,Newcastle,1,0,H,0,0,D,M Dean,12,7,9,16,6,2,3,2,0,1,2014-15
E0,30/11/14,Southampton,Man City,0,3,A,0,0,D,M Jones,13,15,10,13,8,6,1,2,0,1,2014-15
E0,30/11/14,Tottenham,Everton,2,1,H,2,1,H,M Oliver,13,10,15,5,3,4,5,1,0,0,2014-15
E0,02/12/14,Burnley,Newcastle,1,1,D,1,0,H,P Dowd,12,11,12,12,2,5,2,2,0,0,2014-15
E0,02/12/14,Crystal Palace,Aston Villa,0,1,A,0,1,A,M Oliver,17,5,16,15,8,2,2,2,0,0,2014-15
E0,02/12/14,Leicester,Liverpool,1,3,A,1,1,D,L Mason,20,11,11,10,7,4,1,2,1,0,2014-15
E0,02/12/14,Man United,Stoke,2,1,H,1,1,D,J Moss,10,5,8,13,2,2,2,4,0,0,2014-15
E0,02/12/14,Swansea,QPR,2,0,H,0,0,D,K Friend,18,5,8,12,9,2,2,2,0,0,2014-15
E0,02/12/14,West Brom,West Ham,1,2,A,1,2,A,M Jones,23,11,11,17,7,3,2,1,0,0,2014-15
E0,03/12/14,Arsenal,Southampton,1,0,H,0,0,D,A Marriner,19,6,7,14,9,4,0,2,0,0,2014-15
E0,03/12/14,Chelsea,Tottenham,3,0,H,2,0,H,M Dean,12,10,9,9,1,6,1,1,0,0,2014-15
E0,03/12/14,Everton,Hull,1,1,D,1,0,H,R Madley,13,8,8,12,6,4,1,1,0,0,2014-15
E0,03/12/14,Sunderland,Man City,1,4,A,1,2,A,C Pawson,8,15,9,8,2,0,1,1,0,0,2014-15
E0,06/12/14,Hull,West Brom,0,0,D,0,0,D,M Oliver,12,6,10,16,3,2,1,1,0,0,2014-15
E0,06/12/14,Liverpool,Sunderland,0,0,D,0,0,D,N Swarbrick,15,7,12,15,5,7,1,3,0,0,2014-15
E0,06/12/14,Man City,Everton,1,0,H,1,0,H,A Marriner,19,9,8,11,11,7,3,3,0,0,2014-15
E0,06/12/14,Newcastle,Chelsea,2,1,H,0,0,D,M Atkinson,9,26,8,6,1,10,2,3,1,0,2014-15
E0,06/12/14,QPR,Burnley,2,0,H,0,0,D,J Moss,11,15,12,12,3,11,1,1,1,0,2014-15
E0,06/12/14,Stoke,Arsenal,3,2,H,3,0,H,A Taylor,13,15,17,14,3,9,3,2,0,1,2014-15
E0,06/12/14,Tottenham,Crystal Palace,0,0,D,0,0,D,L Mason,14,16,11,10,2,12,1,0,0,0,2014-15
E0,07/12/14,Aston Villa,Leicester,2,1,H,1,1,D,C Pawson,16,10,9,14,5,5,4,4,0,1,2014-15
E0,07/12/14,West Ham,Swansea,3,1,H,1,1,D,C Foy,15,11,11,18,7,4,0,1,0,1,2014-15
E0,08/12/14,Southampton,Man United,1,2,A,1,1,D,K Friend,15,3,12,9,5,1,2,1,0,0,2014-15
E0,13/12/14,Arsenal,Newcastle,4,1,H,1,0,H,L Mason,17,10,14,15,9,6,2,2,0,0,2014-15
E0,13/12/14,Burnley,Southampton,1,0,H,0,0,D,M Clattenburg,7,15,15,11,2,5,1,3,0,0,2014-15
E0,13/12/14,Chelsea,Hull,2,0,H,1,0,H,C Foy,12,8,13,13,5,4,3,3,0,1,2014-15
E0,13/12/14,Crystal Palace,Stoke,1,1,D,1,1,D,K Friend,10,7,12,11,9,8,2,0,0,0,2014-15
E0,13/12/14,Leicester,Man City,0,1,A,0,1,A,J Moss,7,9,15,13,8,2,0,2,0,0,2014-15
E0,13/12/14,Sunderland,West Ham,1,1,D,1,1,D,P Dowd,13,19,11,18,6,8,2,2,0,0,2014-15
E0,13/12/14,West Brom,Aston Villa,1,0,H,0,0,D,M Dean,13,7,17,12,4,2,4,2,0,1,2014-15
E0,14/12/14,Man United,Liverpool,3,0,H,2,0,H,M Atkinson,11,19,13,14,2,7,4,3,0,0,2014-15
E0,14/12/14,Swansea,Tottenham,1,2,A,0,1,A,R Madley,15,10,7,17,7,9,3,4,0,0,2014-15
E0,15/12/14,Everton,QPR,3,1,H,2,0,H,N Swarbrick,13,17,11,12,1,8,1,1,0,0,2014-15
E0,20/12/14,Aston Villa,Man United,1,1,D,1,0,H,L Mason,10,16,9,10,3,9,1,1,1,0,2014-15
E0,20/12/14,Hull,Swansea,0,1,A,0,1,A,M Clattenburg,11,13,14,16,4,5,2,2,0,0,2014-15
E0,20/12/14,Man City,Crystal Palace,3,0,H,0,0,D,P Dowd,15,6,17,5,8,6,2,1,0,0,2014-15
E0,20/12/14,QPR,West Brom,3,2,H,1,2,A,C Pawson,17,16,16,8,5,11,1,0,0,0,2014-15
E0,20/12/14,Southampton,Everton,3,0,H,1,0,H,J Moss,11,13,11,10,4,6,1,1,0,0,2014-15
E0,20/12/14,Tottenham,Burnley,2,1,H,2,1,H,M Jones,23,9,9,8,9,6,1,0,0,0,2014-15
E0,20/12/14,West Ham,Leicester,2,0,H,1,0,H,M Atkinson,10,10,8,17,9,4,0,3,0,0,2014-15
E0,21/12/14,Liverpool,Arsenal,2,2,D,1,1,D,M Oliver,27,7,6,14,10,6,0,3,1,0,2014-15
E0,21/12/14,Newcastle,Sunderland,0,1,A,0,0,D,A Taylor,15,16,15,15,7,1,4,4,0,0,2014-15
E0,22/12/14,Stoke,Chelsea,0,2,A,0,1,A,N Swarbrick,13,15,11,4,6,5,3,0,0,0,2014-15
E0,26/12/14,Arsenal,QPR,2,1,H,1,0,H,M Atkinson,15,16,6,15,6,2,1,4,1,0,2014-15
E0,26/12/14,Burnley,Liverpool,0,1,A,0,0,D,A Taylor,16,10,7,5,8,2,0,1,0,0,2014-15
E0,26/12/14,Chelsea,West Ham,2,0,H,1,0,H,M Oliver,28,6,8,14,8,6,0,3,0,0,2014-15
E0,26/12/14,Crystal Palace,Southampton,1,3,A,0,1,A,M Dean,11,13,15,10,8,4,1,0,0,0,2014-15
E0,26/12/14,Everton,Stoke,0,1,A,0,1,A,L Mason,16,12,9,15,9,3,2,3,0,0,2014-15
E0,26/12/14,Leicester,Tottenham,1,2,A,0,1,A,N Swarbrick,22,8,10,14,11,1,1,2,0,0,2014-15
E0,26/12/14,Man United,Newcastle,3,1,H,2,0,H,M Jones,9,8,16,9,4,5,1,2,0,0,2014-15
E0,26/12/14,Sunderland,Hull,1,3,A,1,1,D,A Marriner,12,13,12,6,10,4,4,2,0,0,2014-15
E0,26/12/14,Swansea,Aston Villa,1,0,H,1,0,H,R East,7,11,17,12,4,0,1,4,0,0,2014-15
E0,26/12/14,West Brom,Man City,1,3,A,0,3,A,M Clattenburg,18,9,5,9,10,6,0,1,0,0,2014-15
E0,28/12/14,Aston Villa,Sunderland,0,0,D,0,0,D,M Atkinson,14,15,4,11,4,4,1,4,1,0,2014-15
E0,28/12/14,Hull,Leicester,0,1,A,0,1,A,P Dowd,18,4,12,12,7,1,0,1,1,1,2014-15
E0,28/12/14,Man City,Burnley,2,2,D,2,0,H,K Friend,17,12,18,9,10,3,4,1,0,0,2014-15
E0,28/12/14,Newcastle,Everton,3,2,H,1,1,D,C Pawson,13,9,13,8,8,3,2,2,0,0,2014-15
E0,28/12/14,QPR,Crystal Palace,0,0,D,0,0,D,M Jones,11,10,11,17,9,4,2,1,0,0,2014-15
E0,28/12/14,Southampton,Chelsea,1,1,D,1,1,D,A Taylor,9,7,23,14,4,6,2,2,1,0,2014-15
E0,28/12/14,Stoke,West Brom,2,0,H,0,0,D,R East,13,15,11,14,5,3,0,2,0,0,2014-15
E0,28/12/14,Tottenham,Man United,0,0,D,0,0,D,J Moss,9,9,11,19,3,6,2,4,0,0,2014-15
E0,28/12/14,West Ham,Arsenal,1,2,A,0,2,A,N Swarbrick,14,21,12,13,7,8,3,3,0,0,2014-15
E0,29/12/14,Liverpool,Swansea,4,1,H,1,0,H,A Marriner,21,11,8,5,6,3,1,0,0,0,2014-15
E0,01/01/15,Aston Villa,Crystal Palace,0,0,D,0,0,D,R Madley,14,6,11,12,5,2,1,1,0,0,2014-15
E0,01/01/15,Hull,Everton,2,0,H,2,0,H,K Friend,14,9,16,15,4,8,2,3,0,1,2014-15
E0,01/01/15,Liverpool,Leicester,2,2,D,2,0,H,M Jones,18,16,13,10,4,5,2,2,0,0,2014-15
E0,01/01/15,Man City,Sunderland,3,2,H,0,0,D,R East,32,4,14,7,10,4,2,3,0,0,2014-15
E0,01/01/15,Newcastle,Burnley,3,3,D,2,1,H,M Dean,10,15,12,13,5,5,2,4,0,0,2014-15
E0,01/01/15,QPR,Swansea,1,1,D,1,0,H,A Taylor,24,25,22,5,4,9,4,0,0,1,2014-15
E0,01/01/15,Southampton,Arsenal,2,0,H,1,0,H,C Pawson,13,11,14,7,2,7,2,1,0,0,2014-15
E0,01/01/15,Stoke,Man United,1,1,D,1,1,D,M Oliver,11,6,8,12,11,7,0,0,0,0,2014-15
E0,01/01/15,Tottenham,Chelsea,5,3,H,3,1,H,P Dowd,11,19,14,10,5,3,3,1,0,0,2014-15
E0,01/01/15,West Ham,West Brom,1,1,D,1,1,D,J Moss,8,14,6,13,0,1,1,0,0,0,2014-15
E0,10/01/15,Burnley,QPR,2,1,H,2,1,H,A Marriner,18,17,14,9,10,6,2,2,0,0,2014-15
E0,10/01/15,Chelsea,Newcastle,2,0,H,1,0,H,R East,9,11,13,13,7,4,2,3,0,0,2014-15
E0,10/01/15,Crystal Palace,Tottenham,2,1,H,0,0,D,A Taylor,21,9,9,14,4,6,5,3,0,0,2014-15
E0,10/01/15,Everton,Man City,1,1,D,0,0,D,M Atkinson,11,18,9,10,4,9,1,2,0,0,2014-15
E0,10/01/15,Leicester,Aston Villa,1,0,H,1,0,H,M Oliver,11,12,18,6,6,6,1,1,1,1,2014-15
E0,10/01/15,Sunderland,Liverpool,0,1,A,0,1,A,C Pawson,5,21,12,11,6,6,1,4,1,0,2014-15
E0,10/01/15,Swansea,West Ham,1,1,D,0,1,A,M Dean,19,11,9,7,4,5,0,1,0,0,2014-15
E0,10/01/15,West Brom,Hull,1,0,H,0,0,D,N Swarbrick,9,12,5,13,5,2,1,0,0,0,2014-15
E0,11/01/15,Arsenal,Stoke,3,0,H,2,0,H,J Moss,14,7,11,11,9,1,0,3,0,0,2014-15
E0,11/01/15,Man United,Southampton,0,1,A,0,0,D,P Dowd,10,9,9,10,3,5,2,3,0,0,2014-15
E0,17/01/15,Aston Villa,Liverpool,0,2,A,0,1,A,M Clattenburg,15,12,13,11,9,5,1,1,0,0,2014-15
E0,17/01/15,Burnley,Crystal Palace,2,3,A,2,1,H,P Dowd,7,11,10,20,5,7,1,3,0,0,2014-15
E0,17/01/15,Leicester,Stoke,0,1,A,0,0,D,A Marriner,7,13,9,6,6,5,1,0,0,0,2014-15
E0,17/01/15,Newcastle,Southampton,1,2,A,1,1,D,R Madley,16,5,9,8,9,0,0,2,0,0,2014-15
E0,17/01/15,QPR,Man United,0,2,A,0,0,D,N Swarbrick,18,12,12,10,3,3,3,2,0,0,2014-15
E0,17/01/15,Swansea,Chelsea,0,5,A,0,4,A,J Moss,11,21,9,13,1,2,0,0,0,0,2014-15
E0,17/01/15,Tottenham,Sunderland,2,1,H,1,1,D,C Foy,25,8,14,8,6,6,1,2,0,0,2014-15
E0,18/01/15,Man City,Arsenal,0,2,A,0,1,A,M Dean,12,9,12,5,16,3,3,3,0,0,2014-15
E0,18/01/15,West Ham,Hull,3,0,H,0,0,D,M Atkinson,17,9,5,14,4,7,1,3,0,0,2014-15
E0,19/01/15,Everton,West Brom,0,0,D,0,0,D,M Oliver,17,5,11,12,8,1,3,2,0,0,2014-15
E0,31/01/15,Chelsea,Man City,1,1,D,1,1,D,M Clattenburg,3,10,12,14,1,4,0,2,0,0,2014-15
E0,31/01/15,Crystal Palace,Everton,0,1,A,0,1,A,R East,13,14,12,14,6,1,0,3,0,0,2014-15
E0,31/01/15,Hull,Newcastle,0,3,A,0,1,A,P Dowd,13,12,15,13,3,3,4,1,0,0,2014-15
E0,31/01/15,Liverpool,West Ham,2,0,H,0,0,D,A Marriner,21,7,12,12,5,7,1,1,0,0,2014-15
E0,31/01/15,Man United,Leicester,3,1,H,3,0,H,M Atkinson,12,4,8,12,4,3,0,1,0,0,2014-15
E0,31/01/15,Stoke,QPR,3,1,H,2,1,H,M Dean,15,14,11,12,3,5,2,2,0,0,2014-15
E0,31/01/15,Sunderland,Burnley,2,0,H,2,0,H,L Mason,8,13,12,12,6,3,3,1,0,0,2014-15
E0,31/01/15,West Brom,Tottenham,0,3,A,0,2,A,K Friend,13,14,8,13,6,3,2,1,0,0,2014-15
E0,01/02/15,Arsenal,Aston Villa,5,0,H,1,0,H,A Taylor,13,9,6,10,7,7,0,2,0,0,2014-15
E0,01/02/15,Southampton,Swansea,0,1,A,0,0,D,M Oliver,15,6,11,9,9,0,1,1,1,0,2014-15
E0,07/02/15,Aston Villa,Chelsea,1,2,A,0,1,A,N Swarbrick,8,12,8,7,7,7,3,2,0,0,2014-15
E0,07/02/15,Everton,Liverpool,0,0,D,0,0,D,A Taylor,6,17,11,7,3,6,4,1,0,0,2014-15
E0,07/02/15,Leicester,Crystal Palace,0,1,A,0,0,D,L Mason,19,14,15,6,8,6,4,1,0,0,2014-15
E0,07/02/15,Man City,Hull,1,1,D,0,1,A,J Moss,18,7,9,8,13,1,2,4,0,0,2014-15
E0,07/02/15,QPR,Southampton,0,1,A,0,0,D,R East,12,16,13,16,3,4,2,2,0,0,2014-15
E0,07/02/15,Swansea,Sunderland,1,1,D,0,1,A,P Dowd,16,4,11,13,7,1,3,4,0,0,2014-15
E0,07/02/15,Tottenham,Arsenal,2,1,H,0,1,A,M Atkinson,23,7,8,12,10,3,3,5,0,0,2014-15
E0,08/02/15,Burnley,West Brom,2,2,D,2,1,H,M Dean,12,12,10,15,5,6,0,4,0,0,2014-15
E0,08/02/15,Newcastle,Stoke,1,1,D,0,0,D,K Friend,9,7,14,17,5,8,2,4,0,0,2014-15
E0,08/02/15,West Ham,Man United,1,1,D,0,0,D,M Clattenburg,13,18,7,13,9,9,2,2,0,1,2014-15
E0,10/02/15,Arsenal,Leicester,2,1,H,2,0,H,M Jones,17,11,13,14,6,6,2,2,0,0,2014-15
E0,10/02/15,Hull,Aston Villa,2,0,H,1,0,H,M Oliver,10,11,16,11,3,7,1,2,0,0,2014-15
E0,10/02/15,Liverpool,Tottenham,3,2,H,1,1,D,P Dowd,16,14,13,17,5,7,3,6,0,0,2014-15
E0,10/02/15,Sunderland,QPR,0,2,A,0,2,A,M Atkinson,16,19,8,12,8,4,2,3,0,0,2014-15
E0,11/02/15,Chelsea,Everton,1,0,H,0,0,D,J Moss,21,7,8,13,10,2,3,3,0,1,2014-15
E0,11/02/15,Crystal Palace,Newcastle,1,1,D,0,1,A,A Marriner,7,5,10,11,5,2,1,2,0,0,2014-15
E0,11/02/15,Man United,Burnley,3,1,H,2,1,H,K Friend,11,13,15,8,5,8,4,3,0,0,2014-15
E0,11/02/15,Southampton,West Ham,0,0,D,0,0,D,C Pawson,21,4,12,11,8,2,2,1,0,1,2014-15
E0,11/02/15,Stoke,Man City,1,4,A,1,1,D,L Mason,17,14,6,11,3,2,1,2,0,0,2014-15
E0,11/02/15,West Brom,Swansea,2,0,H,0,0,D,R Madley,11,10,11,12,5,4,2,1,0,0,2014-15
E0,21/02/15,Aston Villa,Stoke,1,2,A,1,1,D,R East,3,11,11,14,11,3,1,3,1,0,2014-15
E0,21/02/15,Chelsea,Burnley,1,1,D,1,0,H,M Atkinson,14,10,9,9,7,7,1,2,1,0,2014-15
E0,21/02/15,Crystal Palace,Arsenal,1,2,A,0,2,A,M Clattenburg,22,12,15,14,10,1,1,3,0,0,2014-15
E0,21/02/15,Hull,QPR,2,1,H,1,1,D,A Taylor,16,8,18,16,5,7,0,4,0,1,2014-15
E0,21/02/15,Man City,Newcastle,5,0,H,3,0,H,C Foy,16,8,9,8,7,3,3,2,0,0,2014-15
E0,21/02/15,Sunderland,West Brom,0,0,D,0,0,D,M Jones,13,5,11,12,11,2,1,2,0,0,2014-15
E0,21/02/15,Swansea,Man United,2,1,H,1,1,D,N Swarbrick,11,18,6,15,4,10,2,4,0,0,2014-15
E0,22/02/15,Everton,Leicester,2,2,D,0,0,D,P Dowd,18,15,7,6,4,7,0,1,0,0,2014-15
E0,22/02/15,Southampton,Liverpool,0,2,A,0,1,A,K Friend,13,6,11,14,6,1,2,3,0,0,2014-15
E0,22/02/15,Tottenham,West Ham,2,2,D,0,1,A,J Moss,27,12,6,12,7,9,0,2,0,0,2014-15
E0,28/02/15,Burnley,Swansea,0,1,A,0,0,D,J Moss,13,8,14,8,6,4,0,0,0,0,2014-15
E0,28/02/15,Man United,Sunderland,2,0,H,0,0,D,R East,30,5,6,11,13,1,1,1,0,1,2014-15
E0,28/02/15,Newcastle,Aston Villa,1,0,H,1,0,H,L Mason,14,13,6,16,9,5,1,5,0,0,2014-15
E0,28/02/15,Stoke,Hull,1,0,H,0,0,D,N Swarbrick,17,1,9,10,5,2,2,2,0,0,2014-15
E0,28/02/15,West Brom,Southampton,1,0,H,1,0,H,P Dowd,7,12,10,17,2,3,2,1,0,0,2014-15
E0,28/02/15,West Ham,Crystal Palace,1,3,A,0,1,A,M Dean,22,12,12,19,11,7,2,2,0,1,2014-15
E0,01/03/15,Arsenal,Everton,2,0,H,1,0,H,A Marriner,17,8,12,5,8,9,2,0,0,0,2014-15
E0,01/03/15,Liverpool,Man City,2,1,H,1,1,D,M Clattenburg,11,8,8,16,3,0,1,3,0,0,2014-15
E0,03/03/15,Aston Villa,West Brom,2,1,H,1,0,H,J Moss,16,3,15,13,0,3,2,4,0,0,2014-15
E0,03/03/15,Hull,Sunderland,1,1,D,1,0,H,M Dean,15,9,9,15,6,4,2,6,0,0,2014-15
E0,03/03/15,Southampton,Crystal Palace,1,0,H,0,0,D,M Atkinson,23,9,11,10,10,2,0,2,0,0,2014-15
E0,04/03/15,Liverpool,Burnley,2,0,H,1,0,H,L Mason,20,9,8,14,6,5,0,1,0,0,2014-15
E0,04/03/15,Man City,Leicester,2,0,H,1,0,H,R Madley,22,6,11,3,10,3,0,1,0,0,2014-15
E0,04/03/15,Newcastle,Man United,0,1,A,0,0,D,A Taylor,9,11,6,14,4,1,1,2,0,0,2014-15
E0,04/03/15,QPR,Arsenal,1,2,A,0,0,D,K Friend,10,20,10,8,1,6,2,1,0,0,2014-15
E0,04/03/15,Stoke,Everton,2,0,H,1,0,H,M Clattenburg,11,10,11,14,5,6,2,2,0,0,2014-15
E0,04/03/15,Tottenham,Swansea,3,2,H,1,1,D,M Oliver,20,10,14,7,6,4,1,0,0,0,2014-15
E0,04/03/15,West Ham,Chelsea,0,1,A,0,1,A,A Marriner,18,12,10,10,5,4,3,4,0,0,2014-15
E0,07/03/15,QPR,Tottenham,1,2,A,0,1,A,C Pawson,17,13,15,12,3,5,1,2,0,0,2014-15
E0,14/03/15,Arsenal,West Ham,3,0,H,1,0,H,A Taylor,19,7,10,9,7,5,1,1,0,0,2014-15
E0,14/03/15,Burnley,Man City,1,0,H,0,0,D,A Marriner,10,21,6,9,2,6,2,1,0,0,2014-15
E0,14/03/15,Crystal Palace,QPR,3,1,H,3,0,H,L Mason,15,11,17,16,6,3,1,3,0,0,2014-15
E0,14/03/15,Leicester,Hull,0,0,D,0,0,D,J Moss,15,12,10,15,7,5,0,4,0,1,2014-15
E0,14/03/15,Sunderland,Aston Villa,0,4,A,0,4,A,N Swarbrick,12,14,10,9,2,5,1,1,0,0,2014-15
E0,14/03/15,West Brom,Stoke,1,0,H,1,0,H,M Oliver,14,9,7,16,7,5,1,2,0,0,2014-15
E0,15/03/15,Chelsea,Southampton,1,1,D,1,1,D,M Dean,22,12,10,11,9,2,3,3,0,0,2014-15
E0,15/03/15,Everton,Newcastle,3,0,H,1,0,H,M Atkinson,15,12,11,9,3,4,1,2,0,1,2014-15
E0,15/03/15,Man United,Tottenham,3,0,H,3,0,H,M Clattenburg,11,5,12,10,4,2,1,1,0,0,2014-15
E0,16/03/15,Swansea,Liverpool,0,1,A,0,0,D,R East,10,16,13,16,4,5,0,3,0,0,2014-15
E0,21/03/15,Aston Villa,Swansea,0,1,A,0,0,D,R Madley,12,9,13,9,4,9,0,0,0,0,2014-15
E0,21/03/15,Man City,West Brom,3,0,H,2,0,H,N Swarbrick,43,3,6,5,9,2,0,0,0,1,2014-15
E0,21/03/15,Newcastle,Arsenal,1,2,A,0,2,A,M Jones,16,7,11,7,9,4,0,0,0,0,2014-15
E0,21/03/15,Southampton,Burnley,2,0,H,1,0,H,R East,20,15,10,7,10,5,0,0,0,0,2014-15
E0,21/03/15,Stoke,Crystal Palace,1,2,A,1,2,A,A Marriner,17,12,15,14,8,4,3,4,0,0,2014-15
E0,21/03/15,Tottenham,Leicester,4,3,H,2,1,H,M Dean,10,14,8,9,4,4,2,1,0,0,2014-15
E0,21/03/15,West Ham,Sunderland,1,0,H,0,0,D,L Mason,15,7,14,11,6,4,0,1,0,0,2014-15
E0,22/03/15,Hull,Chelsea,2,3,A,2,2,D,M Oliver,19,8,14,11,6,6,0,2,0,0,2014-15
E0,22/03/15,Liverpool,Man United,1,2,A,0,1,A,M Atkinson,7,6,14,17,2,3,2,2,1,0,2014-15
E0,22/03/15,QPR,Everton,1,2,A,0,1,A,J Moss,14,8,11,12,1,3,2,1,0,0,2014-15
E0,04/04/15,Arsenal,Liverpool,4,1,H,3,0,H,A Taylor,16,13,7,9,6,5,1,0,0,1,2014-15
E0,04/04/15,Chelsea,Stoke,2,1,H,1,1,D,J Moss,19,7,5,22,9,0,1,6,0,0,2014-15
E0,04/04/15,Everton,Southampton,1,0,H,1,0,H,L Mason,11,11,12,17,4,10,0,1,0,0,2014-15
E0,04/04/15,Leicester,West Ham,2,1,H,1,1,D,M Clattenburg,20,14,12,10,7,6,0,3,0,0,2014-15
E0,04/04/15,Man United,Aston Villa,3,1,H,1,0,H,R East,19,4,15,12,10,2,0,1,0,0,2014-15
E0,04/04/15,Swansea,Hull,3,1,H,2,0,H,A Marriner,9,10,11,14,4,7,1,5,0,1,2014-15
E0,04/04/15,West Brom,QPR,1,4,A,0,3,A,L Probert,21,12,6,15,2,4,2,3,1,0,2014-15
E0,05/04/15,Burnley,Tottenham,0,0,D,0,0,D,M Atkinson,15,12,9,5,5,3,2,0,0,0,2014-15
E0,05/04/15,Sunderland,Newcastle,1,0,H,1,0,H,M Dean,16,10,14,18,8,4,5,2,0,0,2014-15
E0,06/04/15,Crystal Palace,Man City,2,1,H,1,0,H,M Oliver,5,22,11,11,4,13,2,1,0,0,2014-15
E0,07/04/15,Aston Villa,QPR,3,3,D,2,1,H,C Pawson,21,11,8,12,7,3,0,4,0,0,2014-15
E0,11/04/15,Burnley,Arsenal,0,1,A,0,1,A,M Dean,8,17,15,7,1,6,2,0,0,0,2014-15
E0,11/04/15,Southampton,Hull,2,0,H,0,0,D,K Friend,9,15,7,11,2,5,2,0,0,0,2014-15
E0,11/04/15,Sunderland,Crystal Palace,1,4,A,0,0,D,A Taylor,12,14,15,17,8,4,2,2,0,0,2014-15
E0,11/04/15,Swansea,Everton,1,1,D,0,1,A,M Oliver,11,12,18,12,3,6,3,3,0,0,2014-15
E0,11/04/15,Tottenham,Aston Villa,0,1,A,0,1,A,L Probert,14,10,11,12,9,6,3,2,0,1,2014-15
E0,11/04/15,West Brom,Leicester,2,3,A,2,1,H,M Atkinson,8,12,15,15,4,6,2,2,0,0,2014-15
E0,11/04/15,West Ham,Stoke,1,1,D,1,0,H,R East,11,18,17,13,4,10,3,1,0,0,2014-15
E0,12/04/15,Man United,Man City,4,2,H,2,1,H,M Clattenburg,11,10,9,16,1,5,0,3,0,0,2014-15
E0,12/04/15,QPR,Chelsea,0,1,A,0,0,D,A Marriner,15,9,12,6,5,6,2,1,0,0,2014-15
E0,13/04/15,Liverpool,Newcastle,2,0,H,1,0,H,L Mason,14,10,8,17,6,6,2,0,0,1,2014-15
E0,18/04/15,Chelsea,Man United,1,0,H,1,0,H,M Dean,7,15,13,11,3,7,7,1,0,0,2014-15
E0,18/04/15,Crystal Palace,West Brom,0,2,A,0,1,A,J Moss,19,8,17,17,7,6,3,3,0,0,2014-15
E0,18/04/15,Everton,Burnley,1,0,H,1,0,H,M Jones,21,10,12,15,5,6,1,2,0,1,2014-15
E0,18/04/15,Leicester,Swansea,2,0,H,1,0,H,L Probert,18,10,6,5,6,3,0,2,0,0,2014-15
E0,18/04/15,Stoke,Southampton,2,1,H,0,1,A,M Clattenburg,15,12,17,17,2,5,0,4,0,0,2014-15
E0,19/04/15,Man City,West Ham,2,0,H,2,0,H,A Taylor,18,9,10,6,6,3,2,2,0,0,2014-15
E0,19/04/15,Newcastle,Tottenham,1,3,A,0,1,A,K Friend,11,14,11,13,4,3,2,4,0,0,2014-15
E0,25/04/15,Burnley,Leicester,0,1,A,0,0,D,A Taylor,12,8,16,16,6,4,3,0,0,0,2014-15
E0,25/04/15,Crystal Palace,Hull,0,2,A,0,0,D,M Clattenburg,7,21,15,10,0,9,0,0,0,0,2014-15
E0,25/04/15,Man City,Aston Villa,3,2,H,1,0,H,M Dean,11,13,13,11,7,6,1,2,0,0,2014-15
E0,25/04/15,Newcastle,Swansea,2,3,A,1,1,D,N Swarbrick,12,11,14,9,9,6,1,2,0,0,2014-15
E0,25/04/15,QPR,West Ham,0,0,D,0,0,D,M Jones,18,8,14,12,6,6,1,0,0,0,2014-15
E0,25/04/15,Southampton,Tottenham,2,2,D,1,1,D,J Moss,13,7,9,10,8,3,1,3,0,0,2014-15
E0,25/04/15,Stoke,Sunderland,1,1,D,1,1,D,M Atkinson,23,15,14,15,9,8,2,3,0,0,2014-15
E0,25/04/15,West Brom,Liverpool,0,0,D,0,0,D,R East,10,22,12,11,2,4,1,0,0,0,2014-15
E0,26/04/15,Arsenal,Chelsea,0,0,D,0,0,D,M Oliver,12,7,17,11,6,2,4,3,0,0,2014-15
E0,26/04/15,Everton,Man United,3,0,H,2,0,H,A Marriner,9,17,6,10,7,7,0,2,0,0,2014-15
E0,28/04/15,Hull,Liverpool,1,0,H,1,0,H,L Probert,7,12,10,10,7,7,2,0,0,0,2014-15
E0,29/04/15,Leicester,Chelsea,1,3,A,1,0,H,M Clattenburg,8,11,10,1,2,6,1,0,0,0,2014-15
E0,02/05/15,Aston Villa,Everton,3,2,H,2,0,H,M Clattenburg,11,9,13,12,5,3,2,1,0,0,2014-15
E0,02/05/15,Leicester,Newcastle,3,0,H,2,0,H,M Dean,19,12,10,13,10,7,1,2,0,2,2014-15
E0,02/05/15,Liverpool,QPR,2,1,H,1,0,H,M Atkinson,25,10,9,18,9,6,2,3,0,1,2014-15
E0,02/05/15,Man United,West Brom,0,1,A,0,0,D,A Taylor,26,6,10,11,9,3,1,0,0,0,2014-15
E0,02/05/15,Sunderland,Southampton,2,1,H,1,1,D,M Jones,12,11,12,13,1,1,2,2,0,1,2014-15
E0,02/05/15,Swansea,Stoke,2,0,H,0,0,D,C Pawson,16,9,9,18,6,2,1,2,0,1,2014-15
E0,02/05/15,West Ham,Burnley,1,0,H,1,0,H,J Moss,29,8,11,7,13,3,3,2,0,1,2014-15
E0,03/05/15,Chelsea,Crystal Palace,1,0,H,1,0,H,K Friend,17,8,12,13,3,6,2,2,0,0,2014-15
E0,03/05/15,Tottenham,Man City,0,1,A,0,1,A,A Marriner,21,15,6,11,8,7,3,4,0,0,2014-15
E0,04/05/15,Hull,Arsenal,1,3,A,0,3,A,L Mason,8,22,8,11,0,5,2,0,0,0,2014-15
E0,09/05/15,Aston Villa,West Ham,1,0,H,1,0,H,L Mason,15,5,6,13,2,6,1,1,0,0,2014-15
E0,09/05/15,Crystal Palace,Man United,1,2,A,0,1,A,M Oliver,13,13,13,12,7,6,0,1,0,0,2014-15
E0,09/05/15,Everton,Sunderland,0,2,A,0,0,D,L Probert,22,10,10,9,15,1,2,3,0,0,2014-15
E0,09/05/15,Hull,Burnley,0,1,A,0,0,D,M Atkinson,21,8,16,12,9,3,1,1,0,0,2014-15
E0,09/05/15,Leicester,Southampton,2,0,H,2,0,H,R East,10,10,12,10,4,8,1,0,0,0,2014-15
E0,09/05/15,Newcastle,West Brom,1,1,D,1,1,D,C Foy,15,8,11,17,7,2,2,3,0,0,2014-15
E0,09/05/15,Stoke,Tottenham,3,0,H,2,0,H,M Clattenburg,17,9,14,12,6,8,0,0,0,1,2014-15
E0,10/05/15,Chelsea,Liverpool,1,1,D,1,1,D,A Marriner,8,15,13,11,6,4,4,3,0,0,2014-15
E0,10/05/15,Man City,QPR,6,0,H,2,0,H,M Dean,23,9,12,7,7,4,0,1,0,0,2014-15
E0,11/05/15,Arsenal,Swansea,0,1,A,0,0,D,K Friend,23,8,7,10,6,1,0,1,0,0,2014-15
E0,16/05/15,Burnley,Stoke,0,0,D,0,0,D,M Oliver,11,11,14,9,7,6,1,2,0,0,2014-15
E0,16/05/15,Liverpool,Crystal Palace,1,3,A,1,1,D,J Moss,18,15,10,17,4,5,2,3,0,0,2014-15
E0,16/05/15,QPR,Newcastle,2,1,H,0,1,A,L Probert,8,22,12,8,3,12,2,0,0,0,2014-15
E0,16/05/15,Southampton,Aston Villa,6,1,H,5,1,H,R Madley,18,9,19,7,6,3,1,1,0,0,2014-15
E0,16/05/15,Sunderland,Leicester,0,0,D,0,0,D,M Atkinson,13,11,14,15,8,9,4,1,0,0,2014-15
E0,16/05/15,Tottenham,Hull,2,0,H,0,0,D,A Taylor,10,14,10,6,6,8,3,1,0,0,2014-15
E0,16/05/15,West Ham,Everton,1,2,A,0,0,D,K Friend,13,21,12,14,7,8,1,4,0,0,2014-15
E0,17/05/15,Man United,Arsenal,1,1,D,1,0,H,M Dean,12,5,16,8,5,5,1,0,0,0,2014-15
E0,17/05/15,Swansea,Man City,2,4,A,1,2,A,M Clattenburg,13,22,8,8,11,7,0,3,0,0,2014-15
E0,18/05/15,West Brom,Chelsea,3,0,H,1,0,H,M Jones,9,12,12,11,3,4,3,2,0,1,2014-15
E0,20/05/15,Arsenal,Sunderland,0,0,D,0,0,D,A Taylor,28,7,6,8,5,2,1,0,0,0,2014-15
E0,24/05/15,Arsenal,West Brom,4,1,H,4,0,H,R Madley,24,14,6,7,7,3,1,0,0,0,2014-15
E0,24/05/15,Aston Villa,Burnley,0,1,A,0,1,A,M Jones,16,6,9,6,7,2,1,2,0,0,2014-15
E0,24/05/15,Chelsea,Sunderland,3,1,H,1,1,D,L Mason,24,17,12,8,11,3,2,1,0,0,2014-15
E0,24/05/15,Crystal Palace,Swansea,1,0,H,0,0,D,C Pawson,13,5,22,13,7,3,3,0,0,0,2014-15
E0,24/05/15,Everton,Tottenham,0,1,A,0,1,A,J Moss,9,16,12,8,3,5,1,2,0,0,2014-15
E0,24/05/15,Hull,Man United,0,0,D,0,0,D,L Probert,16,7,12,15,8,1,2,2,0,1,2014-15
E0,24/05/15,Leicester,QPR,5,1,H,2,0,H,M Oliver,22,18,7,6,5,6,0,0,0,0,2014-15
E0,24/05/15,Man City,Southampton,2,0,H,1,0,H,C Foy,15,13,13,8,8,4,1,1,0,0,2014-15
E0,24/05/15,Newcastle,West Ham,2,0,H,0,0,D,M Atkinson,17,4,9,9,2,3,2,1,0,0,2014-15
E0,24/05/15,Stoke,Liverpool,6,1,H,5,0,H,A Taylor,15,13,13,4,3,9,4,2,0,0,2014-15
E0,08/08/15,Bournemouth,Aston Villa,0,1,A,0,0,D,M Clattenburg,11,7,13,13,6,3,3,4,0,0,2015-16
E0,08/08/15,Chelsea,Swansea,2,2,D,2,1,H,M Oliver,11,18,15,16,4,8,1,3,1,0,2015-16
E0,08/08/15,Everton,Watford,2,2,D,0,1,A,M Jones,10,11,7,13,8,2,1,2,0,0,2015-16
E0,08/08/15,Leicester,Sunderland,4,2,H,3,0,H,L Mason,19,10,13,17,6,3,2,4,0,0,2015-16
E0,08/08/15,Man United,Tottenham,1,0,H,1,0,H,J Moss,9,9,12,12,1,2,2,3,0,0,2015-16
E0,08/08/15,Norwich,Crystal Palace,1,3,A,0,1,A,S Hooper,17,11,14,20,1,4,1,0,0,0,2015-16
E0,09/08/15,Arsenal,West Ham,0,2,A,0,1,A,M Atkinson,22,8,12,9,5,4,1,3,0,0,2015-16
E0,09/08/15,Newcastle,Southampton,2,2,D,1,1,D,C Pawson,9,15,9,12,6,6,2,4,0,0,2015-16
E0,09/08/15,Stoke,Liverpool,0,1,A,0,0,D,A Taylor,7,8,9,16,3,5,2,4,0,0,2015-16
E0,10/08/15,West Brom,Man City,0,3,A,0,2,A,M Dean,9,19,12,9,6,6,4,1,0,0,2015-16
E0,14/08/15,Aston Villa,Man United,0,1,A,0,1,A,M Dean,5,9,14,10,3,5,2,2,0,0,2015-16
E0,15/08/15,Southampton,Everton,0,3,A,0,2,A,M Oliver,17,10,11,10,9,9,4,2,0,0,2015-16
E0,15/08/15,Sunderland,Norwich,1,3,A,0,2,A,K Friend,6,19,7,7,6,6,1,2,0,0,2015-16
E0,15/08/15,Swansea,Newcastle,2,0,H,1,0,H,M Jones,19,4,11,8,4,4,2,1,0,1,2015-16
E0,15/08/15,Tottenham,Stoke,2,2,D,2,0,H,R Madley,13,16,15,11,4,3,2,2,0,0,2015-16
E0,15/08/15,Watford,West Brom,0,0,D,0,0,D,P Tierney,16,6,13,10,2,4,1,2,0,0,2015-16
E0,15/08/15,West Ham,Leicester,1,2,A,0,2,A,A Taylor,10,11,11,12,8,4,1,3,1,0,2015-16
E0,16/08/15,Crystal Palace,Arsenal,1,2,A,1,1,D,L Mason,11,20,14,12,6,6,1,1,0,0,2015-16
E0,16/08/15,Man City,Chelsea,3,0,H,1,0,H,M Atkinson,18,10,19,13,5,1,4,2,0,0,2015-16
E0,17/08/15,Liverpool,Bournemouth,1,0,H,1,0,H,C Pawson,18,13,11,18,6,8,1,4,0,0,2015-16
E0,22/08/15,Crystal Palace,Aston Villa,2,1,H,0,0,D,K Stroud,16,11,12,15,6,4,3,3,0,0,2015-16
E0,22/08/15,Leicester,Tottenham,1,1,D,0,0,D,M Atkinson,13,19,7,14,2,7,1,4,0,0,2015-16
E0,22/08/15,Man United,Newcastle,0,0,D,0,0,D,C Pawson,20,7,15,11,11,5,2,2,0,0,2015-16
E0,22/08/15,Norwich,Stoke,1,1,D,1,1,D,M Dean,21,6,16,5,9,0,4,1,0,0,2015-16
E0,22/08/15,Sunderland,Swansea,1,1,D,0,1,A,N Swarbrick,10,20,16,9,3,4,4,2,0,0,2015-16
E0,22/08/15,West Ham,Bournemouth,3,4,A,0,2,A,J Moss,10,15,8,11,5,4,0,0,1,0,2015-16
E0,23/08/15,Everton,Man City,0,2,A,0,0,D,A Taylor,10,16,5,7,8,7,0,3,0,0,2015-16
E0,23/08/15,Watford,Southampton,0,0,D,0,0,D,A Marriner,13,14,10,11,5,2,0,2,0,0,2015-16
E0,23/08/15,West Brom,Chelsea,2,3,A,1,3,A,M Clattenburg,15,15,9,12,8,7,2,1,0,1,2015-16
E0,24/08/15,Arsenal,Liverpool,0,0,D,0,0,D,M Oliver,19,15,2,13,7,8,1,4,0,0,2015-16
E0,29/08/15,Aston Villa,Sunderland,2,2,D,2,1,H,R Madley,21,7,10,14,5,4,2,1,0,0,2015-16
E0,29/08/15,Bournemouth,Leicester,1,1,D,1,0,H,N Swarbrick,5,4,9,19,4,4,2,4,0,0,2015-16
E0,29/08/15,Chelsea,Crystal Palace,1,2,A,0,0,D,C Pawson,26,13,9,15,7,7,1,1,0,0,2015-16
E0,29/08/15,Liverpool,West Ham,0,3,A,0,2,A,K Friend,13,12,17,11,5,7,3,1,1,1,2015-16
E0,29/08/15,Man City,Watford,2,0,H,0,0,D,M Clattenburg,18,7,9,12,9,3,1,2,0,0,2015-16
E0,29/08/15,Newcastle,Arsenal,0,1,A,0,0,D,A Marriner,1,22,15,8,0,9,6,1,1,0,2015-16
E0,29/08/15,Stoke,West Brom,0,1,A,0,1,A,M Oliver,13,15,4,9,6,5,1,4,2,0,2015-16
E0,29/08/15,Tottenham,Everton,0,0,D,0,0,D,M Jones,20,8,20,9,6,2,4,1,0,0,2015-16
E0,30/08/15,Southampton,Norwich,3,0,H,1,0,H,J Moss,23,6,4,12,6,4,0,0,0,1,2015-16
E0,30/08/15,Swansea,Man United,2,1,H,0,0,D,M Atkinson,9,11,6,15,0,1,2,2,0,0,2015-16
E0,12/09/15,Arsenal,Stoke,2,0,H,1,0,H,J Moss,29,9,6,13,13,1,1,1,0,0,2015-16
E0,12/09/15,Crystal Palace,Man City,0,1,A,0,0,D,M Jones,10,21,13,13,4,4,2,3,0,0,2015-16
E0,12/09/15,Everton,Chelsea,3,1,H,2,1,H,A Marriner,14,15,12,12,7,14,2,2,0,0,2015-16
E0,12/09/15,Man United,Liverpool,3,1,H,0,0,D,M Oliver,9,8,6,11,4,4,1,2,0,0,2015-16
E0,12/09/15,Norwich,Bournemouth,3,1,H,1,0,H,M Atkinson,12,7,10,11,4,4,2,3,0,0,2015-16
E0,12/09/15,Watford,Swansea,1,0,H,0,0,D,R Madley,17,8,11,14,1,3,1,1,1,0,2015-16
E0,12/09/15,West Brom,Southampton,0,0,D,0,0,D,S Attwell,8,14,5,5,4,5,1,0,0,0,2015-16
E0,13/09/15,Leicester,Aston Villa,3,2,H,0,1,A,M Dean,21,11,8,13,4,5,2,1,0,0,2015-16
E0,13/09/15,Sunderland,Tottenham,0,1,A,0,0,D,C Pawson,12,15,11,12,6,8,2,1,0,0,2015-16
E0,14/09/15,West Ham,Newcastle,2,0,H,1,0,H,A Taylor,17,14,8,11,6,7,0,2,0,0,2015-16
E0,19/09/15,Aston Villa,West Brom,0,1,A,0,1,A,M Atkinson,13,11,10,11,2,7,2,3,0,0,2015-16
E0,19/09/15,Bournemouth,Sunderland,2,0,H,2,0,H,K Friend,15,9,14,15,7,3,2,4,0,1,2015-16
E0,19/09/15,Chelsea,Arsenal,2,0,H,0,0,D,M Dean,22,9,12,11,5,5,3,1,0,2,2015-16
E0,19/09/15,Man City,West Ham,1,2,A,1,2,A,R Madley,27,6,10,7,16,3,1,2,0,0,2015-16
E0,19/09/15,Newcastle,Watford,1,2,A,0,2,A,R East,15,13,8,12,5,5,1,2,0,0,2015-16
E0,19/09/15,Stoke,Leicester,2,2,D,2,0,H,A Marriner,11,12,7,12,3,4,1,4,0,0,2015-16
E0,19/09/15,Swansea,Everton,0,0,D,0,0,D,S Attwell,12,17,12,11,2,4,2,2,0,1,2015-16
E0,20/09/15,Liverpool,Norwich,1,1,D,0,0,D,A Taylor,23,7,4,13,6,2,1,2,0,0,2015-16
E0,20/09/15,Southampton,Man United,2,3,A,1,1,D,M Clattenburg,15,10,6,13,5,5,2,0,0,0,2015-16
E0,20/09/15,Tottenham,Crystal Palace,1,0,H,0,0,D,M Oliver,22,12,9,11,6,5,1,2,0,0,2015-16
E0,26/09/15,Leicester,Arsenal,2,5,A,1,2,A,C Pawson,16,26,9,12,6,5,1,1,0,0,2015-16
E0,26/09/15,Liverpool,Aston Villa,3,2,H,1,0,H,J Moss,21,10,8,13,11,1,0,0,0,0,2015-16
E0,26/09/15,Man United,Sunderland,3,0,H,1,0,H,M Jones,12,9,12,17,5,2,0,3,0,0,2015-16
E0,26/09/15,Newcastle,Chelsea,2,2,D,1,0,H,M Atkinson,11,16,12,15,4,6,1,2,0,0,2015-16
E0,26/09/15,Southampton,Swansea,3,1,H,1,0,H,R East,18,11,18,14,4,3,3,1,0,0,2015-16
E0,26/09/15,Stoke,Bournemouth,2,1,H,1,0,H,L Mason,8,11,13,11,3,7,1,0,0,0,2015-16
E0,26/09/15,Tottenham,Man City,4,1,H,1,1,D,M Clattenburg,15,22,17,6,5,9,5,1,0,0,2015-16
E0,26/09/15,West Ham,Norwich,2,2,D,1,1,D,M Dean,19,16,7,17,7,5,0,0,0,0,2015-16
E0,27/09/15,Watford,Crystal Palace,0,1,A,0,0,D,A Taylor,15,16,17,22,6,4,4,4,0,0,2015-16
E0,28/09/15,West Brom,Everton,2,3,A,1,0,H,R Madley,9,12,9,8,6,4,0,3,0,0,2015-16
E0,03/10/15,Aston Villa,Stoke,0,1,A,0,0,D,M Jones,13,12,12,12,9,5,1,0,0,0,2015-16
E0,03/10/15,Bournemouth,Watford,1,1,D,1,1,D,M Oliver,12,11,8,13,5,3,1,1,0,0,2015-16
E0,03/10/15,Chelsea,Southampton,1,3,A,1,1,D,R Madley,10,13,14,14,4,6,2,5,0,0,2015-16
E0,03/10/15,Crystal Palace,West Brom,2,0,H,0,0,D,J Moss,21,7,14,13,8,3,3,3,0,0,2015-16
E0,03/10/15,Man City,Newcastle,6,1,H,1,1,D,K Friend,23,6,13,8,6,3,3,1,0,0,2015-16
E0,03/10/15,Norwich,Leicester,1,2,A,0,1,A,M Clattenburg,17,16,4,4,16,8,0,1,0,0,2015-16
E0,03/10/15,Sunderland,West Ham,2,2,D,2,1,H,N Swarbrick,12,20,14,11,1,8,2,4,1,0,2015-16
E0,04/10/15,Arsenal,Man United,3,0,H,3,0,H,A Taylor,12,9,8,17,3,6,1,3,0,0,2015-16
E0,04/10/15,Everton,Liverpool,1,1,D,1,1,D,M Atkinson,14,13,10,19,5,11,3,3,0,0,2015-16
E0,04/10/15,Swansea,Tottenham,2,2,D,2,1,H,M Dean,11,19,8,19,5,6,1,4,0,0,2015-16
E0,17/10/15,Chelsea,Aston Villa,2,0,H,1,0,H,R East,9,8,22,17,4,4,1,3,0,0,2015-16
E0,17/10/15,Crystal Palace,West Ham,1,3,A,1,1,D,M Clattenburg,6,24,9,11,1,9,1,3,1,0,2015-16
E0,17/10/15,Everton,Man United,0,3,A,0,2,A,J Moss,12,10,12,14,5,3,2,2,0,0,2015-16
E0,17/10/15,Man City,Bournemouth,5,1,H,4,1,H,M Dean,15,5,11,5,1,7,2,1,0,0,2015-16
E0,17/10/15,Southampton,Leicester,2,2,D,2,0,H,P Tierney,14,26,16,10,6,7,2,0,0,0,2015-16
E0,17/10/15,Tottenham,Liverpool,0,0,D,0,0,D,C Pawson,13,12,15,11,8,6,1,2,0,0,2015-16
E0,17/10/15,Watford,Arsenal,0,3,A,0,0,D,M Jones,8,17,11,12,3,9,2,1,0,0,2015-16
E0,17/10/15,West Brom,Sunderland,1,0,H,0,0,D,M Atkinson,8,9,12,13,1,5,2,2,0,0,2015-16
E0,18/10/15,Newcastle,Norwich,6,2,H,3,2,H,A Taylor,11,18,10,10,3,7,1,1,0,0,2015-16
E0,19/10/15,Swansea,Stoke,0,1,A,0,1,A,R Madley,14,9,6,14,1,2,2,2,0,0,2015-16
E0,24/10/15,Arsenal,Everton,2,1,H,2,1,H,L Mason,20,10,11,14,7,5,2,0,0,1,2015-16
E0,24/10/15,Aston Villa,Swansea,1,2,A,0,0,D,N Swarbrick,9,11,10,8,4,6,2,3,0,0,2015-16
E0,24/10/15,Leicester,Crystal Palace,1,0,H,0,0,D,M Dean,12,9,7,11,3,2,3,1,0,0,2015-16
E0,24/10/15,Norwich,West Brom,0,1,A,0,0,D,K Friend,16,7,11,6,13,3,1,2,0,0,2015-16
E0,24/10/15,Stoke,Watford,0,2,A,0,1,A,M Atkinson,12,13,10,18,11,5,3,1,0,0,2015-16
E0,24/10/15,West Ham,Chelsea,2,1,H,1,0,H,J Moss,12,8,10,12,7,4,1,5,0,1,2015-16
E0,25/10/15,Bournemouth,Tottenham,1,5,A,1,3,A,R East,11,14,8,15,4,5,0,1,0,0,2015-16
E0,25/10/15,Liverpool,Southampton,1,1,D,0,0,D,A Marriner,15,8,8,11,10,7,1,0,0,1,2015-16
E0,25/10/15,Man United,Man City,0,0,D,0,0,D,M Clattenburg,6,6,17,13,6,4,2,2,0,0,2015-16
E0,25/10/15,Sunderland,Newcastle,3,0,H,1,0,H,R Madley,9,21,12,10,1,10,0,2,0,1,2015-16
E0,31/10/15,Chelsea,Liverpool,1,3,A,1,1,D,M Clattenburg,8,16,9,21,1,7,1,4,0,0,2015-16
E0,31/10/15,Crystal Palace,Man United,0,0,D,0,0,D,M Jones,10,5,12,15,7,3,3,3,0,0,2015-16
E0,31/10/15,Man City,Norwich,2,1,H,0,0,D,R Madley,21,5,4,13,12,4,2,2,0,1,2015-16
E0,31/10/15,Newcastle,Stoke,0,0,D,0,0,D,R East,15,9,6,16,11,4,1,3,0,0,2015-16
E0,31/10/15,Swansea,Arsenal,0,3,A,0,0,D,K Friend,8,15,12,7,4,4,2,0,0,0,2015-16
E0,31/10/15,Watford,West Ham,2,0,H,1,0,H,K Stroud,20,8,16,12,7,2,3,0,0,1,2015-16
E0,31/10/15,West Brom,Leicester,2,3,A,1,0,H,A Taylor,14,13,3,11,6,4,0,2,0,0,2015-16
E0,01/11/15,Everton,Sunderland,6,2,H,2,1,H,A Marriner,15,17,6,5,6,1,3,2,0,0,2015-16
E0,01/11/15,Southampton,Bournemouth,2,0,H,2,0,H,C Pawson,11,16,5,5,4,6,0,2,1,0,2015-16
E0,02/11/15,Tottenham,Aston Villa,3,1,H,2,0,H,M Dean,17,13,6,15,4,3,0,3,0,0,2015-16
E0,07/11/15,Bournemouth,Newcastle,0,1,A,0,1,A,L Mason,20,2,9,11,16,0,2,2,0,0,2015-16
E0,07/11/15,Leicester,Watford,2,1,H,0,0,D,R East,12,8,10,10,4,2,0,1,0,0,2015-16
E0,07/11/15,Man United,West Brom,2,0,H,0,0,D,M Dean,13,4,11,10,5,1,1,3,0,1,2015-16
E0,07/11/15,Norwich,Swansea,1,0,H,0,0,D,M Clattenburg,9,8,12,7,5,2,1,0,0,0,2015-16
E0,07/11/15,Stoke,Chelsea,1,0,H,0,0,D,A Taylor,8,19,13,10,1,9,3,1,0,0,2015-16
E0,07/11/15,Sunderland,Southampton,0,1,A,0,0,D,M Jones,9,11,3,7,10,11,1,3,0,0,2015-16
E0,07/11/15,West Ham,Everton,1,1,D,1,1,D,P Tierney,16,13,11,12,3,5,1,2,0,0,2015-16
E0,08/11/15,Arsenal,Tottenham,1,1,D,0,1,A,M Atkinson,10,14,12,17,7,6,0,1,0,0,2015-16
E0,08/11/15,Aston Villa,Man City,0,0,D,0,0,D,C Pawson,3,13,7,7,3,8,1,1,0,0,2015-16
E0,08/11/15,Liverpool,Crystal Palace,1,2,A,1,1,D,N Swarbrick,22,9,7,6,14,6,1,2,0,0,2015-16
E0,21/11/15,Chelsea,Norwich,1,0,H,0,0,D,C Pawson,21,4,4,12,6,5,1,4,0,0,2015-16
E0,21/11/15,Everton,Aston Villa,4,0,H,3,0,H,M Oliver,16,10,6,9,2,3,0,0,0,0,2015-16
E0,21/11/15,Man City,Liverpool,1,4,A,1,3,A,J Moss,11,14,5,13,11,5,0,3,0,0,2015-16
E0,21/11/15,Newcastle,Leicester,0,3,A,0,1,A,M Jones,9,18,9,12,4,9,4,1,0,0,2015-16
E0,21/11/15,Southampton,Stoke,0,1,A,0,1,A,L Mason,16,16,8,8,7,3,2,0,0,0,2015-16
E0,21/11/15,Swansea,Bournemouth,2,2,D,2,2,D,A Marriner,11,16,7,9,4,5,3,2,0,0,2015-16
E0,21/11/15,Watford,Man United,1,2,A,0,1,A,R Madley,10,13,6,12,4,10,1,2,0,0,2015-16
E0,21/11/15,West Brom,Arsenal,2,1,H,2,1,H,M Clattenburg,4,11,14,10,3,5,3,2,0,0,2015-16
E0,22/11/15,Tottenham,West Ham,4,1,H,2,0,H,A Taylor,22,10,13,9,7,6,2,2,0,0,2015-16
E0,23/11/15,Crystal Palace,Sunderland,0,1,A,0,0,D,M Atkinson,19,12,18,11,11,2,1,3,0,0,2015-16
E0,28/11/15,Aston Villa,Watford,2,3,A,1,1,D,L Mason,12,14,6,13,10,10,2,3,0,0,2015-16
E0,28/11/15,Bournemouth,Everton,3,3,D,0,2,A,K Friend,19,11,6,6,10,5,2,0,0,0,2015-16
E0,28/11/15,Crystal Palace,Newcastle,5,1,H,3,1,H,S Attwell,19,7,7,13,7,5,1,1,0,0,2015-16
E0,28/11/15,Leicester,Man United,1,1,D,1,1,D,C Pawson,7,10,5,7,1,8,0,1,0,0,2015-16
E0,28/11/15,Man City,Southampton,3,1,H,2,0,H,R East,16,12,14,11,6,4,2,1,0,0,2015-16
E0,28/11/15,Sunderland,Stoke,2,0,H,0,0,D,M Dean,18,7,4,10,9,5,0,2,0,1,2015-16
E0,29/11/15,Liverpool,Swansea,1,0,H,0,0,D,A Taylor,10,8,12,6,8,7,3,1,0,0,2015-16
E0,29/11/15,Norwich,Arsenal,1,1,D,1,1,D,J Moss,7,12,8,6,3,6,1,1,0,0,2015-16
E0,29/11/15,Tottenham,Chelsea,0,0,D,0,0,D,M Oliver,9,5,14,9,4,4,4,2,0,0,2015-16
E0,29/11/15,West Ham,West Brom,1,1,D,1,0,H,M Atkinson,17,7,15,16,5,2,0,2,0,0,2015-16
E0,05/12/15,Arsenal,Sunderland,3,1,H,1,1,D,R Madley,16,11,7,11,3,2,1,1,0,0,2015-16
E0,05/12/15,Chelsea,Bournemouth,0,1,A,0,0,D,M Jones,19,15,10,13,11,4,2,1,0,0,2015-16
E0,05/12/15,Man United,West Ham,0,0,D,0,0,D,M Clattenburg,21,9,9,13,6,2,1,0,0,0,2015-16
E0,05/12/15,Southampton,Aston Villa,1,1,D,0,1,A,A Taylor,23,9,4,9,10,4,1,2,0,0,2015-16
E0,05/12/15,Stoke,Man City,2,0,H,2,0,H,M Atkinson,7,11,9,10,1,6,0,1,0,0,2015-16
E0,05/12/15,Swansea,Leicester,0,3,A,0,2,A,M Oliver,10,16,3,19,3,8,2,3,0,0,2015-16
E0,05/12/15,Watford,Norwich,2,0,H,1,0,H,M Dean,14,6,11,10,4,1,3,3,0,0,2015-16
E0,05/12/15,West Brom,Tottenham,1,1,D,1,1,D,J Moss,11,9,13,10,3,6,3,2,0,0,2015-16
E0,06/12/15,Newcastle,Liverpool,2,0,H,0,0,D,A Marriner,6,10,6,10,2,7,3,1,0,0,2015-16
E0,07/12/15,Everton,Crystal Palace,1,1,D,0,0,D,C Pawson,19,14,4,11,13,6,1,2,0,0,2015-16
E0,12/12/15,Bournemouth,Man United,2,1,H,1,1,D,A Taylor,11,11,12,12,5,7,2,1,0,0,2015-16
E0,12/12/15,Crystal Palace,Southampton,1,0,H,1,0,H,M Dean,12,15,11,13,8,5,0,0,0,0,2015-16
E0,12/12/15,Man City,Swansea,2,1,H,1,0,H,R Madley,13,13,13,15,5,5,3,1,0,0,2015-16
E0,12/12/15,Norwich,Everton,1,1,D,0,1,A,M Atkinson,9,15,9,6,5,4,1,0,0,0,2015-16
E0,12/12/15,Sunderland,Watford,0,1,A,0,1,A,G Scott,14,13,6,9,8,3,1,0,0,0,2015-16
E0,12/12/15,West Ham,Stoke,0,0,D,0,0,D,A Marriner,22,12,7,9,11,7,1,2,0,0,2015-16
E0,13/12/15,Aston Villa,Arsenal,0,2,A,0,2,A,K Friend,18,8,8,7,5,5,0,0,0,0,2015-16
E0,13/12/15,Liverpool,West Brom,2,2,D,1,1,D,C Pawson,28,4,7,10,4,4,0,0,0,0,2015-16
E0,13/12/15,Tottenham,Newcastle,1,2,A,1,0,H,R East,20,8,13,14,6,2,2,2,0,0,2015-16
E0,14/12/15,Leicester,Chelsea,2,1,H,1,0,H,M Clattenburg,9,11,16,8,1,8,2,0,0,0,2015-16
E0,19/12/15,Chelsea,Sunderland,3,1,H,2,0,H,R East,17,11,12,12,2,2,1,3,0,0,2015-16
E0,19/12/15,Everton,Leicester,2,3,A,1,1,D,J Moss,13,10,6,14,10,2,2,1,0,0,2015-16
E0,19/12/15,Man United,Norwich,1,2,A,0,1,A,M Oliver,11,6,4,10,11,0,0,2,0,0,2015-16
E0,19/12/15,Newcastle,Aston Villa,1,1,D,1,0,H,M Atkinson,8,10,9,14,3,7,1,3,0,0,2015-16
E0,19/12/15,Southampton,Tottenham,0,2,A,0,2,A,K Friend,11,13,18,9,4,7,1,1,0,0,2015-16
E0,19/12/15,Stoke,Crystal Palace,1,2,A,0,1,A,R Madley,26,12,6,12,7,3,2,0,0,0,2015-16
E0,19/12/15,West Brom,Bournemouth,1,2,A,0,0,D,M Dean,6,16,12,9,4,8,2,1,2,0,2015-16
E0,20/12/15,Swansea,West Ham,0,0,D,0,0,D,L Mason,21,11,6,9,8,9,0,1,0,0,2015-16
E0,20/12/15,Watford,Liverpool,3,0,H,2,0,H,M Clattenburg,6,12,6,9,7,9,1,0,0,0,2015-16
E0,21/12/15,Arsenal,Man City,2,1,H,2,0,H,A Marriner,8,20,5,16,4,8,0,2,0,0,2015-16
E0,26/12/15,Aston Villa,West Ham,1,1,D,0,1,A,M Dean,5,10,14,13,9,6,3,3,0,0,2015-16
E0,26/12/15,Bournemouth,Crystal Palace,0,0,D,0,0,D,M Oliver,10,8,10,13,8,9,1,0,0,0,2015-16
E0,26/12/15,Chelsea,Watford,2,2,D,1,1,D,A Marriner,17,12,7,15,9,4,1,4,0,0,2015-16
E0,26/12/15,Liverpool,Leicester,1,0,H,0,0,D,M Atkinson,25,7,11,8,7,6,2,1,0,0,2015-16
E0,26/12/15,Man City,Sunderland,4,1,H,3,0,H,A Taylor,19,11,10,11,5,1,1,1,0,0,2015-16
E0,26/12/15,Newcastle,Everton,0,1,A,0,0,D,L Mason,10,20,16,12,1,7,2,2,0,0,2015-16
E0,26/12/15,Southampton,Arsenal,4,0,H,1,0,H,J Moss,15,7,10,9,3,4,1,0,0,0,2015-16
E0,26/12/15,Stoke,Man United,2,0,H,2,0,H,K Friend,13,11,13,16,1,12,1,2,0,0,2015-16
E0,26/12/15,Swansea,West Brom,1,0,H,1,0,H,R East,7,9,10,13,0,7,1,3,0,0,2015-16
E0,26/12/15,Tottenham,Norwich,3,0,H,2,0,H,M Jones,15,11,4,13,9,4,1,2,0,0,2015-16
E0,28/12/15,Arsenal,Bournemouth,2,0,H,1,0,H,R East,13,10,7,8,9,3,2,0,0,0,2015-16
E0,28/12/15,Crystal Palace,Swansea,0,0,D,0,0,D,N Swarbrick,10,5,11,16,7,4,3,2,0,0,2015-16
E0,28/12/15,Everton,Stoke,3,4,A,1,2,A,M Clattenburg,15,8,10,12,6,2,2,1,0,0,2015-16
E0,28/12/15,Man United,Chelsea,0,0,D,0,0,D,M Atkinson,12,8,16,6,5,3,4,2,0,0,2015-16
E0,28/12/15,Norwich,Aston Villa,2,0,H,1,0,H,G Scott,9,6,10,21,3,7,2,5,0,0,2015-16
E0,28/12/15,Watford,Tottenham,1,2,A,1,1,D,A Taylor,9,10,11,13,5,3,4,2,1,0,2015-16
E0,28/12/15,West Brom,Newcastle,1,0,H,0,0,D,M Jones,22,7,7,13,18,6,0,0,0,0,2015-16
E0,28/12/15,West Ham,Southampton,2,1,H,0,1,A,M Oliver,13,15,6,12,4,7,1,3,0,0,2015-16
E0,29/12/15,Leicester,Man City,0,0,D,0,0,D,C Pawson,11,21,11,8,1,13,1,3,0,0,2015-16
E0,30/12/15,Sunderland,Liverpool,0,1,A,0,0,D,K Friend,8,17,8,16,6,4,1,3,0,0,2015-16
E0,02/01/16,Arsenal,Newcastle,1,0,H,0,0,D,A Taylor,16,15,10,9,7,4,2,2,0,0,2015-16
E0,02/01/16,Leicester,Bournemouth,0,0,D,0,0,D,A Marriner,16,9,9,5,7,1,1,1,0,1,2015-16
E0,02/01/16,Man United,Swansea,2,1,H,0,0,D,J Moss,19,9,14,10,4,2,2,1,0,0,2015-16
E0,02/01/16,Norwich,Southampton,1,0,H,0,0,D,M Clattenburg,10,10,9,7,4,9,1,0,0,1,2015-16
E0,02/01/16,Sunderland,Aston Villa,3,1,H,1,0,H,C Pawson,13,8,8,13,3,3,3,4,0,0,2015-16
E0,02/01/16,Watford,Man City,1,2,A,0,0,D,M Atkinson,11,16,6,10,4,5,1,0,0,0,2015-16
E0,02/01/16,West Brom,Stoke,2,1,H,0,0,D,L Mason,16,10,7,15,4,6,1,1,0,1,2015-16
E0,02/01/16,West Ham,Liverpool,2,0,H,1,0,H,R Madley,18,23,11,8,3,9,1,1,0,0,2015-16
E0,03/01/16,Crystal Palace,Chelsea,0,3,A,0,1,A,K Friend,8,10,12,15,5,7,3,0,0,0,2015-16
E0,03/01/16,Everton,Tottenham,1,1,D,1,1,D,M Oliver,12,19,8,11,4,4,1,2,0,0,2015-16
E0,12/01/16,Aston Villa,Crystal Palace,1,0,H,0,0,D,M Clattenburg,13,9,15,9,9,0,2,1,0,0,2015-16
E0,12/01/16,Bournemouth,West Ham,1,3,A,1,0,H,M Atkinson,11,10,8,5,4,7,1,1,0,0,2015-16
E0,12/01/16,Newcastle,Man United,3,3,D,1,2,A,M Dean,14,12,10,12,5,3,1,3,0,0,2015-16
E0,13/01/16,Chelsea,West Brom,2,2,D,1,1,D,A Taylor,14,13,13,8,7,7,3,3,0,0,2015-16
E0,13/01/16,Liverpool,Arsenal,3,3,D,2,2,D,M Jones,22,14,9,7,9,3,2,0,0,0,2015-16
E0,13/01/16,Man City,Everton,0,0,D,0,0,D,R East,22,7,5,6,12,5,0,1,0,0,2015-16
E0,13/01/16,Southampton,Watford,2,0,H,1,0,H,C Pawson,15,4,9,11,8,1,1,2,0,0,2015-16
E0,13/01/16,Stoke,Norwich,3,1,H,0,0,D,N Swarbrick,14,5,5,8,7,3,0,1,0,1,2015-16
E0,13/01/16,Swansea,Sunderland,2,4,A,2,1,H,G Scott,10,7,9,12,8,6,2,0,1,0,2015-16
E0,13/01/16,Tottenham,Leicester,0,1,A,0,0,D,L Mason,21,10,13,10,16,8,1,0,0,0,2015-16
E0,16/01/16,Aston Villa,Leicester,1,1,D,0,1,A,R East,14,12,13,15,3,4,3,2,0,0,2015-16
E0,16/01/16,Bournemouth,Norwich,3,0,H,1,0,H,R Madley,15,10,8,13,5,3,1,1,0,0,2015-16
E0,16/01/16,Chelsea,Everton,3,3,D,0,0,D,M Jones,14,9,12,5,6,4,1,1,0,0,2015-16
E0,16/01/16,Man City,Crystal Palace,4,0,H,2,0,H,J Moss,17,9,10,11,5,6,0,2,0,0,2015-16
E0,16/01/16,Newcastle,West Ham,2,1,H,2,0,H,N Swarbrick,23,10,9,4,3,3,1,0,0,0,2015-16
E0,16/01/16,Southampton,West Brom,3,0,H,2,0,H,M Atkinson,9,9,10,11,1,3,0,0,0,0,2015-16
E0,16/01/16,Tottenham,Sunderland,4,1,H,1,1,D,M Dean,26,5,8,13,11,3,0,2,0,0,2015-16
E0,17/01/16,Liverpool,Man United,0,1,A,0,0,D,M Clattenburg,19,7,6,18,5,4,0,2,0,0,2015-16
E0,17/01/16,Stoke,Arsenal,0,0,D,0,0,D,C Pawson,14,8,16,10,6,6,0,0,0,0,2015-16
E0,18/01/16,Swansea,Watford,1,0,H,1,0,H,M Oliver,10,13,8,11,6,3,2,2,0,0,2015-16
E0,23/01/16,Crystal Palace,Tottenham,1,3,A,1,0,H,M Atkinson,11,24,11,12,3,10,2,2,0,0,2015-16
E0,23/01/16,Leicester,Stoke,3,0,H,1,0,H,M Dean,15,3,10,13,8,4,0,1,0,0,2015-16
E0,23/01/16,Man United,Southampton,0,1,A,0,0,D,M Jones,8,7,11,8,4,4,0,0,0,0,2015-16
E0,23/01/16,Norwich,Liverpool,4,5,A,2,1,H,L Mason,6,13,10,14,3,3,0,1,0,0,2015-16
E0,23/01/16,Sunderland,Bournemouth,1,1,D,1,1,D,R East,10,15,5,9,3,4,1,1,0,0,2015-16
E0,23/01/16,Watford,Newcastle,2,1,H,0,0,D,A Marriner,13,11,10,12,2,7,2,1,0,0,2015-16
E0,23/01/16,West Brom,Aston Villa,0,0,D,0,0,D,R Madley,4,15,7,13,2,6,0,1,0,0,2015-16
E0,23/01/16,West Ham,Man City,2,2,D,1,1,D,C Pawson,10,16,11,15,5,2,2,3,0,0,2015-16
E0,24/01/16,Arsenal,Chelsea,0,1,A,0,1,A,M Clattenburg,9,12,14,13,6,7,1,3,1,0,2015-16
E0,24/01/16,Everton,Swansea,1,2,A,1,2,A,A Taylor,20,7,5,12,7,1,0,3,0,0,2015-16
E0,02/02/16,Arsenal,Southampton,0,0,D,0,0,D,L Mason,21,14,11,19,13,3,2,1,0,0,2015-16
E0,02/02/16,Crystal Palace,Bournemouth,1,2,A,1,1,D,M Jones,14,8,11,15,5,3,3,4,0,0,2015-16
E0,02/02/16,Leicester,Liverpool,2,0,H,0,0,D,A Marriner,13,14,6,7,3,12,0,1,0,0,2015-16
E0,02/02/16,Man United,Stoke,3,0,H,2,0,H,R East,15,10,13,13,2,5,2,1,0,0,2015-16
E0,02/02/16,Norwich,Tottenham,0,3,A,0,2,A,K Friend,10,17,8,9,6,8,2,2,0,0,2015-16
E0,02/02/16,Sunderland,Man City,0,1,A,0,1,A,S Attwell,11,6,6,15,8,4,1,4,0,0,2015-16
E0,02/02/16,West Brom,Swansea,1,1,D,0,0,D,N Swarbrick,17,18,12,13,7,7,0,0,0,0,2015-16
E0,02/02/16,West Ham,Aston Villa,2,0,H,0,0,D,J Moss,25,6,9,11,5,5,3,0,0,1,2015-16
E0,03/02/16,Everton,Newcastle,3,0,H,1,0,H,C Pawson,18,7,8,15,3,3,1,2,0,1,2015-16
E0,03/02/16,Watford,Chelsea,0,0,D,0,0,D,M Dean,12,12,10,13,7,7,2,1,0,0,2015-16
E0,06/02/16,Aston Villa,Norwich,2,0,H,1,0,H,M Atkinson,10,12,10,11,2,11,0,2,0,0,2015-16
E0,06/02/16,Liverpool,Sunderland,2,2,D,0,0,D,R Madley,16,7,4,12,7,2,1,1,0,0,2015-16
E0,06/02/16,Man City,Leicester,1,3,A,0,1,A,A Taylor,22,14,9,15,11,4,2,2,0,0,2015-16
E0,06/02/16,Newcastle,West Brom,1,0,H,1,0,H,L Mason,19,7,12,12,8,4,0,3,0,0,2015-16
E0,06/02/16,Southampton,West Ham,1,0,H,1,0,H,M Clattenburg,8,18,17,10,4,5,1,2,1,0,2015-16
E0,06/02/16,Stoke,Everton,0,3,A,0,3,A,A Marriner,11,14,11,8,6,4,1,0,0,0,2015-16
E0,06/02/16,Swansea,Crystal Palace,1,1,D,1,0,H,M Dean,19,12,11,14,9,5,1,2,0,0,2015-16
E0,06/02/16,Tottenham,Watford,1,0,H,0,0,D,R East,26,3,12,9,15,1,0,1,0,0,2015-16
E0,07/02/16,Bournemouth,Arsenal,0,2,A,0,2,A,K Friend,17,10,6,8,7,3,0,1,0,0,2015-16
E0,07/02/16,Chelsea,Man United,1,1,D,0,0,D,M Oliver,16,17,6,9,10,11,0,3,0,0,2015-16
E0,13/02/16,Bournemouth,Stoke,1,3,A,0,1,A,G Scott,11,11,7,18,9,2,4,2,0,0,2015-16
E0,13/02/16,Chelsea,Newcastle,5,1,H,3,0,H,R Madley,15,10,16,14,8,3,0,1,1,0,2015-16
E0,13/02/16,Crystal Palace,Watford,1,2,A,1,1,D,R East,14,10,11,16,8,5,0,2,0,0,2015-16
E0,13/02/16,Everton,West Brom,0,1,A,0,1,A,M Oliver,34,5,9,12,14,1,1,3,0,0,2015-16
E0,13/02/16,Norwich,West Ham,2,2,D,0,0,D,M Jones,13,11,16,11,3,3,2,2,0,0,2015-16
E0,13/02/16,Sunderland,Man United,2,1,H,1,1,D,A Marriner,21,12,7,15,6,8,2,3,0,0,2015-16
E0,13/02/16,Swansea,Southampton,0,1,A,0,0,D,J Moss,13,13,10,12,5,4,0,3,0,0,2015-16
E0,14/02/16,Arsenal,Leicester,2,1,H,0,1,A,M Atkinson,24,7,9,10,11,1,4,3,0,1,2015-16
E0,14/02/16,Aston Villa,Liverpool,0,6,A,0,2,A,N Swarbrick,6,11,10,9,0,6,3,1,0,0,2015-16
E0,14/02/16,Man City,Tottenham,1,2,A,0,0,D,M Clattenburg,19,6,12,17,7,1,1,3,0,0,2015-16
E0,27/02/16,Leicester,Norwich,1,0,H,0,0,D,N Swarbrick,13,9,9,11,3,4,0,2,0,0,2015-16
E0,27/02/16,Southampton,Chelsea,1,2,A,1,0,H,M Atkinson,7,16,10,11,7,8,3,1,0,0,2015-16
E0,27/02/16,Stoke,Aston Villa,2,1,H,0,0,D,K Friend,11,5,7,15,11,0,0,3,0,0,2015-16
E0,27/02/16,Watford,Bournemouth,0,0,D,0,0,D,A Taylor,14,11,14,17,4,5,3,1,0,0,2015-16
E0,27/02/16,West Brom,Crystal Palace,3,2,H,3,0,H,J Moss,11,15,14,16,3,6,2,2,0,0,2015-16
E0,27/02/16,West Ham,Sunderland,1,0,H,1,0,H,M Dean,9,13,11,9,5,6,1,0,0,0,2015-16
E0,28/02/16,Tottenham,Swansea,2,1,H,0,1,A,M Jones,34,10,11,14,7,7,2,3,0,0,2015-16
E0,28/02/16,Man United,Arsenal,3,2,H,2,1,H,C Pawson,7,13,21,15,2,3,4,3,0,0,2015-16
E0,01/03/16,Aston Villa,Everton,1,3,A,0,2,A,R East,14,10,8,7,9,8,3,1,0,0,2015-16
E0,01/03/16,Bournemouth,Southampton,2,0,H,1,0,H,M Dean,9,6,11,18,10,2,0,0,0,0,2015-16
E0,01/03/16,Leicester,West Brom,2,2,D,2,1,H,M Clattenburg,22,11,10,8,11,3,0,2,0,0,2015-16
E0,01/03/16,Norwich,Chelsea,1,2,A,0,2,A,L Mason,13,10,17,5,4,4,3,2,0,0,2015-16
E0,01/03/16,Sunderland,Crystal Palace,2,2,D,1,0,H,A Taylor,17,13,11,14,4,5,1,1,0,0,2015-16
E0,02/03/16,Arsenal,Swansea,1,2,A,1,1,D,R Madley,18,11,8,11,7,3,0,2,0,0,2015-16
E0,02/03/16,Liverpool,Man City,3,0,H,2,0,H,M Atkinson,11,4,14,14,3,2,0,1,0,0,2015-16
E0,02/03/16,Man United,Watford,1,0,H,0,0,D,M Jones,14,13,7,17,9,7,1,2,0,0,2015-16
E0,02/03/16,Stoke,Newcastle,1,0,H,0,0,D,N Swarbrick,9,5,11,6,5,2,1,0,0,0,2015-16
E0,02/03/16,West Ham,Tottenham,1,0,H,1,0,H,A Marriner,14,9,10,11,6,3,0,3,0,0,2015-16
E0,05/03/16,Chelsea,Stoke,1,1,D,1,0,H,M Clattenburg,20,16,9,10,8,4,1,2,0,0,2015-16
E0,05/03/16,Everton,West Ham,2,3,A,1,0,H,A Taylor,15,17,12,13,9,6,2,3,1,0,2015-16
E0,05/03/16,Man City,Aston Villa,4,0,H,0,0,D,L Mason,22,2,10,10,9,1,0,1,0,0,2015-16
E0,05/03/16,Newcastle,Bournemouth,1,3,A,0,1,A,P Tierney,14,16,13,8,5,4,1,3,0,0,2015-16
E0,05/03/16,Southampton,Sunderland,1,1,D,0,0,D,N Swarbrick,16,11,9,9,12,2,2,1,1,0,2015-16
E0,05/03/16,Swansea,Norwich,1,0,H,0,0,D,C Pawson,10,8,14,15,5,0,2,5,0,0,2015-16
E0,05/03/16,Tottenham,Arsenal,2,2,D,0,1,A,M Oliver,26,10,9,10,9,2,2,2,0,1,2015-16
E0,05/03/16,Watford,Leicester,0,1,A,0,0,D,J Moss,11,14,10,11,3,8,2,2,0,0,2015-16
E0,06/03/16,Crystal Palace,Liverpool,1,2,A,0,0,D,A Marriner,14,19,12,16,6,6,1,2,0,1,2015-16
E0,06/03/16,West Brom,Man United,1,0,H,0,0,D,M Dean,9,7,8,7,4,5,1,0,0,1,2015-16
E0,12/03/16,Bournemouth,Swansea,3,2,H,1,1,D,R East,12,12,12,11,5,3,1,0,0,0,2015-16
E0,12/03/16,Norwich,Man City,0,0,D,0,0,D,J Moss,5,15,15,10,3,8,3,1,0,0,2015-16
E0,12/03/16,Stoke,Southampton,1,2,A,0,2,A,L Mason,13,11,13,12,1,4,1,2,0,1,2015-16
E0,13/03/16,Aston Villa,Tottenham,0,2,A,0,1,A,A Taylor,11,19,6,6,5,8,0,0,0,0,2015-16
E0,14/03/16,Leicester,Newcastle,1,0,H,1,0,H,C Pawson,10,13,4,9,8,4,0,0,0,0,2015-16
E0,19/03/16,Chelsea,West Ham,2,2,D,1,1,D,R Madley,22,13,13,14,10,9,3,5,0,0,2015-16
E0,19/03/16,Crystal Palace,Leicester,0,1,A,0,1,A,M Jones,12,8,9,13,10,7,1,1,0,0,2015-16
E0,19/03/16,Everton,Arsenal,0,2,A,0,2,A,M Clattenburg,8,11,7,10,7,5,0,0,0,0,2015-16
E0,19/03/16,Swansea,Aston Villa,1,0,H,0,0,D,M Dean,10,12,9,10,4,6,3,2,0,0,2015-16
E0,19/03/16,Watford,Stoke,1,2,A,0,1,A,C Pawson,9,9,10,14,9,2,3,1,0,0,2015-16
E0,19/03/16,West Brom,Norwich,0,1,A,0,0,D,A Taylor,10,7,8,13,4,3,1,2,0,0,2015-16
E0,20/03/16,Man City,Man United,0,1,A,0,1,A,M Oliver,26,5,9,12,11,5,1,1,0,0,2015-16
E0,20/03/16,Newcastle,Sunderland,1,1,D,0,1,A,M Atkinson,17,14,14,7,2,5,4,1,0,0,2015-16
E0,20/03/16,Southampton,Liverpool,3,2,H,0,2,A,R East,16,18,10,13,3,5,1,3,0,0,2015-16
E0,20/03/16,Tottenham,Bournemouth,3,0,H,2,0,H,N Swarbrick,17,2,11,6,4,5,0,1,0,0,2015-16
E0,02/04/16,Arsenal,Watford,4,0,H,2,0,H,A Taylor,19,6,7,10,8,3,1,1,0,0,2015-16
E0,02/04/16,Aston Villa,Chelsea,0,4,A,0,2,A,N Swarbrick,15,11,12,8,7,2,4,1,1,0,2015-16
E0,02/04/16,Bournemouth,Man City,0,4,A,0,3,A,R Madley,11,15,9,8,4,4,0,1,0,0,2015-16
E0,02/04/16,Liverpool,Tottenham,1,1,D,0,0,D,J Moss,15,18,11,11,12,9,2,0,0,0,2015-16
E0,02/04/16,Norwich,Newcastle,3,2,H,1,0,H,M Dean,13,13,6,11,6,5,0,0,0,0,2015-16
E0,02/04/16,Stoke,Swansea,2,2,D,1,0,H,M Atkinson,12,12,6,16,5,5,0,1,0,0,2015-16
E0,02/04/16,Sunderland,West Brom,0,0,D,0,0,D,R East,22,3,11,13,9,3,1,1,0,0,2015-16
E0,02/04/16,West Ham,Crystal Palace,2,2,D,2,1,H,M Clattenburg,18,12,12,19,4,5,2,2,1,0,2015-16
E0,03/04/16,Leicester,Southampton,1,0,H,1,0,H,M Oliver,11,10,12,13,7,8,2,2,0,0,2015-16
E0,03/04/16,Man United,Everton,1,0,H,0,0,D,A Marriner,10,7,15,6,5,5,2,0,0,0,2015-16
E0,09/04/16,Aston Villa,Bournemouth,1,2,A,0,1,A,M Atkinson,6,12,13,11,3,8,2,2,0,0,2015-16
E0,09/04/16,Crystal Palace,Norwich,1,0,H,0,0,D,M Oliver,13,13,13,10,10,4,2,1,0,0,2015-16
E0,09/04/16,Man City,West Brom,2,1,H,1,1,D,M Jones,13,13,10,7,8,8,0,1,0,0,2015-16
E0,09/04/16,Southampton,Newcastle,3,1,H,2,0,H,R Madley,20,5,8,7,11,2,0,0,0,0,2015-16
E0,09/04/16,Swansea,Chelsea,1,0,H,1,0,H,A Marriner,12,8,15,13,1,9,5,4,0,0,2015-16
E0,09/04/16,Watford,Everton,1,1,D,1,1,D,K Friend,13,12,13,10,7,6,2,1,0,0,2015-16
E0,09/04/16,West Ham,Arsenal,3,3,D,2,2,D,C Pawson,19,11,11,8,7,4,2,0,0,0,2015-16
E0,10/04/16,Liverpool,Stoke,4,1,H,2,1,H,M Clattenburg,14,10,14,14,6,3,0,2,0,0,2015-16
E0,10/04/16,Sunderland,Leicester,0,2,A,0,0,D,A Taylor,15,17,9,9,1,7,1,1,0,0,2015-16
E0,10/04/16,Tottenham,Man United,3,0,H,0,0,D,M Dean,16,5,10,10,2,7,3,3,0,0,2015-16
E0,13/04/16,Crystal Palace,Everton,0,0,D,0,0,D,M Jones,18,9,7,9,10,7,0,1,0,1,2015-16
E0,16/04/16,Chelsea,Man City,0,3,A,0,1,A,M Dean,11,11,12,15,11,3,2,3,1,0,2015-16
E0,16/04/16,Everton,Southampton,1,1,D,0,0,D,C Pawson,7,18,8,14,3,10,1,1,0,0,2015-16
E0,16/04/16,Man United,Aston Villa,1,0,H,1,0,H,K Friend,13,7,9,10,14,3,0,1,0,0,2015-16
E0,16/04/16,Newcastle,Swansea,3,0,H,1,0,H,L Mason,12,11,13,9,3,7,2,1,0,0,2015-16
E0,16/04/16,Norwich,Sunderland,0,3,A,0,1,A,A Marriner,19,8,7,11,14,0,2,2,0,0,2015-16
E0,16/04/16,West Brom,Watford,0,1,A,0,1,A,M Oliver,16,11,11,17,9,3,0,3,0,0,2015-16
E0,17/04/16,Arsenal,Crystal Palace,1,1,D,1,0,H,R East,21,7,7,13,10,5,0,2,0,0,2015-16
E0,17/04/16,Bournemouth,Liverpool,1,2,A,0,2,A,M Jones,18,19,9,9,5,4,0,0,0,0,2015-16
E0,17/04/16,Leicester,West Ham,2,2,D,1,0,H,J Moss,6,19,14,14,0,5,1,3,1,0,2015-16
E0,18/04/16,Stoke,Tottenham,0,4,A,0,1,A,N Swarbrick,12,23,12,12,5,3,2,0,0,0,2015-16
E0,19/04/16,Newcastle,Man City,1,1,D,1,1,D,K Friend,5,9,13,8,5,3,3,2,0,0,2015-16
E0,20/04/16,Liverpool,Everton,4,0,H,2,0,H,R Madley,37,3,8,11,9,1,1,1,0,1,2015-16
E0,20/04/16,Man United,Crystal Palace,2,0,H,1,0,H,L Mason,16,5,13,7,10,2,1,2,0,0,2015-16
E0,20/04/16,West Ham,Watford,3,1,H,2,0,H,M Dean,18,7,11,17,4,2,0,2,0,1,2015-16
E0,21/04/16,Arsenal,West Brom,2,0,H,2,0,H,J Moss,16,8,14,14,2,6,0,1,0,0,2015-16
E0,23/04/16,Aston Villa,Southampton,2,4,A,1,2,A,N Swarbrick,16,17,8,9,6,11,2,0,0,0,2015-16
E0,23/04/16,Bournemouth,Chelsea,1,4,A,1,2,A,R East,13,16,11,4,10,7,1,0,0,0,2015-16
E0,23/04/16,Liverpool,Newcastle,2,2,D,2,0,H,A Marriner,13,6,8,17,5,4,1,1,0,0,2015-16
E0,23/04/16,Man City,Stoke,4,0,H,2,0,H,R Madley,11,14,8,8,9,4,0,0,0,0,2015-16
E0,24/04/16,Leicester,Swansea,4,0,H,2,0,H,M Clattenburg,18,9,15,10,4,6,1,2,0,0,2015-16
E0,24/04/16,Sunderland,Arsenal,0,0,D,0,0,D,M Dean,12,20,10,8,7,7,2,4,0,0,2015-16
E0,25/04/16,Tottenham,West Brom,1,1,D,1,0,H,M Jones,19,16,8,13,9,7,0,1,0,0,2015-16
E0,30/04/16,Arsenal,Norwich,1,0,H,0,0,D,M Jones,14,12,8,7,7,3,1,0,0,0,2015-16
E0,30/04/16,Everton,Bournemouth,2,1,H,1,1,D,N Swarbrick,12,16,4,8,3,5,1,0,0,0,2015-16
E0,30/04/16,Newcastle,Crystal Palace,1,0,H,0,0,D,M Dean,10,9,11,12,4,8,2,0,0,0,2015-16
E0,30/04/16,Stoke,Sunderland,1,1,D,0,0,D,C Pawson,11,14,13,13,2,8,2,2,0,0,2015-16
E0,30/04/16,Watford,Aston Villa,3,2,H,1,1,D,A Taylor,18,7,14,10,8,4,2,3,0,1,2015-16
E0,30/04/16,West Brom,West Ham,0,3,A,0,2,A,L Mason,15,8,14,7,8,6,0,0,0,0,2015-16
E0,01/05/16,Man United,Leicester,1,1,D,1,1,D,M Oliver,21,14,16,10,6,5,3,0,0,1,2015-16
E0,01/05/16,Southampton,Man City,4,2,H,2,1,H,A Marriner,14,6,12,9,8,2,2,1,0,0,2015-16
E0,01/05/16,Swansea,Liverpool,3,1,H,2,0,H,R East,18,11,12,13,4,7,2,2,0,1,2015-16
E0,02/05/16,Chelsea,Tottenham,2,2,D,0,2,A,M Clattenburg,13,16,9,20,7,8,3,9,0,0,2015-16
E0,07/05/16,Aston Villa,Newcastle,0,0,D,0,0,D,R Madley,2,9,8,13,0,5,1,1,0,0,2015-16
E0,07/05/16,Bournemouth,West Brom,1,1,D,0,1,A,M Clattenburg,12,12,5,8,5,3,2,1,0,0,2015-16
E0,07/05/16,Crystal Palace,Stoke,2,1,H,0,1,A,K Friend,17,12,8,18,4,3,2,3,0,0,2015-16
E0,07/05/16,Leicester,Everton,3,1,H,2,0,H,A Marriner,32,9,4,12,12,4,0,3,0,0,2015-16
E0,07/05/16,Norwich,Man United,0,1,A,0,0,D,C Pawson,8,15,11,10,1,6,1,0,0,0,2015-16
E0,07/05/16,Sunderland,Chelsea,3,2,H,1,2,A,M Jones,15,9,11,9,3,3,4,1,0,1,2015-16
E0,07/05/16,West Ham,Swansea,1,4,A,0,2,A,M Oliver,25,13,11,8,13,3,3,0,0,0,2015-16
E0,08/05/16,Liverpool,Watford,2,0,H,1,0,H,L Mason,19,14,10,15,8,8,1,2,0,0,2015-16
E0,08/05/16,Man City,Arsenal,2,2,D,1,1,D,A Taylor,14,5,16,10,7,2,2,1,0,0,2015-16
E0,08/05/16,Tottenham,Southampton,1,2,A,1,1,D,J Moss,20,10,8,16,10,2,0,3,0,0,2015-16
E0,10/05/16,West Ham,Man United,3,2,H,1,0,H,M Dean,20,3,6,18,6,2,1,3,0,0,2015-16
E0,11/05/16,Liverpool,Chelsea,1,1,D,0,1,A,M Oliver,28,13,11,12,7,3,3,1,0,0,2015-16
E0,11/05/16,Norwich,Watford,4,2,H,3,1,H,R East,18,12,8,12,5,1,2,3,0,0,2015-16
E0,11/05/16,Sunderland,Everton,3,0,H,2,0,H,A Taylor,14,17,15,7,5,5,1,0,0,0,2015-16
E0,15/05/16,Arsenal,Aston Villa,4,0,H,1,0,H,M Clattenburg,16,5,12,6,5,4,0,1,0,0,2015-16
E0,15/05/16,Chelsea,Leicester,1,1,D,0,0,D,C Pawson,17,18,4,12,7,6,0,0,0,0,2015-16
E0,15/05/16,Everton,Norwich,3,0,H,2,0,H,L Mason,15,10,7,11,4,11,0,0,0,0,2015-16
E0,15/05/16,Newcastle,Tottenham,5,1,H,2,0,H,A Taylor,19,17,7,6,3,8,1,2,1,0,2015-16
E0,15/05/16,Southampton,Crystal Palace,4,1,H,1,0,H,M Oliver,18,16,7,14,2,5,1,2,0,0,2015-16
E0,15/05/16,Stoke,West Ham,2,1,H,0,1,A,M Jones,7,20,8,12,4,10,3,1,0,0,2015-16
E0,15/05/16,Swansea,Man City,1,1,D,1,1,D,M Dean,4,18,4,19,4,4,1,3,0,0,2015-16
E0,15/05/16,Watford,Sunderland,2,2,D,0,1,A,K Friend,21,6,11,10,7,4,1,0,0,0,2015-16
E0,15/05/16,West Brom,Liverpool,1,1,D,1,1,D,R Madley,13,7,11,14,7,5,3,1,0,0,2015-16
E0,17/05/16,Man United,Bournemouth,3,1,H,1,0,H,J Moss,12,7,9,8,7,1,1,0,0,0,2015-16
E0,13/08/16,Burnley,Swansea,0,1,A,0,0,D,J Moss,10,17,10,14,7,4,3,2,0,0,2016-17
E0,13/08/16,Crystal Palace,West Brom,0,1,A,0,0,D,C Pawson,14,13,12,15,3,6,2,2,0,0,2016-17
E0,13/08/16,Everton,Tottenham,1,1,D,1,0,H,M Atkinson,12,13,10,14,5,6,0,0,0,0,2016-17
E0,13/08/16,Hull,Leicester,2,1,H,1,0,H,M Dean,14,18,8,17,5,3,2,2,0,0,2016-17
E0,13/08/16,Man City,Sunderland,2,1,H,1,0,H,R Madley,16,7,11,14,9,6,1,2,0,0,2016-17
E0,13/08/16,Middlesbrough,Stoke,1,1,D,1,0,H,K Friend,12,12,18,14,9,6,3,5,0,0,2016-17
E0,13/08/16,Southampton,Watford,1,1,D,0,1,A,R East,24,5,8,12,6,2,1,2,0,1,2016-17
E0,14/08/16,Arsenal,Liverpool,3,4,A,1,1,D,M Oliver,9,16,13,17,5,4,3,3,0,0,2016-17
E0,14/08/16,Bournemouth,Man United,1,3,A,0,1,A,A Marriner,9,11,7,10,4,2,0,1,0,0,2016-17
E0,15/08/16,Chelsea,West Ham,2,1,H,0,0,D,A Taylor,16,7,16,16,7,1,5,2,0,0,2016-17
E0,19/08/16,Man United,Southampton,2,0,H,1,0,H,A Taylor,12,13,11,8,4,0,0,0,0,0,2016-17
E0,20/08/16,Burnley,Liverpool,2,0,H,2,0,H,L Mason,3,26,14,5,1,12,0,1,0,0,2016-17
E0,20/08/16,Leicester,Arsenal,0,0,D,0,0,D,M Clattenburg,8,13,11,7,2,7,1,2,0,0,2016-17
E0,20/08/16,Stoke,Man City,1,4,A,0,2,A,M Dean,8,12,12,13,7,7,3,4,0,0,2016-17
E0,20/08/16,Swansea,Hull,0,2,A,0,0,D,S Attwell,13,12,7,10,8,3,0,0,0,0,2016-17
E0,20/08/16,Tottenham,Crystal Palace,1,0,H,0,0,D,M Oliver,20,10,19,9,10,4,3,3,0,0,2016-17
E0,20/08/16,Watford,Chelsea,1,2,A,0,0,D,J Moss,6,13,20,10,0,5,4,3,0,0,2016-17
E0,20/08/16,West Brom,Everton,1,2,A,1,1,D,N Swarbrick,11,13,16,10,7,4,3,1,0,0,2016-17
E0,21/08/16,Sunderland,Middlesbrough,1,2,A,0,2,A,M Atkinson,18,8,11,14,8,1,1,1,0,0,2016-17
E0,21/08/16,West Ham,Bournemouth,1,0,H,0,0,D,C Pawson,15,8,15,15,1,6,3,1,0,1,2016-17
E0,27/08/16,Chelsea,Burnley,3,0,H,2,0,H,M Clattenburg,22,6,6,9,9,5,2,2,0,0,2016-17
E0,27/08/16,Crystal Palace,Bournemouth,1,1,D,0,1,A,M Dean,24,10,15,10,10,4,2,1,0,0,2016-17
E0,27/08/16,Everton,Stoke,1,0,H,0,0,D,M Oliver,21,8,14,11,9,2,2,1,0,0,2016-17
E0,27/08/16,Hull,Man United,0,1,A,0,0,D,J Moss,8,29,9,6,1,6,2,3,0,0,2016-17
E0,27/08/16,Leicester,Swansea,2,1,H,1,0,H,R East,13,9,14,10,4,6,2,2,0,0,2016-17
E0,27/08/16,Southampton,Sunderland,1,1,D,0,0,D,L Mason,16,5,15,8,5,5,2,2,0,0,2016-17
E0,27/08/16,Tottenham,Liverpool,1,1,D,0,1,A,R Madley,11,13,11,17,5,5,3,5,0,0,2016-17
E0,27/08/16,Watford,Arsenal,1,3,A,0,3,A,K Friend,14,10,18,15,3,2,6,1,0,0,2016-17
E0,28/08/16,Man City,West Ham,3,1,H,2,0,H,A Marriner,22,9,5,10,5,4,1,3,0,0,2016-17
E0,28/08/16,West Brom,Middlesbrough,0,0,D,0,0,D,A Taylor,13,7,12,11,5,4,1,3,0,0,2016-17
E0,10/09/16,Arsenal,Southampton,2,1,H,1,1,D,R Madley,17,11,10,8,6,1,2,5,0,0,2016-17
E0,10/09/16,Bournemouth,West Brom,1,0,H,0,0,D,K Friend,12,12,9,11,10,5,1,3,0,0,2016-17
E0,10/09/16,Burnley,Hull,1,1,D,0,0,D,P Tierney,13,11,13,3,5,9,2,0,0,0,2016-17
E0,10/09/16,Liverpool,Leicester,4,1,H,2,1,H,C Pawson,17,12,4,8,1,7,1,2,0,0,2016-17
E0,10/09/16,Man United,Man City,1,2,A,1,2,A,M Clattenburg,14,18,15,10,4,4,4,2,0,0,2016-17
E0,10/09/16,Middlesbrough,Crystal Palace,1,2,A,1,1,D,N Swarbrick,12,12,5,9,6,6,1,2,0,0,2016-17
E0,10/09/16,Stoke,Tottenham,0,4,A,0,1,A,A Taylor,15,20,13,18,10,8,3,2,0,0,2016-17
E0,10/09/16,West Ham,Watford,2,4,A,2,2,D,M Atkinson,19,13,10,15,4,4,2,2,0,0,2016-17
E0,11/09/16,Swansea,Chelsea,2,2,D,0,1,A,A Marriner,6,28,17,8,1,11,3,4,0,0,2016-17
E0,12/09/16,Sunderland,Everton,0,3,A,0,0,D,M Jones,11,20,11,8,5,4,1,1,0,0,2016-17
E0,16/09/16,Chelsea,Liverpool,1,2,A,0,2,A,M Atkinson,12,13,6,13,6,4,1,1,0,0,2016-17
E0,17/09/16,Everton,Middlesbrough,3,1,H,3,1,H,L Mason,11,7,5,15,6,3,2,1,0,0,2016-17
E0,17/09/16,Hull,Arsenal,1,4,A,0,1,A,R East,6,24,9,12,2,4,0,2,1,0,2016-17
E0,17/09/16,Leicester,Burnley,3,0,H,1,0,H,A Taylor,14,7,10,9,7,1,0,1,0,0,2016-17
E0,17/09/16,Man City,Bournemouth,4,0,H,2,0,H,J Moss,20,6,8,11,5,5,1,1,1,0,2016-17
E0,17/09/16,West Brom,West Ham,4,2,H,3,0,H,M Clattenburg,8,23,14,6,2,6,2,1,0,0,2016-17
E0,18/09/16,Crystal Palace,Stoke,4,1,H,2,0,H,C Pawson,14,11,15,9,10,5,2,1,0,0,2016-17
E0,18/09/16,Southampton,Swansea,1,0,H,0,0,D,M Jones,19,9,14,9,7,1,1,1,0,0,2016-17
E0,18/09/16,Tottenham,Sunderland,1,0,H,0,0,D,M Dean,31,6,7,16,14,1,1,5,0,1,2016-17
E0,18/09/16,Watford,Man United,3,1,H,1,0,H,M Oliver,10,15,14,19,5,7,3,4,0,0,2016-17
E0,24/09/16,Arsenal,Chelsea,3,0,H,3,0,H,M Oliver,14,9,9,11,9,1,0,2,0,0,2016-17
E0,24/09/16,Bournemouth,Everton,1,0,H,1,0,H,R Madley,12,13,10,14,5,3,2,2,0,0,2016-17
E0,24/09/16,Liverpool,Hull,5,1,H,3,0,H,A Marriner,32,2,8,8,13,2,1,2,0,1,2016-17
E0,24/09/16,Man United,Leicester,4,1,H,4,0,H,M Dean,16,10,9,12,8,6,0,2,0,0,2016-17
E0,24/09/16,Middlesbrough,Tottenham,1,2,A,0,2,A,G Scott,6,19,14,9,2,10,2,1,0,0,2016-17
E0,24/09/16,Stoke,West Brom,1,1,D,0,0,D,M Atkinson,12,9,9,13,6,6,3,4,0,0,2016-17
E0,24/09/16,Sunderland,Crystal Palace,2,3,A,1,0,H,A Taylor,11,20,15,12,3,5,0,2,0,0,2016-17
E0,24/09/16,Swansea,Man City,1,3,A,1,1,D,N Swarbrick,13,18,15,9,2,7,2,4,0,0,2016-17
E0,25/09/16,West Ham,Southampton,0,3,A,0,1,A,J Moss,13,18,9,14,6,2,5,2,0,0,2016-17
E0,26/09/16,Burnley,Watford,2,0,H,1,0,H,M Jones,13,12,11,15,7,6,1,3,0,0,2016-17
E0,30/09/16,Everton,Crystal Palace,1,1,D,1,0,H,J Moss,13,10,16,11,10,9,5,4,0,0,2016-17
E0,01/10/16,Hull,Chelsea,0,2,A,0,0,D,A Taylor,8,22,13,15,5,7,2,2,0,0,2016-17
E0,01/10/16,Sunderland,West Brom,1,1,D,0,1,A,S Attwell,7,17,7,13,6,5,1,3,0,0,2016-17
E0,01/10/16,Swansea,Liverpool,1,2,A,1,0,H,M Oliver,8,18,11,9,3,10,2,2,0,0,2016-17
E0,01/10/16,Watford,Bournemouth,2,2,D,0,1,A,M Dean,17,11,17,12,4,5,3,4,0,0,2016-17
E0,01/10/16,West Ham,Middlesbrough,1,1,D,0,0,D,N Swarbrick,19,9,13,12,4,5,2,3,0,0,2016-17
E0,02/10/16,Burnley,Arsenal,0,1,A,0,0,D,C Pawson,10,18,2,3,2,6,0,0,0,0,2016-17
E0,02/10/16,Leicester,Southampton,0,0,D,0,0,D,M Atkinson,9,11,9,9,3,6,1,0,0,0,2016-17
E0,02/10/16,Man United,Stoke,1,1,D,0,0,D,R Madley,24,7,14,9,13,2,3,0,0,0,2016-17
E0,02/10/16,Tottenham,Man City,2,0,H,2,0,H,A Marriner,13,12,20,10,4,3,2,2,0,0,2016-17
E0,15/10/16,Arsenal,Swansea,3,2,H,2,1,H,J Moss,16,13,7,10,5,6,0,1,1,0,2016-17
E0,15/10/16,Bournemouth,Hull,6,1,H,3,1,H,L Mason,22,11,8,14,5,4,0,3,0,0,2016-17
E0,15/10/16,Chelsea,Leicester,3,0,H,2,0,H,A Marriner,16,5,6,12,8,5,1,1,0,0,2016-17
E0,15/10/16,Crystal Palace,West Ham,0,1,A,0,1,A,M Atkinson,12,12,12,13,7,6,1,3,0,1,2016-17
E0,15/10/16,Man City,Everton,1,1,D,0,0,D,M Oliver,19,3,7,9,13,1,0,2,0,0,2016-17
E0,15/10/16,Stoke,Sunderland,2,0,H,2,0,H,M Jones,18,11,10,13,6,4,1,1,0,0,2016-17
E0,15/10/16,West Brom,Tottenham,1,1,D,0,0,D,K Friend,8,20,14,10,5,8,2,2,0,0,2016-17
E0,16/10/16,Middlesbrough,Watford,0,1,A,0,0,D,R East,10,4,15,10,4,6,4,1,0,0,2016-17
E0,16/10/16,Southampton,Burnley,3,1,H,0,0,D,M Dean,34,6,11,10,8,4,1,2,0,0,2016-17
E0,17/10/16,Liverpool,Man United,0,0,D,0,0,D,A Taylor,9,7,14,20,3,1,0,4,0,0,2016-17
E0,22/10/16,Arsenal,Middlesbrough,0,0,D,0,0,D,M Dean,9,11,6,13,8,3,1,0,0,0,2016-17
E0,22/10/16,Bournemouth,Tottenham,0,0,D,0,0,D,C Pawson,8,16,10,15,7,4,2,4,0,0,2016-17
E0,22/10/16,Burnley,Everton,2,1,H,1,0,H,M Jones,9,20,16,15,2,8,2,3,0,0,2016-17
E0,22/10/16,Hull,Stoke,0,2,A,0,1,A,K Friend,9,12,16,8,5,7,2,3,0,0,2016-17
E0,22/10/16,Leicester,Crystal Palace,3,1,H,1,0,H,M Oliver,17,23,10,8,8,8,0,0,0,0,2016-17
E0,22/10/16,Liverpool,West Brom,2,1,H,2,0,H,N Swarbrick,21,6,9,13,3,2,1,3,0,0,2016-17
E0,22/10/16,Swansea,Watford,0,0,D,0,0,D,P Tierney,11,10,15,16,7,2,2,1,0,0,2016-17
E0,22/10/16,West Ham,Sunderland,1,0,H,0,0,D,R Madley,20,10,10,13,6,2,2,5,0,0,2016-17
E0,23/10/16,Chelsea,Man United,4,0,H,2,0,H,M Atkinson,14,16,7,17,5,7,3,2,0,0,2016-17
E0,23/10/16,Man City,Southampton,1,1,D,0,1,A,M Clattenburg,14,6,11,10,10,3,3,3,0,0,2016-17
E0,29/10/16,Crystal Palace,Liverpool,2,4,A,2,3,A,A Marriner,7,17,15,5,3,3,1,2,0,0,2016-17
E0,29/10/16,Man United,Burnley,0,0,D,0,0,D,M Clattenburg,37,7,12,9,19,1,1,3,1,0,2016-17
E0,29/10/16,Middlesbrough,Bournemouth,2,0,H,1,0,H,S Attwell,10,15,3,5,4,7,1,1,0,0,2016-17
E0,29/10/16,Sunderland,Arsenal,1,4,A,0,1,A,M Atkinson,3,21,9,13,0,8,4,3,0,0,2016-17
E0,29/10/16,Tottenham,Leicester,1,1,D,1,0,H,R Madley,22,6,11,20,8,1,3,4,0,0,2016-17
E0,29/10/16,Watford,Hull,1,0,H,0,0,D,J Moss,22,8,13,8,7,2,1,2,0,0,2016-17
E0,29/10/16,West Brom,Man City,0,4,A,0,2,A,L Mason,9,21,17,10,1,7,4,3,0,0,2016-17
E0,30/10/16,Everton,West Ham,2,0,H,0,0,D,A Taylor,17,13,15,12,8,8,2,3,0,0,2016-17
E0,30/10/16,Southampton,Chelsea,0,2,A,0,1,A,M Jones,9,13,13,16,7,3,0,0,0,0,2016-17
E0,31/10/16,Stoke,Swansea,3,1,H,1,1,D,M Oliver,17,14,7,14,6,4,2,0,0,0,2016-17
E0,05/11/16,Bournemouth,Sunderland,1,2,A,1,1,D,M Dean,22,9,14,17,12,2,3,2,0,1,2016-17
E0,05/11/16,Burnley,Crystal Palace,3,2,H,2,0,H,A Taylor,14,16,11,12,4,7,1,2,0,0,2016-17
E0,05/11/16,Chelsea,Everton,5,0,H,3,0,H,R Madley,21,1,5,16,4,2,0,3,0,0,2016-17
E0,05/11/16,Man City,Middlesbrough,1,1,D,1,0,H,K Friend,25,5,7,15,8,2,1,3,0,0,2016-17
E0,05/11/16,West Ham,Stoke,1,1,D,0,0,D,A Marriner,9,12,11,10,6,4,4,1,0,0,2016-17
E0,06/11/16,Arsenal,Tottenham,1,1,D,1,0,H,M Clattenburg,15,10,11,17,7,2,1,2,0,0,2016-17
E0,06/11/16,Hull,Southampton,2,1,H,0,1,A,G Scott,6,19,13,15,1,10,0,5,0,0,2016-17
E0,06/11/16,Leicester,West Brom,1,2,A,0,0,D,C Pawson,5,11,8,8,5,6,0,2,0,0,2016-17
E0,06/11/16,Liverpool,Watford,6,1,H,3,0,H,M Oliver,28,11,14,10,6,3,1,2,0,0,2016-17
E0,06/11/16,Swansea,Man United,1,3,A,0,3,A,N Swarbrick,6,9,9,16,2,0,0,2,0,0,2016-17
E0,19/11/16,Crystal Palace,Man City,1,2,A,0,1,A,R Madley,9,10,12,15,2,7,1,2,0,0,2016-17
E0,19/11/16,Everton,Swansea,1,1,D,0,1,A,M Atkinson,14,5,13,12,10,3,4,2,0,0,2016-17
E0,19/11/16,Man United,Arsenal,1,1,D,0,0,D,A Marriner,12,5,14,11,10,4,3,3,0,0,2016-17
E0,19/11/16,Southampton,Liverpool,0,0,D,0,0,D,M Clattenburg,3,15,8,11,1,8,1,1,0,0,2016-17
E0,19/11/16,Stoke,Bournemouth,0,1,A,0,1,A,R East,14,9,17,10,3,4,3,2,0,0,2016-17
E0,19/11/16,Sunderland,Hull,3,0,H,1,0,H,L Mason,11,17,9,8,2,8,1,0,1,0,2016-17
E0,19/11/16,Tottenham,West Ham,3,2,H,0,1,A,M Dean,14,11,13,16,4,5,3,2,0,1,2016-17
E0,19/11/16,Watford,Leicester,2,1,H,2,1,H,N Swarbrick,10,10,12,18,4,6,2,3,0,0,2016-17
E0,20/11/16,Middlesbrough,Chelsea,0,1,A,0,1,A,J Moss,12,13,13,10,2,3,2,3,0,0,2016-17
E0,21/11/16,West Brom,Burnley,4,0,H,3,0,H,M Jones,16,5,12,12,4,3,0,0,0,0,2016-17
E0,26/11/16,Burnley,Man City,1,2,A,1,1,D,A Marriner,10,21,5,15,5,8,2,3,0,0,2016-17
E0,26/11/16,Chelsea,Tottenham,2,1,H,1,1,D,M Oliver,9,12,13,16,3,8,2,1,0,0,2016-17
E0,26/11/16,Hull,West Brom,1,1,D,0,1,A,P Tierney,10,11,7,10,2,6,3,2,0,0,2016-17
E0,26/11/16,Leicester,Middlesbrough,2,2,D,1,1,D,L Mason,11,6,15,12,2,3,4,4,0,0,2016-17
E0,26/11/16,Liverpool,Sunderland,2,0,H,0,0,D,A Taylor,27,6,5,9,9,4,1,3,0,0,2016-17
E0,26/11/16,Swansea,Crystal Palace,5,4,H,1,1,D,K Friend,18,12,12,24,10,6,4,5,0,0,2016-17
E0,27/11/16,Arsenal,Bournemouth,3,1,H,1,1,D,M Jones,16,9,12,13,3,10,3,5,0,0,2016-17
E0,27/11/16,Man United,West Ham,1,1,D,1,1,D,J Moss,17,6,16,16,8,4,3,1,0,0,2016-17
E0,27/11/16,Southampton,Everton,1,0,H,1,0,H,C Pawson,17,13,11,15,5,2,0,2,0,0,2016-17
E0,27/11/16,Watford,Stoke,0,1,A,0,1,A,R Madley,11,14,24,14,3,3,3,0,1,0,2016-17
E0,03/12/16,Crystal Palace,Southampton,3,0,H,2,0,H,N Swarbrick,9,17,11,13,4,9,3,1,0,0,2016-17
E0,03/12/16,Man City,Chelsea,1,3,A,1,0,H,A Taylor,14,10,14,9,9,2,2,3,2,0,2016-17
E0,03/12/16,Stoke,Burnley,2,0,H,2,0,H,M Clattenburg,10,14,7,13,4,9,3,2,0,0,2016-17
E0,03/12/16,Sunderland,Leicester,2,1,H,0,0,D,A Marriner,22,17,8,12,3,4,3,1,0,0,2016-17
E0,03/12/16,Tottenham,Swansea,5,0,H,2,0,H,J Moss,28,1,11,17,5,0,0,4,0,0,2016-17
E0,03/12/16,West Brom,Watford,3,1,H,2,0,H,G Scott,11,17,12,8,3,4,2,1,0,1,2016-17
E0,03/12/16,West Ham,Arsenal,1,5,A,0,1,A,C Pawson,10,19,10,11,3,2,3,3,0,0,2016-17
E0,04/12/16,Bournemouth,Liverpool,4,3,H,0,2,A,R Madley,12,10,9,17,4,9,2,2,0,0,2016-17
E0,04/12/16,Everton,Man United,1,1,D,0,1,A,M Oliver,13,10,13,11,6,3,2,3,0,0,2016-17
E0,05/12/16,Middlesbrough,Hull,1,0,H,0,0,D,M Dean,16,6,6,11,13,7,1,1,0,0,2016-17
E0,10/12/16,Arsenal,Stoke,3,1,H,1,1,D,L Mason,21,12,9,6,7,7,0,0,0,0,2016-17
E0,10/12/16,Burnley,Bournemouth,3,2,H,2,1,H,M Atkinson,16,17,14,18,4,11,2,2,0,0,2016-17
E0,10/12/16,Hull,Crystal Palace,3,3,D,1,0,H,M Jones,15,14,16,14,4,7,2,4,0,0,2016-17
E0,10/12/16,Leicester,Man City,4,2,H,3,0,H,M Oliver,10,19,10,7,3,11,2,1,0,0,2016-17
E0,10/12/16,Swansea,Sunderland,3,0,H,0,0,D,C Pawson,14,11,10,8,7,4,1,2,0,0,2016-17
E0,10/12/16,Watford,Everton,3,2,H,1,1,D,A Taylor,11,11,11,16,2,4,2,2,0,0,2016-17
E0,11/12/16,Chelsea,West Brom,1,0,H,0,0,D,M Dean,12,6,6,10,3,1,2,4,0,0,2016-17
E0,11/12/16,Liverpool,West Ham,2,2,D,1,2,A,M Clattenburg,18,7,7,8,11,4,2,0,0,0,2016-17
E0,11/12/16,Man United,Tottenham,1,0,H,1,0,H,R Madley,15,12,19,17,3,8,3,3,0,0,2016-17
E0,11/12/16,Southampton,Middlesbrough,1,0,H,0,0,D,S Attwell,14,6,14,12,4,2,4,3,0,0,2016-17
E0,13/12/16,Bournemouth,Leicester,1,0,H,1,0,H,P Tierney,9,12,5,15,4,11,0,3,0,0,2016-17
E0,13/12/16,Everton,Arsenal,2,1,H,1,1,D,M Clattenburg,14,9,10,10,8,3,1,1,1,0,2016-17
E0,14/12/16,Crystal Palace,Man United,1,2,A,0,1,A,C Pawson,6,16,16,10,1,8,2,2,0,0,2016-17
E0,14/12/16,Man City,Watford,2,0,H,1,0,H,K Friend,13,5,16,20,5,2,1,2,0,0,2016-17
E0,14/12/16,Middlesbrough,Liverpool,0,3,A,0,1,A,J Moss,8,15,11,14,5,2,1,0,0,0,2016-17
E0,14/12/16,Stoke,Southampton,0,0,D,0,0,D,A Taylor,5,15,9,10,3,11,1,2,1,0,2016-17
E0,14/12/16,Sunderland,Chelsea,0,1,A,0,1,A,N Swarbrick,8,19,15,10,5,5,3,2,0,0,2016-17
E0,14/12/16,Tottenham,Hull,3,0,H,1,0,H,A Marriner,27,10,6,14,5,5,0,2,0,0,2016-17
E0,14/12/16,West Brom,Swansea,3,1,H,0,0,D,M Oliver,13,8,8,8,0,11,0,0,0,0,2016-17
E0,14/12/16,West Ham,Burnley,1,0,H,1,0,H,R Madley,20,8,12,15,6,1,0,2,0,0,2016-17
E0,17/12/16,Crystal Palace,Chelsea,0,1,A,0,1,A,J Moss,6,13,12,15,5,3,2,3,0,0,2016-17
E0,17/12/16,Middlesbrough,Swansea,3,0,H,2,0,H,N Swarbrick,10,14,10,11,3,8,1,0,0,0,2016-17
E0,17/12/16,Stoke,Leicester,2,2,D,2,0,H,C Pawson,16,14,9,12,9,9,2,6,0,1,2016-17
E0,17/12/16,Sunderland,Watford,1,0,H,0,0,D,R Madley,12,9,10,9,4,11,1,2,0,0,2016-17
E0,17/12/16,West Brom,Man United,0,2,A,0,1,A,A Taylor,10,10,9,13,2,3,3,3,0,0,2016-17
E0,17/12/16,West Ham,Hull,1,0,H,0,0,D,L Mason,18,16,13,9,10,6,2,4,0,0,2016-17
E0,18/12/16,Bournemouth,Southampton,1,3,A,1,1,D,M Clattenburg,10,14,6,12,7,4,0,2,0,0,2016-17
E0,18/12/16,Man City,Arsenal,2,1,H,0,1,A,M Atkinson,14,6,9,13,8,1,4,2,0,0,2016-17
E0,18/12/16,Tottenham,Burnley,2,1,H,1,1,D,K Friend,30,5,10,11,11,2,1,2,0,0,2016-17
E0,19/12/16,Everton,Liverpool,0,1,A,0,0,D,M Dean,6,11,13,9,1,6,3,1,0,0,2016-17
E0,26/12/16,Arsenal,West Brom,1,0,H,0,0,D,N Swarbrick,26,3,11,7,6,5,2,1,0,0,2016-17
E0,26/12/16,Burnley,Middlesbrough,1,0,H,0,0,D,C Pawson,6,8,17,18,7,3,6,5,0,0,2016-17
E0,26/12/16,Chelsea,Bournemouth,3,0,H,1,0,H,M Jones,14,7,13,14,5,5,1,1,0,0,2016-17
E0,26/12/16,Hull,Man City,0,3,A,0,0,D,R Madley,10,16,11,14,4,7,1,0,0,0,2016-17
E0,26/12/16,Leicester,Everton,0,2,A,0,0,D,S Attwell,7,8,14,7,3,4,3,0,0,0,2016-17
E0,26/12/16,Man United,Sunderland,3,1,H,1,0,H,M Atkinson,26,7,6,9,5,5,1,1,0,0,2016-17
E0,26/12/16,Swansea,West Ham,1,4,A,0,1,A,A Marriner,14,14,10,12,8,4,0,0,0,0,2016-17
E0,26/12/16,Watford,Crystal Palace,1,1,D,0,1,A,M Clattenburg,9,10,18,17,7,3,2,4,0,0,2016-17
E0,27/12/16,Liverpool,Stoke,4,1,H,2,1,H,M Oliver,20,6,9,6,8,2,0,1,0,0,2016-17
E0,28/12/16,Southampton,Tottenham,1,4,A,1,1,D,M Dean,9,17,7,16,2,10,1,4,1,0,2016-17
E0,30/12/16,Hull,Everton,2,2,D,1,1,D,J Moss,13,20,10,13,5,5,2,2,0,0,2016-17
E0,31/12/16,Burnley,Sunderland,4,1,H,1,0,H,G Scott,16,11,10,8,6,2,1,1,0,0,2016-17
E0,31/12/16,Chelsea,Stoke,4,2,H,1,0,H,R Madley,18,5,12,10,8,3,3,2,0,0,2016-17
E0,31/12/16,Leicester,West Ham,1,0,H,1,0,H,A Taylor,12,25,11,8,7,7,5,3,0,0,2016-17
E0,31/12/16,Liverpool,Man City,1,0,H,1,0,H,C Pawson,5,9,12,12,4,6,2,1,0,0,2016-17
E0,31/12/16,Man United,Middlesbrough,2,1,H,0,0,D,L Mason,32,9,9,14,12,2,1,1,0,0,2016-17
E0,31/12/16,Southampton,West Brom,1,2,A,1,1,D,M Jones,10,7,13,17,8,3,1,3,1,0,2016-17
E0,31/12/16,Swansea,Bournemouth,0,3,A,0,2,A,K Friend,14,11,14,9,4,3,2,0,0,0,2016-17
E0,01/01/17,Arsenal,Crystal Palace,2,0,H,1,0,H,A Marriner,22,7,9,7,8,4,1,1,0,0,2016-17
E0,01/01/17,Watford,Tottenham,1,4,A,0,3,A,M Oliver,6,19,11,6,0,3,3,0,0,0,2016-17
E0,02/01/17,Everton,Southampton,3,0,H,0,0,D,K Friend,17,12,5,14,10,8,0,1,0,0,2016-17
E0,02/01/17,Man City,Burnley,2,1,H,0,0,D,L Mason,14,11,11,11,8,8,4,3,1,0,2016-17
E0,02/01/17,Middlesbrough,Leicester,0,0,D,0,0,D,R Madley,9,10,10,9,2,2,3,0,0,0,2016-17
E0,02/01/17,Sunderland,Liverpool,2,2,D,1,1,D,A Taylor,10,21,10,10,2,5,2,3,0,0,2016-17
E0,02/01/17,West Brom,Hull,3,1,H,0,1,A,M Clattenburg,8,17,5,4,7,9,0,0,0,0,2016-17
E0,02/01/17,West Ham,Man United,0,2,A,0,0,D,M Dean,8,13,9,13,2,1,1,2,1,0,2016-17
E0,03/01/17,Bournemouth,Arsenal,3,3,D,2,0,H,M Oliver,12,14,10,12,4,7,3,3,1,0,2016-17
E0,03/01/17,Crystal Palace,Swansea,1,2,A,0,1,A,P Tierney,7,11,13,14,4,5,2,1,0,0,2016-17
E0,03/01/17,Stoke,Watford,2,0,H,1,0,H,N Swarbrick,17,9,10,15,7,6,1,2,0,0,2016-17
E0,04/01/17,Tottenham,Chelsea,2,0,H,1,0,H,M Atkinson,9,11,9,8,1,6,3,2,0,0,2016-17
E0,14/01/17,Burnley,Southampton,1,0,H,0,0,D,P Tierney,9,20,14,14,2,7,1,2,0,0,2016-17
E0,14/01/17,Hull,Bournemouth,3,1,H,1,1,D,M Atkinson,14,8,13,11,4,5,0,1,0,0,2016-17
E0,14/01/17,Leicester,Chelsea,0,3,A,0,1,A,A Marriner,7,8,8,9,3,5,1,0,0,0,2016-17
E0,14/01/17,Sunderland,Stoke,1,3,A,1,3,A,M Dean,14,14,16,11,5,2,3,1,0,0,2016-17
E0,14/01/17,Swansea,Arsenal,0,4,A,0,1,A,M Jones,12,14,12,8,3,2,2,0,0,0,2016-17
E0,14/01/17,Tottenham,West Brom,4,0,H,2,0,H,A Taylor,21,3,11,12,8,0,0,2,0,0,2016-17
E0,14/01/17,Watford,Middlesbrough,0,0,D,0,0,D,J Moss,12,5,15,15,3,1,3,1,0,0,2016-17
E0,14/01/17,West Ham,Crystal Palace,3,0,H,0,0,D,N Swarbrick,14,10,10,14,2,2,4,2,0,0,2016-17
E0,15/01/17,Everton,Man City,4,0,H,1,0,H,M Clattenburg,6,13,17,7,3,6,2,2,0,0,2016-17
E0,15/01/17,Man United,Liverpool,1,1,D,0,1,A,M Oliver,9,13,17,13,5,7,1,3,0,0,2016-17
E0,21/01/17,Bournemouth,Watford,2,2,D,0,1,A,L Mason,15,10,6,16,9,4,1,1,0,0,2016-17
E0,21/01/17,Crystal Palace,Everton,0,1,A,0,0,D,A Taylor,8,16,10,15,8,7,0,1,0,0,2016-17
E0,21/01/17,Liverpool,Swansea,2,3,A,0,0,D,K Friend,16,6,7,7,6,3,1,1,0,0,2016-17
E0,21/01/17,Man City,Tottenham,2,2,D,0,0,D,A Marriner,17,6,10,7,5,4,2,4,0,0,2016-17
E0,21/01/17,Middlesbrough,West Ham,1,3,A,1,2,A,M Atkinson,11,13,7,14,7,5,2,1,0,0,2016-17
E0,21/01/17,Stoke,Man United,1,1,D,1,0,H,M Clattenburg,6,25,12,13,1,7,4,0,0,0,2016-17
E0,21/01/17,West Brom,Sunderland,2,0,H,2,0,H,C Pawson,14,9,15,12,1,4,1,1,0,0,2016-17
E0,22/01/17,Arsenal,Burnley,2,1,H,0,0,D,J Moss,24,13,12,11,10,4,1,3,1,0,2016-17
E0,22/01/17,Chelsea,Hull,2,0,H,1,0,H,N Swarbrick,9,9,12,10,9,7,1,3,0,0,2016-17
E0,22/01/17,Southampton,Leicester,3,0,H,2,0,H,M Oliver,20,11,8,10,7,2,0,1,0,0,2016-17
E0,31/01/17,Arsenal,Watford,1,2,A,0,2,A,A Marriner,20,10,12,15,9,5,3,3,0,0,2016-17
E0,31/01/17,Bournemouth,Crystal Palace,0,2,A,0,0,D,J Moss,10,11,14,23,2,3,0,4,0,0,2016-17
E0,31/01/17,Burnley,Leicester,1,0,H,0,0,D,M Dean,24,13,4,8,10,2,1,0,0,0,2016-17
E0,31/01/17,Liverpool,Chelsea,1,1,D,0,1,A,M Clattenburg,7,8,13,8,3,3,2,1,0,0,2016-17
E0,31/01/17,Middlesbrough,West Brom,1,1,D,1,1,D,S Attwell,11,16,12,13,4,2,2,1,0,0,2016-17
E0,31/01/17,Sunderland,Tottenham,0,0,D,0,0,D,L Mason,3,14,9,13,2,12,2,1,0,0,2016-17
E0,31/01/17,Swansea,Southampton,2,1,H,1,0,H,R East,11,10,10,19,5,4,2,0,0,0,2016-17
E0,01/02/17,Man United,Hull,0,0,D,0,0,D,M Jones,15,6,20,16,7,1,1,4,0,0,2016-17
E0,01/02/17,Stoke,Everton,1,1,D,1,1,D,C Pawson,14,14,21,12,5,5,1,0,0,0,2016-17
E0,01/02/17,West Ham,Man City,0,4,A,0,3,A,K Friend,6,11,11,14,2,4,3,3,0,0,2016-17
E0,04/02/17,Chelsea,Arsenal,3,1,H,1,0,H,M Atkinson,13,9,14,8,10,13,1,1,0,0,2016-17
E0,04/02/17,Crystal Palace,Sunderland,0,4,A,0,4,A,A Marriner,21,10,8,8,6,1,3,3,0,0,2016-17
E0,04/02/17,Everton,Bournemouth,6,3,H,3,0,H,M Jones,15,18,14,4,4,8,3,1,0,0,2016-17
E0,04/02/17,Hull,Liverpool,2,0,H,1,0,H,L Mason,7,22,9,12,1,15,2,1,0,0,2016-17
E0,04/02/17,Southampton,West Ham,1,3,A,1,2,A,G Scott,21,6,12,15,3,2,0,2,0,0,2016-17
E0,04/02/17,Tottenham,Middlesbrough,1,0,H,0,0,D,M Clattenburg,17,8,8,11,11,2,0,1,0,0,2016-17
E0,04/02/17,Watford,Burnley,2,1,H,2,0,H,M Oliver,16,11,12,10,3,6,5,0,0,1,2016-17
E0,04/02/17,West Brom,Stoke,1,0,H,1,0,H,K Friend,16,12,6,13,5,6,2,2,0,0,2016-17
E0,05/02/17,Leicester,Man United,0,3,A,0,2,A,A Taylor,11,15,12,13,10,3,2,4,0,0,2016-17
E0,05/02/17,Man City,Swansea,2,1,H,1,0,H,M Dean,17,4,9,13,10,3,2,3,0,0,2016-17
E0,11/02/17,Arsenal,Hull,2,0,H,1,0,H,M Clattenburg,17,9,12,9,3,8,3,1,0,1,2016-17
E0,11/02/17,Liverpool,Tottenham,2,0,H,2,0,H,A Taylor,17,7,14,14,10,3,3,4,0,0,2016-17
E0,11/02/17,Man United,Watford,2,0,H,1,0,H,R Madley,22,9,10,12,5,1,1,0,0,0,2016-17
E0,11/02/17,Middlesbrough,Everton,0,0,D,0,0,D,M Dean,9,7,14,9,5,2,2,0,0,0,2016-17
E0,11/02/17,Stoke,Crystal Palace,1,0,H,0,0,D,M Atkinson,7,6,10,14,5,5,1,3,0,0,2016-17
E0,11/02/17,Sunderland,Southampton,0,4,A,0,2,A,P Tierney,6,15,12,14,6,2,1,0,0,0,2016-17
E0,11/02/17,West Ham,West Brom,2,2,D,0,1,A,M Oliver,16,8,7,14,7,5,3,2,0,0,2016-17
E0,12/02/17,Burnley,Chelsea,1,1,D,1,1,D,K Friend,6,13,12,11,1,1,3,2,0,0,2016-17
E0,12/02/17,Swansea,Leicester,2,0,H,2,0,H,J Moss,10,9,7,14,7,3,2,2,0,0,2016-17
E0,13/02/17,Bournemouth,Man City,0,2,A,0,1,A,N Swarbrick,5,17,8,11,3,7,2,3,0,0,2016-17
E0,25/02/17,Chelsea,Swansea,3,1,H,1,1,D,N Swarbrick,16,3,11,14,8,1,1,3,0,0,2016-17
E0,25/02/17,Crystal Palace,Middlesbrough,1,0,H,1,0,H,R Madley,15,11,13,15,4,2,3,1,0,0,2016-17
E0,25/02/17,Everton,Sunderland,2,0,H,1,0,H,S Attwell,20,10,10,16,10,6,0,2,0,0,2016-17
E0,25/02/17,Hull,Burnley,1,1,D,0,0,D,M Atkinson,15,10,8,13,6,3,1,1,0,1,2016-17
E0,25/02/17,Watford,West Ham,1,1,D,1,0,H,C Pawson,9,13,18,14,4,6,4,1,0,1,2016-17
E0,25/02/17,West Brom,Bournemouth,2,1,H,2,1,H,M Clattenburg,13,12,12,5,8,6,2,0,0,0,2016-17
E0,26/02/17,Tottenham,Stoke,4,0,H,4,0,H,J Moss,21,5,11,14,8,5,2,3,0,0,2016-17
E0,27/02/17,Leicester,Liverpool,3,1,H,2,0,H,M Oliver,13,17,8,5,5,12,0,0,0,0,2016-17
E0,04/03/17,Leicester,Hull,3,1,H,1,1,D,M Dean,17,10,12,13,10,4,1,1,0,0,2016-17
E0,04/03/17,Liverpool,Arsenal,3,1,H,2,0,H,R Madley,18,7,8,15,9,3,1,2,0,0,2016-17
E0,04/03/17,Man United,Bournemouth,1,1,D,1,1,D,K Friend,20,3,9,11,15,2,3,2,0,1,2016-17
E0,04/03/17,Stoke,Middlesbrough,2,0,H,2,0,H,C Pawson,13,8,16,20,6,1,1,2,0,0,2016-17
E0,04/03/17,Swansea,Burnley,3,2,H,1,1,D,A Taylor,23,6,7,13,9,2,2,2,0,0,2016-17
E0,04/03/17,Watford,Southampton,3,4,A,1,2,A,J Moss,16,20,16,9,6,5,3,2,0,0,2016-17
E0,04/03/17,West Brom,Crystal Palace,0,2,A,0,0,D,M Jones,11,10,8,12,5,5,0,1,0,0,2016-17
E0,05/03/17,Sunderland,Man City,0,2,A,0,1,A,M Atkinson,11,14,11,4,6,4,1,0,0,0,2016-17
E0,05/03/17,Tottenham,Everton,3,2,H,1,0,H,M Oliver,20,8,9,14,7,2,1,2,0,0,2016-17
E0,06/03/17,West Ham,Chelsea,1,2,A,0,1,A,A Marriner,11,9,8,8,6,4,0,1,0,0,2016-17
E0,08/03/17,Man City,Stoke,0,0,D,0,0,D,N Swarbrick,12,5,8,11,8,1,1,3,0,0,2016-17
E0,11/03/17,Bournemouth,West Ham,3,2,H,1,1,D,R Madley,21,15,20,15,5,6,4,2,0,0,2016-17
E0,11/03/17,Everton,West Brom,3,0,H,2,0,H,G Scott,16,5,8,12,4,6,1,2,0,0,2016-17
E0,11/03/17,Hull,Swansea,2,1,H,0,0,D,A Marriner,15,11,14,5,2,7,3,1,0,0,2016-17
E0,12/03/17,Liverpool,Burnley,2,1,H,1,1,D,C Pawson,10,11,12,16,11,1,2,2,0,0,2016-17
E0,18/03/17,Bournemouth,Swansea,2,0,H,1,0,H,M Dean,12,10,10,9,2,4,0,2,0,0,2016-17
E0,18/03/17,Crystal Palace,Watford,1,0,H,0,0,D,M Atkinson,7,6,8,15,3,2,0,2,0,0,2016-17
E0,18/03/17,Everton,Hull,4,0,H,1,0,H,P Tierney,14,6,9,7,5,8,2,0,0,1,2016-17
E0,18/03/17,Stoke,Chelsea,1,2,A,1,1,D,A Taylor,5,20,16,11,5,11,4,2,1,0,2016-17
E0,18/03/17,Sunderland,Burnley,0,0,D,0,0,D,R Madley,14,17,14,7,3,5,2,1,0,0,2016-17
E0,18/03/17,West Brom,Arsenal,3,1,H,1,1,D,N Swarbrick,12,11,5,6,4,5,1,0,0,0,2016-17
E0,18/03/17,West Ham,Leicester,2,3,A,1,3,A,R East,20,11,10,14,6,5,0,1,0,0,2016-17
E0,19/03/17,Man City,Liverpool,1,1,D,0,0,D,M Oliver,13,13,14,7,9,8,3,3,0,0,2016-17
E0,19/03/17,Middlesbrough,Man United,1,3,A,0,1,A,J Moss,10,14,9,8,8,3,1,1,0,0,2016-17
E0,19/03/17,Tottenham,Southampton,2,1,H,2,0,H,A Marriner,12,8,12,13,5,1,3,3,0,0,2016-17
E0,01/04/17,Burnley,Tottenham,0,2,A,0,0,D,S Attwell,13,19,9,6,3,7,2,0,0,0,2016-17
E0,01/04/17,Chelsea,Crystal Palace,1,2,A,1,2,A,C Pawson,24,8,12,14,9,3,3,2,0,0,2016-17
E0,01/04/17,Hull,West Ham,2,1,H,0,1,A,M Jones,7,12,16,9,5,5,2,2,0,0,2016-17
E0,01/04/17,Leicester,Stoke,2,0,H,1,0,H,L Mason,23,10,7,11,10,4,1,4,0,0,2016-17
E0,01/04/17,Liverpool,Everton,3,1,H,2,1,H,A Taylor,10,9,17,10,2,3,1,3,0,0,2016-17
E0,01/04/17,Man United,West Brom,0,0,D,0,0,D,M Dean,18,3,15,13,6,1,3,3,0,0,2016-17
E0,01/04/17,Southampton,Bournemouth,0,0,D,0,0,D,J Moss,14,12,14,8,6,3,1,0,0,0,2016-17
E0,01/04/17,Watford,Sunderland,1,0,H,0,0,D,L Probert,23,11,12,8,13,9,1,3,0,0,2016-17
E0,02/04/17,Arsenal,Man City,2,2,D,1,2,A,A Marriner,8,14,8,15,3,8,3,2,0,0,2016-17
E0,02/04/17,Swansea,Middlesbrough,0,0,D,0,0,D,R Madley,15,8,9,16,11,3,2,3,0,0,2016-17
E0,04/04/17,Burnley,Stoke,1,0,H,0,0,D,K Friend,7,15,9,16,3,5,3,2,0,0,2016-17
E0,04/04/17,Leicester,Sunderland,2,0,H,0,0,D,G Scott,19,15,12,13,5,6,0,1,0,0,2016-17
E0,04/04/17,Man United,Everton,1,1,D,0,1,A,N Swarbrick,18,11,10,18,6,5,1,4,0,1,2016-17
E0,04/04/17,Watford,West Brom,2,0,H,1,0,H,P Tierney,9,18,11,14,5,6,1,4,1,0,2016-17
E0,05/04/17,Arsenal,West Ham,3,0,H,0,0,D,M Atkinson,21,7,11,5,5,0,2,2,0,0,2016-17
E0,05/04/17,Chelsea,Man City,2,1,H,2,1,H,M Dean,10,17,10,14,2,9,1,3,0,0,2016-17
E0,05/04/17,Hull,Middlesbrough,4,2,H,3,2,H,M Oliver,17,12,13,12,8,4,2,1,0,0,2016-17
E0,05/04/17,Liverpool,Bournemouth,2,2,D,1,1,D,L Mason,20,7,11,8,7,2,1,1,0,0,2016-17
E0,05/04/17,Southampton,Crystal Palace,3,1,H,1,1,D,R East,25,17,16,11,11,11,2,1,0,0,2016-17
E0,05/04/17,Swansea,Tottenham,1,3,A,1,0,H,J Moss,4,18,7,8,5,7,1,1,0,0,2016-17
E0,08/04/17,Bournemouth,Chelsea,1,3,A,1,2,A,A Marriner,12,15,7,11,4,4,2,3,0,0,2016-17
E0,08/04/17,Man City,Hull,3,1,H,1,0,H,J Moss,23,6,6,8,7,3,0,2,0,0,2016-17
E0,08/04/17,Middlesbrough,Burnley,0,0,D,0,0,D,M Atkinson,12,7,9,12,4,3,0,3,0,0,2016-17
E0,08/04/17,Stoke,Liverpool,1,2,A,1,0,H,M Dean,9,14,7,11,5,8,0,2,0,0,2016-17
E0,08/04/17,Tottenham,Watford,4,0,H,3,0,H,A Taylor,19,8,12,12,7,5,0,1,0,0,2016-17
E0,08/04/17,West Brom,Southampton,0,1,A,0,1,A,C Kavanagh,17,10,12,12,7,3,2,2,0,0,2016-17
E0,08/04/17,West Ham,Swansea,1,0,H,1,0,H,K Friend,14,4,12,12,4,3,5,1,0,0,2016-17
E0,09/04/17,Everton,Leicester,4,2,H,3,2,H,R Madley,12,6,8,15,4,6,2,2,0,0,2016-17
E0,09/04/17,Sunderland,Man United,0,3,A,0,1,A,C Pawson,9,18,14,20,4,5,1,5,1,0,2016-17
E0,10/04/17,Crystal Palace,Arsenal,3,0,H,1,0,H,M Oliver,17,11,11,10,5,8,0,1,0,0,2016-17
E0,15/04/17,Crystal Palace,Leicester,2,2,D,0,1,A,M Dean,15,6,10,16,8,5,0,2,0,0,2016-17
E0,15/04/17,Everton,Burnley,3,1,H,0,0,D,M Clattenburg,29,13,15,14,6,7,2,0,0,0,2016-17
E0,15/04/17,Southampton,Man City,0,3,A,0,0,D,N Swarbrick,8,18,9,8,3,8,3,0,0,0,2016-17
E0,15/04/17,Stoke,Hull,3,1,H,1,0,H,S Attwell,14,14,12,5,3,7,0,2,0,0,2016-17
E0,15/04/17,Sunderland,West Ham,2,2,D,1,1,D,A Marriner,14,7,14,10,8,1,1,0,0,1,2016-17
E0,15/04/17,Tottenham,Bournemouth,4,0,H,2,0,H,M Oliver,24,5,8,10,13,1,0,1,0,0,2016-17
E0,15/04/17,Watford,Swansea,1,0,H,1,0,H,L Mason,15,13,8,13,6,2,0,0,0,0,2016-17
E0,16/04/17,Man United,Chelsea,2,0,H,1,0,H,R Madley,9,5,16,20,1,3,3,3,0,0,2016-17
E0,16/04/17,West Brom,Liverpool,0,1,A,0,1,A,J Moss,7,15,15,9,4,4,3,1,0,0,2016-17
E0,17/04/17,Middlesbrough,Arsenal,1,2,A,0,1,A,A Taylor,13,12,11,16,2,4,2,2,0,0,2016-17
E0,22/04/17,Bournemouth,Middlesbrough,4,0,H,2,0,H,G Scott,20,5,4,14,4,3,0,2,0,1,2016-17
E0,22/04/17,Hull,Watford,2,0,H,0,0,D,R Madley,8,13,10,11,4,7,3,1,1,0,2016-17
E0,22/04/17,Swansea,Stoke,2,0,H,1,0,H,M Oliver,10,9,5,14,11,4,2,2,0,0,2016-17
E0,22/04/17,West Ham,Everton,0,0,D,0,0,D,R East,15,4,9,15,8,4,2,3,0,0,2016-17
E0,23/04/17,Burnley,Man United,0,2,A,0,2,A,A Taylor,8,12,17,16,3,3,2,1,0,0,2016-17
E0,23/04/17,Liverpool,Crystal Palace,1,2,A,1,1,D,A Marriner,14,7,8,10,4,3,1,2,0,0,2016-17
E0,25/04/17,Chelsea,Southampton,4,2,H,2,1,H,L Mason,17,12,13,9,6,7,2,2,0,0,2016-17
E0,26/04/17,Arsenal,Leicester,1,0,H,0,0,D,M Jones,12,7,9,13,12,1,2,4,0,0,2016-17
E0,26/04/17,Crystal Palace,Tottenham,0,1,A,0,0,D,J Moss,6,18,13,15,2,11,3,3,0,0,2016-17
E0,26/04/17,Middlesbrough,Sunderland,1,0,H,1,0,H,M Dean,6,10,15,11,3,5,3,3,0,0,2016-17
E0,27/04/17,Man City,Man United,0,0,D,0,0,D,M Atkinson,19,3,10,8,7,4,1,0,0,1,2016-17
E0,29/04/17,Crystal Palace,Burnley,0,2,A,0,1,A,R Madley,15,9,11,12,14,4,2,0,0,0,2016-17
E0,29/04/17,Southampton,Hull,0,0,D,0,0,D,M Dean,11,9,9,13,6,6,0,3,0,0,2016-17
E0,29/04/17,Stoke,West Ham,0,0,D,0,0,D,L Probert,19,12,12,3,5,3,1,0,0,0,2016-17
E0,29/04/17,Sunderland,Bournemouth,0,1,A,0,0,D,S Attwell,17,15,13,9,6,5,3,2,0,0,2016-17
E0,29/04/17,West Brom,Leicester,0,1,A,0,1,A,M Clattenburg,16,6,14,9,5,6,2,2,0,0,2016-17
E0,30/04/17,Everton,Chelsea,0,3,A,0,0,D,J Moss,12,11,13,11,2,4,3,4,0,0,2016-17
E0,30/04/17,Man United,Swansea,1,1,D,1,0,H,N Swarbrick,12,12,11,13,5,2,2,2,0,0,2016-17
E0,30/04/17,Middlesbrough,Man City,2,2,D,1,0,H,K Friend,14,22,9,9,4,11,4,4,0,0,2016-17
E0,30/04/17,Tottenham,Arsenal,2,0,H,0,0,D,M Oliver,20,12,7,15,14,5,1,3,0,0,2016-17
E0,01/05/17,Watford,Liverpool,0,1,A,0,1,A,C Pawson,9,12,11,9,3,5,3,1,0,0,2016-17
E0,05/05/17,West Ham,Tottenham,1,0,H,0,0,D,A Taylor,13,11,8,9,3,7,4,2,0,0,2016-17
E0,06/05/17,Bournemouth,Stoke,2,2,D,0,1,A,P Tierney,12,14,10,15,0,7,2,0,0,0,2016-17
E0,06/05/17,Burnley,West Brom,2,2,D,0,0,D,M Jones,14,11,9,14,5,8,1,3,0,0,2016-17
E0,06/05/17,Hull,Sunderland,0,2,A,0,0,D,N Swarbrick,16,12,10,8,7,4,3,1,0,0,2016-17
E0,06/05/17,Leicester,Watford,3,0,H,1,0,H,R East,11,14,8,10,10,1,0,0,0,0,2016-17
E0,06/05/17,Man City,Crystal Palace,5,0,H,1,0,H,M Oliver,26,5,12,8,9,3,1,3,0,0,2016-17
E0,06/05/17,Swansea,Everton,1,0,H,1,0,H,M Atkinson,9,8,5,13,9,5,0,0,0,0,2016-17
E0,07/05/17,Arsenal,Man United,2,0,H,0,0,D,A Marriner,9,10,14,10,5,9,1,0,0,0,2016-17
E0,07/05/17,Liverpool,Southampton,0,0,D,0,0,D,R Madley,17,4,9,4,3,6,1,3,0,0,2016-17
E0,08/05/17,Chelsea,Middlesbrough,3,0,H,2,0,H,C Pawson,21,2,8,21,8,1,0,2,0,0,2016-17
E0,10/05/17,Southampton,Arsenal,0,2,A,0,0,D,J Moss,14,11,5,5,8,5,1,2,0,0,2016-17
E0,12/05/17,Everton,Watford,1,0,H,0,0,D,K Friend,15,14,7,11,9,8,0,3,0,0,2016-17
E0,12/05/17,West Brom,Chelsea,0,1,A,0,0,D,M Oliver,7,24,13,8,5,8,3,0,0,0,2016-17
E0,13/05/17,Bournemouth,Burnley,2,1,H,1,0,H,L Probert,18,14,6,11,7,1,0,1,0,0,2016-17
E0,13/05/17,Man City,Leicester,2,1,H,2,1,H,R Madley,17,9,12,16,9,3,3,3,0,0,2016-17
E0,13/05/17,Middlesbrough,Southampton,1,2,A,0,1,A,A Taylor,14,14,19,11,6,3,3,0,0,0,2016-17
E0,13/05/17,Stoke,Arsenal,1,4,A,0,1,A,M Dean,10,10,13,7,7,6,1,2,0,0,2016-17
E0,13/05/17,Sunderland,Swansea,0,2,A,0,2,A,A Marriner,13,3,13,6,8,4,4,0,0,0,2016-17
E0,14/05/17,Crystal Palace,Hull,4,0,H,2,0,H,M Atkinson,12,9,13,14,3,7,3,5,0,0,2016-17
E0,14/05/17,Tottenham,Man United,2,1,H,1,0,H,J Moss,14,8,14,15,8,3,1,2,0,0,2016-17
E0,14/05/17,West Ham,Liverpool,0,4,A,0,1,A,N Swarbrick,10,26,5,10,4,6,2,0,0,0,2016-17
E0,15/05/17,Chelsea,Watford,4,3,H,2,1,H,L Mason,24,9,7,12,8,3,2,4,0,1,2016-17
E0,16/05/17,Arsenal,Sunderland,2,0,H,0,0,D,R East,36,6,15,10,17,3,4,2,0,0,2016-17
E0,16/05/17,Man City,West Brom,3,1,H,2,0,H,C Pawson,21,5,8,11,7,1,1,2,0,0,2016-17
E0,17/05/17,Southampton,Man United,0,0,D,0,0,D,M Dean,17,11,7,10,7,3,2,1,0,0,2016-17
E0,18/05/17,Leicester,Tottenham,1,6,A,0,2,A,M Oliver,12,26,11,8,4,4,3,1,0,0,2016-17
E0,21/05/17,Arsenal,Everton,3,1,H,2,0,H,M Oliver,17,22,10,15,4,6,2,4,1,0,2016-17
E0,21/05/17,Burnley,West Ham,1,2,A,1,1,D,R Madley,9,14,11,14,2,5,2,2,0,0,2016-17
E0,21/05/17,Chelsea,Sunderland,5,1,H,1,1,D,N Swarbrick,28,7,8,15,11,1,1,1,0,0,2016-17
E0,21/05/17,Hull,Tottenham,1,7,A,0,3,A,A Marriner,10,19,14,5,2,3,0,0,0,0,2016-17
E0,21/05/17,Leicester,Bournemouth,1,1,D,0,1,A,l Mason,21,10,11,10,9,1,4,1,0,0,2016-17
E0,21/05/17,Liverpool,Middlesbrough,3,0,H,1,0,H,M Atkinson,25,9,13,8,3,3,0,1,0,0,2016-17
E0,21/05/17,Man United,Crystal Palace,2,0,H,2,0,H,A Taylor,9,6,16,10,3,6,2,0,0,0,2016-17
E0,21/05/17,Southampton,Stoke,0,1,A,0,0,D,L Probert,14,14,12,10,4,10,2,4,0,0,2016-17
E0,21/05/17,Swansea,West Brom,2,1,H,0,1,A,M Dean,12,16,8,10,7,4,1,1,0,0,2016-17
E0,21/05/17,Watford,Man City,0,5,A,0,4,A,J Moss,6,15,12,10,4,5,1,0,0,0,2016-17
E0,11/08/17,Arsenal,Leicester,4,3,H,2,2,D,M Dean,27,6,9,12,9,4,0,1,0,0,2017-18
E0,12/08/17,Brighton,Man City,0,2,A,0,0,D,M Oliver,6,14,6,9,3,10,0,2,0,0,2017-18
E0,12/08/17,Chelsea,Burnley,2,3,A,0,3,A,C Pawson,19,10,16,11,8,5,3,3,2,0,2017-18
E0,12/08/17,Crystal Palace,Huddersfield,0,3,A,0,2,A,J Moss,14,8,7,19,12,9,1,3,0,0,2017-18
E0,12/08/17,Everton,Stoke,1,0,H,1,0,H,N Swarbrick,9,9,13,10,6,7,1,1,0,0,2017-18
E0,12/08/17,Southampton,Swansea,0,0,D,0,0,D,M Jones,29,4,10,13,13,0,2,1,0,0,2017-18
E0,12/08/17,Watford,Liverpool,3,3,D,2,1,H,A Taylor,9,14,14,8,3,3,0,3,0,0,2017-18
E0,12/08/17,West Brom,Bournemouth,1,0,H,1,0,H,R Madley,16,9,15,3,8,2,3,1,0,0,2017-18
E0,13/08/17,Man United,West Ham,4,0,H,1,0,H,M Atkinson,22,9,19,7,11,1,2,2,0,0,2017-18
E0,13/08/17,Newcastle,Tottenham,0,2,A,0,0,D,A Marriner,6,18,6,10,5,7,1,2,1,0,2017-18
E0,19/08/17,Bournemouth,Watford,0,2,A,0,0,D,R East,6,19,6,14,8,5,1,3,0,0,2017-18
E0,19/08/17,Burnley,West Brom,0,1,A,0,0,D,M Atkinson,20,8,11,11,5,5,1,0,0,1,2017-18
E0,19/08/17,Leicester,Brighton,2,0,H,1,0,H,L Probert,14,5,8,10,6,2,1,0,0,0,2017-18
E0,19/08/17,Liverpool,Crystal Palace,1,0,H,0,0,D,K Friend,23,4,12,13,4,2,1,3,0,0,2017-18
E0,19/08/17,Southampton,West Ham,3,2,H,2,1,H,L Mason,14,16,18,10,7,2,1,1,0,1,2017-18
E0,19/08/17,Stoke,Arsenal,1,0,H,0,0,D,A Marriner,11,18,6,11,2,9,0,0,0,0,2017-18
E0,19/08/17,Swansea,Man United,0,4,A,0,1,A,J Moss,6,17,12,11,3,5,1,1,0,0,2017-18
E0,20/08/17,Huddersfield,Newcastle,1,0,H,0,0,D,C Pawson,7,13,13,10,7,3,3,4,0,0,2017-18
E0,20/08/17,Tottenham,Chelsea,1,2,A,0,1,A,A Taylor,18,9,14,21,14,3,3,3,0,0,2017-18
E0,21/08/17,Man City,Everton,1,1,D,0,1,A,R Madley,19,7,7,9,7,1,1,2,1,1,2017-18
E0,26/08/17,Bournemouth,Man City,1,2,A,1,1,D,M Dean,9,19,13,14,2,5,5,4,0,1,2017-18
E0,26/08/17,Crystal Palace,Swansea,0,2,A,0,1,A,A Marriner,16,7,9,6,1,1,4,1,0,0,2017-18
E0,26/08/17,Huddersfield,Southampton,0,0,D,0,0,D,S Attwell,16,6,10,10,5,4,0,1,0,0,2017-18
E0,26/08/17,Man United,Leicester,2,0,H,0,0,D,M Oliver,22,11,8,7,9,3,1,2,0,0,2017-18
E0,26/08/17,Newcastle,West Ham,3,0,H,1,0,H,N Swarbrick,16,8,17,11,7,5,1,3,0,0,2017-18
E0,26/08/17,Watford,Brighton,0,0,D,0,0,D,G Scott,8,16,7,18,3,11,0,1,1,0,2017-18
E0,27/08/17,Chelsea,Everton,2,0,H,2,0,H,J Moss,18,7,12,7,6,3,2,2,0,0,2017-18
E0,27/08/17,Liverpool,Arsenal,4,0,H,2,0,H,C Pawson,18,8,6,9,4,3,2,4,0,0,2017-18
E0,27/08/17,Tottenham,Burnley,1,1,D,0,0,D,L Mason,28,13,9,9,10,7,0,0,0,0,2017-18
E0,27/08/17,West Brom,Stoke,1,1,D,0,0,D,A Taylor,10,16,10,9,10,4,2,2,0,0,2017-18
E0,09/09/17,Arsenal,Bournemouth,3,0,H,2,0,H,A Taylor,15,6,14,8,8,2,0,1,0,0,2017-18
E0,09/09/17,Brighton,West Brom,3,1,H,1,0,H,C Kavanagh,12,12,9,4,2,6,2,0,0,0,2017-18
E0,09/09/17,Everton,Tottenham,0,3,A,0,2,A,G Scott,12,15,14,14,7,3,3,1,0,0,2017-18
E0,09/09/17,Leicester,Chelsea,1,2,A,0,1,A,L Mason,8,16,11,8,2,9,1,0,0,0,2017-18
E0,09/09/17,Man City,Liverpool,5,0,H,2,0,H,J Moss,13,10,10,9,8,3,2,2,0,1,2017-18
E0,09/09/17,Southampton,Watford,0,2,A,0,1,A,L Probert,9,12,8,11,7,4,0,0,0,0,2017-18
E0,09/09/17,Stoke,Man United,2,2,D,1,1,D,N Swarbrick,10,18,10,10,5,11,0,0,0,0,2017-18
E0,10/09/17,Burnley,Crystal Palace,1,0,H,1,0,H,M Oliver,4,23,7,14,3,13,1,1,0,0,2017-18
E0,10/09/17,Swansea,Newcastle,0,1,A,0,0,D,M Jones,10,16,11,15,7,5,2,3,0,0,2017-18
E0,11/09/17,West Ham,Huddersfield,2,0,H,0,0,D,K Friend,19,10,11,14,10,3,1,2,0,0,2017-18
E0,15/09/17,Bournemouth,Brighton,2,1,H,0,0,D,C Pawson,15,9,5,12,6,4,0,0,0,0,2017-18
E0,16/09/17,Crystal Palace,Southampton,0,1,A,0,1,A,R Madley,14,13,14,13,5,5,5,1,0,0,2017-18
E0,16/09/17,Huddersfield,Leicester,1,1,D,0,0,D,J Moss,15,10,6,6,8,4,1,1,0,0,2017-18
E0,16/09/17,Liverpool,Burnley,1,1,D,1,1,D,R East,35,5,7,9,12,2,1,2,0,0,2017-18
E0,16/09/17,Newcastle,Stoke,2,1,H,1,0,H,S Attwell,14,13,13,11,7,5,3,1,0,0,2017-18
E0,16/09/17,Tottenham,Swansea,0,0,D,0,0,D,M Dean,26,4,11,9,11,1,1,3,0,0,2017-18
E0,16/09/17,Watford,Man City,0,6,A,0,3,A,A Taylor,7,28,8,6,3,11,2,0,0,0,2017-18
E0,16/09/17,West Brom,West Ham,0,0,D,0,0,D,P Tierney,6,9,15,7,2,3,2,2,0,0,2017-18
E0,17/09/17,Chelsea,Arsenal,0,0,D,0,0,D,M Oliver,13,11,11,15,5,1,1,3,1,0,2017-18
E0,17/09/17,Man United,Everton,4,0,H,1,0,H,A Marriner,16,7,15,14,4,1,1,1,0,0,2017-18
E0,23/09/17,Burnley,Huddersfield,0,0,D,0,0,D,C Kavanagh,5,9,9,13,3,4,3,2,0,0,2017-18
E0,23/09/17,Everton,Bournemouth,2,1,H,0,0,D,M Atkinson,12,8,12,11,4,6,3,1,0,0,2017-18
E0,23/09/17,Leicester,Liverpool,2,3,A,1,2,A,A Taylor,12,23,13,14,3,6,3,3,0,0,2017-18
E0,23/09/17,Man City,Crystal Palace,5,0,H,1,0,H,N Swarbrick,25,5,6,7,8,2,3,1,0,0,2017-18
E0,23/09/17,Southampton,Man United,0,1,A,0,1,A,C Pawson,14,9,12,9,8,4,1,4,0,0,2017-18
E0,23/09/17,Stoke,Chelsea,0,4,A,0,2,A,M Dean,13,7,5,14,5,0,2,2,0,0,2017-18
E0,23/09/17,Swansea,Watford,1,2,A,0,1,A,L Mason,10,8,9,16,5,4,1,3,0,0,2017-18
E0,23/09/17,West Ham,Tottenham,2,3,A,0,2,A,M Oliver,10,15,10,20,4,3,4,2,0,1,2017-18
E0,24/09/17,Brighton,Newcastle,1,0,H,0,0,D,A Marriner,7,17,6,8,2,8,2,1,0,0,2017-18
E0,25/09/17,Arsenal,West Brom,2,0,H,1,0,H,R Madley,16,7,8,17,7,4,1,4,0,0,2017-18
E0,30/09/17,Bournemouth,Leicester,0,0,D,0,0,D,G Scott,19,8,6,10,7,5,1,0,0,0,2017-18
E0,30/09/17,Chelsea,Man City,0,1,A,0,0,D,M Atkinson,4,17,8,13,4,8,0,2,0,0,2017-18
E0,30/09/17,Huddersfield,Tottenham,0,4,A,0,3,A,N Swarbrick,6,14,7,4,4,7,1,1,0,0,2017-18
E0,30/09/17,Man United,Crystal Palace,4,0,H,2,0,H,M Dean,18,6,6,9,6,5,0,0,0,0,2017-18
E0,30/09/17,Stoke,Southampton,2,1,H,1,0,H,M Jones,17,21,11,10,5,6,1,2,0,0,2017-18
E0,30/09/17,West Brom,Watford,2,2,D,2,1,H,M Oliver,9,15,12,11,7,6,3,0,0,0,2017-18
E0,30/09/17,West Ham,Swansea,1,0,H,0,0,D,R East,9,6,15,13,2,1,3,2,0,0,2017-18
E0,01/10/17,Arsenal,Brighton,2,0,H,1,0,H,K Friend,25,9,7,8,6,5,0,2,0,0,2017-18
E0,01/10/17,Everton,Burnley,0,1,A,0,1,A,J Moss,23,5,14,7,9,3,2,2,0,0,2017-18
E0,01/10/17,Newcastle,Liverpool,1,1,D,1,1,D,C Pawson,8,17,11,6,1,5,1,1,0,0,2017-18
E0,14/10/17,Burnley,West Ham,1,1,D,0,1,A,S Attwell,20,8,11,14,7,4,2,2,0,1,2017-18
E0,14/10/17,Crystal Palace,Chelsea,2,1,H,2,1,H,A Marriner,14,15,7,6,5,8,2,1,0,0,2017-18
E0,14/10/17,Liverpool,Man United,0,0,D,0,0,D,M Atkinson,19,6,7,13,7,3,0,2,0,0,2017-18
E0,14/10/17,Man City,Stoke,7,2,H,3,1,H,C Pawson,20,5,5,8,5,0,0,1,0,0,2017-18
E0,14/10/17,Swansea,Huddersfield,2,0,H,1,0,H,P Tierney,7,7,12,16,5,3,1,5,0,0,2017-18
E0,14/10/17,Tottenham,Bournemouth,1,0,H,0,0,D,R Madley,18,5,9,7,9,5,1,3,0,0,2017-18
E0,14/10/17,Watford,Arsenal,2,1,H,0,1,A,N Swarbrick,11,9,8,10,2,5,1,0,0,0,2017-18
E0,15/10/17,Brighton,Everton,1,1,D,0,0,D,M Oliver,12,13,12,10,7,1,4,1,0,0,2017-18
E0,15/10/17,Southampton,Newcastle,2,2,D,0,1,A,K Friend,12,19,11,12,3,8,1,2,0,0,2017-18
E0,16/10/17,Leicester,West Brom,1,1,D,0,0,D,M Dean,11,5,13,6,4,1,2,2,0,0,2017-18
E0,20/10/17,West Ham,Brighton,0,3,A,0,2,A,M Atkinson,16,7,5,13,10,3,1,0,0,0,2017-18
E0,21/10/17,Chelsea,Watford,4,2,H,1,1,D,J Moss,14,16,13,16,6,6,2,3,0,0,2017-18
E0,21/10/17,Huddersfield,Man United,2,1,H,2,0,H,L Mason,5,9,10,12,4,7,4,2,0,0,2017-18
E0,21/10/17,Man City,Burnley,3,0,H,1,0,H,R East,15,6,10,6,4,5,2,3,0,0,2017-18
E0,21/10/17,Newcastle,Crystal Palace,1,0,H,0,0,D,S Attwell,7,10,12,14,3,5,4,2,0,0,2017-18
E0,21/10/17,Southampton,West Brom,1,0,H,0,0,D,G Scott,20,7,10,8,8,3,0,1,0,0,2017-18
E0,21/10/17,Stoke,Bournemouth,1,2,A,0,2,A,L Probert,10,7,17,10,8,3,0,1,0,0,2017-18
E0,21/10/17,Swansea,Leicester,1,2,A,0,1,A,M Oliver,19,11,6,9,7,6,0,1,0,0,2017-18
E0,22/10/17,Everton,Arsenal,2,5,A,1,1,D,C Pawson,8,30,14,14,0,7,1,1,1,0,2017-18
E0,22/10/17,Tottenham,Liverpool,4,1,H,3,1,H,A Marriner,14,12,2,8,3,5,0,1,0,0,2017-18
E0,28/10/17,Arsenal,Swansea,2,1,H,0,1,A,L Mason,17,4,9,9,5,2,0,0,0,0,2017-18
E0,28/10/17,Bournemouth,Chelsea,0,1,A,0,0,D,C Pawson,7,18,5,5,5,5,2,0,0,0,2017-18
E0,28/10/17,Crystal Palace,West Ham,2,2,D,0,2,A,R Madley,19,6,18,15,11,2,1,2,0,0,2017-18
E0,28/10/17,Liverpool,Huddersfield,3,0,H,0,0,D,K Friend,16,1,10,8,9,2,0,1,0,0,2017-18
E0,28/10/17,Man United,Tottenham,1,0,H,0,0,D,J Moss,11,13,12,14,6,3,1,0,0,0,2017-18
E0,28/10/17,Watford,Stoke,0,1,A,0,1,A,M Oliver,13,6,10,9,8,1,4,4,0,0,2017-18
E0,28/10/17,West Brom,Man City,2,3,A,1,2,A,M Jones,6,15,10,7,1,2,2,3,0,0,2017-18
E0,29/10/17,Brighton,Southampton,1,1,D,0,1,A,N Swarbrick,7,6,9,10,2,7,3,1,0,0,2017-18
E0,29/10/17,Leicester,Everton,2,0,H,2,0,H,A Marriner,9,16,6,10,3,10,0,2,0,0,2017-18
E0,30/10/17,Burnley,Newcastle,1,0,H,0,0,D,M Dean,12,12,9,10,5,3,3,0,0,0,2017-18
E0,04/11/17,Huddersfield,West Brom,1,0,H,1,0,H,R East,7,9,8,15,3,5,1,4,1,0,2017-18
E0,04/11/17,Newcastle,Bournemouth,0,1,A,0,0,D,P Tierney,16,16,11,12,11,9,2,2,0,0,2017-18
E0,04/11/17,Southampton,Burnley,0,1,A,0,0,D,L Probert,13,5,4,4,9,1,0,0,0,0,2017-18
E0,04/11/17,Stoke,Leicester,2,2,D,1,1,D,R Madley,11,14,12,8,4,10,0,0,0,0,2017-18
E0,04/11/17,Swansea,Brighton,0,1,A,0,1,A,M Dean,12,5,13,12,8,7,2,1,0,0,2017-18
E0,04/11/17,West Ham,Liverpool,1,4,A,0,2,A,N Swarbrick,6,15,9,13,2,3,3,0,0,0,2017-18
E0,05/11/17,Chelsea,Man United,1,0,H,0,0,D,A Taylor,18,10,16,20,4,7,1,3,0,0,2017-18
E0,05/11/17,Everton,Watford,3,2,H,0,0,D,G Scott,10,11,14,12,2,5,0,2,0,0,2017-18
E0,05/11/17,Man City,Arsenal,3,1,H,1,0,H,M Oliver,9,6,15,15,5,5,1,6,0,0,2017-18
E0,05/11/17,Tottenham,Crystal Palace,1,0,H,0,0,D,K Friend,12,11,6,7,10,9,0,2,0,0,2017-18
E0,18/11/17,Arsenal,Tottenham,2,0,H,2,0,H,M Dean,14,14,11,16,7,4,4,1,0,0,2017-18
E0,18/11/17,Bournemouth,Huddersfield,4,0,H,2,0,H,L Probert,11,20,13,10,8,11,3,2,1,0,2017-18
E0,18/11/17,Burnley,Swansea,2,0,H,2,0,H,M Atkinson,16,13,12,12,8,6,1,1,0,0,2017-18
E0,18/11/17,Crystal Palace,Everton,2,2,D,2,2,D,A Taylor,16,8,9,26,9,4,2,3,0,0,2017-18
E0,18/11/17,Leicester,Man City,0,2,A,0,1,A,G Scott,2,12,8,10,1,7,1,1,0,0,2017-18
E0,18/11/17,Liverpool,Southampton,3,0,H,2,0,H,M Jones,21,5,15,9,10,2,1,1,0,0,2017-18
E0,18/11/17,Man United,Newcastle,4,1,H,2,1,H,C Pawson,16,12,10,9,11,4,1,1,0,0,2017-18
E0,18/11/17,West Brom,Chelsea,0,4,A,0,3,A,J Moss,7,11,13,12,3,4,2,3,0,0,2017-18
E0,19/11/17,Watford,West Ham,2,0,H,1,0,H,A Marriner,17,10,13,10,3,1,1,4,0,0,2017-18
E0,20/11/17,Brighton,Stoke,2,2,D,1,2,A,L Mason,9,13,13,5,6,7,1,0,0,0,2017-18
E0,24/11/17,West Ham,Leicester,1,1,D,1,1,D,M Atkinson,8,7,9,12,5,5,1,1,0,0,2017-18
E0,25/11/17,Crystal Palace,Stoke,2,1,H,0,0,D,M Dean,10,9,9,5,5,2,1,1,0,0,2017-18
E0,25/11/17,Liverpool,Chelsea,1,1,D,0,0,D,M Oliver,16,11,10,7,7,8,0,0,0,0,2017-18
E0,25/11/17,Man United,Brighton,1,0,H,0,0,D,N Swarbrick,15,8,9,9,5,0,0,2,0,0,2017-18
E0,25/11/17,Newcastle,Watford,0,3,A,0,2,A,C Kavanagh,12,12,8,13,6,3,1,2,0,0,2017-18
E0,25/11/17,Swansea,Bournemouth,0,0,D,0,0,D,S Attwell,10,9,18,6,4,5,4,2,0,0,2017-18
E0,25/11/17,Tottenham,West Brom,1,1,D,0,1,A,M Jones,24,5,10,13,8,0,1,4,0,0,2017-18
E0,26/11/17,Burnley,Arsenal,0,1,A,0,0,D,L Mason,8,17,8,14,5,5,2,0,0,0,2017-18
E0,26/11/17,Huddersfield,Man City,1,2,A,1,0,H,C Pawson,4,14,10,10,3,7,2,3,1,0,2017-18
E0,26/11/17,Southampton,Everton,4,1,H,1,1,D,K Friend,17,5,6,13,7,2,0,0,0,0,2017-18
E0,28/11/17,Brighton,Crystal Palace,0,0,D,0,0,D,A Marriner,10,10,13,8,10,5,2,0,0,0,2017-18
E0,28/11/17,Leicester,Tottenham,2,1,H,2,0,H,A Taylor,7,18,7,10,4,9,1,2,0,0,2017-18
E0,28/11/17,Watford,Man United,2,4,A,0,3,A,J Moss,12,15,12,10,5,5,2,1,0,0,2017-18
E0,28/11/17,West Brom,Newcastle,2,2,D,1,0,H,L Probert,8,14,13,12,1,6,0,0,0,0,2017-18
E0,29/11/17,Arsenal,Huddersfield,5,0,H,1,0,H,G Scott,21,7,10,12,7,2,0,1,0,0,2017-18
E0,29/11/17,Bournemouth,Burnley,1,2,A,0,1,A,R East,10,10,9,11,4,6,0,1,0,0,2017-18
E0,29/11/17,Chelsea,Swansea,1,0,H,0,0,D,N Swarbrick,21,2,10,7,15,1,1,0,0,0,2017-18
E0,29/11/17,Everton,West Ham,4,0,H,2,0,H,M Oliver,8,7,16,6,2,6,2,1,0,0,2017-18
E0,29/11/17,Man City,Southampton,2,1,H,0,0,D,P Tierney,26,7,12,11,6,5,1,1,0,0,2017-18
E0,29/11/17,Stoke,Liverpool,0,3,A,0,1,A,M Atkinson,10,14,8,10,5,9,1,5,0,0,2017-18
E0,02/12/17,Arsenal,Man United,1,3,A,0,2,A,A Marriner,33,8,11,10,12,1,3,2,0,1,2017-18
E0,02/12/17,Brighton,Liverpool,1,5,A,0,2,A,G Scott,6,12,8,7,2,2,1,0,0,0,2017-18
E0,02/12/17,Chelsea,Newcastle,3,1,H,2,1,H,K Friend,23,8,8,13,11,4,0,1,0,0,2017-18
E0,02/12/17,Everton,Huddersfield,2,0,H,0,0,D,C Kavanagh,6,5,12,9,2,5,2,1,0,0,2017-18
E0,02/12/17,Leicester,Burnley,1,0,H,1,0,H,P Tierney,16,14,3,11,10,7,0,2,0,0,2017-18
E0,02/12/17,Stoke,Swansea,2,1,H,2,1,H,C Pawson,10,10,12,10,2,6,2,0,0,0,2017-18
E0,02/12/17,Watford,Tottenham,1,1,D,1,1,D,M Atkinson,6,8,16,8,7,2,4,1,0,1,2017-18
E0,02/12/17,West Brom,Crystal Palace,0,0,D,0,0,D,M Oliver,20,10,11,10,3,7,3,1,0,0,2017-18
E0,03/12/17,Bournemouth,Southampton,1,1,D,1,0,H,J Moss,16,15,6,12,5,4,2,1,0,0,2017-18
E0,03/12/17,Man City,West Ham,2,1,H,0,1,A,M Dean,24,7,5,7,10,4,2,2,0,0,2017-18
E0,09/12/17,Burnley,Watford,1,0,H,1,0,H,L Probert,8,11,10,12,3,5,1,0,0,1,2017-18
E0,09/12/17,Crystal Palace,Bournemouth,2,2,D,2,2,D,K Friend,24,11,14,14,6,3,5,2,0,0,2017-18
E0,09/12/17,Huddersfield,Brighton,2,0,H,2,0,H,S Attwell,19,7,6,10,8,1,0,0,0,0,2017-18
E0,09/12/17,Newcastle,Leicester,2,3,A,1,1,D,N Swarbrick,10,13,10,9,6,5,2,1,0,0,2017-18
E0,09/12/17,Swansea,West Brom,1,0,H,0,0,D,M Dean,18,7,8,18,6,3,2,5,0,0,2017-18
E0,09/12/17,Tottenham,Stoke,5,1,H,1,0,H,R East,20,4,12,9,12,6,1,0,0,0,2017-18
E0,09/12/17,West Ham,Chelsea,1,0,H,1,0,H,A Taylor,5,19,10,10,4,3,6,1,0,0,2017-18
E0,10/12/17,Liverpool,Everton,1,1,D,1,0,H,C Pawson,23,3,8,11,12,1,1,3,0,0,2017-18
E0,10/12/17,Man United,Man City,1,2,A,1,1,D,M Oliver,8,14,16,10,2,8,4,2,0,0,2017-18
E0,10/12/17,Southampton,Arsenal,1,1,D,1,0,H,R Madley,6,11,12,10,4,5,2,2,0,0,2017-18
E0,12/12/17,Burnley,Stoke,1,0,H,0,0,D,M Jones,10,14,6,14,6,4,0,0,0,0,2017-18
E0,12/12/17,Crystal Palace,Watford,2,1,H,0,1,A,L Mason,14,7,14,18,4,6,2,1,0,1,2017-18
E0,12/12/17,Huddersfield,Chelsea,1,3,A,0,2,A,A Marriner,7,12,11,4,1,3,0,0,0,0,2017-18
E0,13/12/17,Liverpool,West Brom,0,0,D,0,0,D,P Tierney,14,6,16,6,5,7,1,0,0,0,2017-18
E0,13/12/17,Man United,Bournemouth,1,0,H,1,0,H,G Scott,9,14,14,12,4,9,1,2,0,0,2017-18
E0,13/12/17,Newcastle,Everton,0,1,A,0,1,A,M Atkinson,16,7,10,11,4,1,1,2,1,0,2017-18
E0,13/12/17,Southampton,Leicester,1,4,A,0,3,A,C Kavanagh,12,16,13,9,9,9,1,0,0,0,2017-18
E0,13/12/17,Swansea,Man City,0,4,A,0,2,A,A Taylor,7,23,12,6,2,5,0,0,0,0,2017-18
E0,13/12/17,Tottenham,Brighton,2,0,H,1,0,H,R Madley,25,7,5,10,10,2,1,1,0,0,2017-18
E0,13/12/17,West Ham,Arsenal,0,0,D,0,0,D,J Moss,6,22,9,9,1,7,1,0,0,0,2017-18
E0,16/12/17,Arsenal,Newcastle,1,0,H,1,0,H,S Attwell,23,10,13,9,7,5,2,1,0,0,2017-18
E0,16/12/17,Brighton,Burnley,0,0,D,0,0,D,C Kavanagh,12,11,13,13,8,2,4,2,0,0,2017-18
E0,16/12/17,Chelsea,Southampton,1,0,H,1,0,H,R East,24,6,8,16,8,4,1,3,0,0,2017-18
E0,16/12/17,Leicester,Crystal Palace,0,3,A,0,2,A,M Atkinson,11,13,12,13,6,4,2,2,1,0,2017-18
E0,16/12/17,Man City,Tottenham,4,1,H,1,0,H,C Pawson,20,7,13,20,5,1,2,4,0,0,2017-18
E0,16/12/17,Stoke,West Ham,0,3,A,0,1,A,G Scott,17,14,12,13,7,9,2,1,0,0,2017-18
E0,16/12/17,Watford,Huddersfield,1,4,A,0,2,A,M Oliver,13,15,12,17,8,7,2,1,1,1,2017-18
E0,17/12/17,Bournemouth,Liverpool,0,4,A,0,3,A,A Marriner,6,21,5,10,2,3,1,1,0,0,2017-18
E0,17/12/17,West Brom,Man United,1,2,A,0,2,A,A Taylor,12,8,14,7,6,3,1,3,0,0,2017-18
E0,18/12/17,Everton,Swansea,3,1,H,1,1,D,J Moss,12,8,12,12,6,3,2,3,0,0,2017-18
E0,22/12/17,Arsenal,Liverpool,3,3,D,0,1,A,M Atkinson,11,14,9,11,7,8,1,0,0,0,2017-18
E0,23/12/17,Brighton,Watford,1,0,H,0,0,D,P Tierney,14,13,8,11,6,4,0,0,0,0,2017-18
E0,23/12/17,Burnley,Tottenham,0,3,A,0,1,A,M Oliver,5,18,10,10,4,4,1,2,0,0,2017-18
E0,23/12/17,Everton,Chelsea,0,0,D,0,0,D,R Madley,5,25,8,4,2,7,3,0,0,0,2017-18
E0,23/12/17,Leicester,Man United,2,2,D,1,1,D,J Moss,11,19,19,8,4,6,2,2,1,0,2017-18
E0,23/12/17,Man City,Bournemouth,4,0,H,1,0,H,M Jones,14,5,8,7,4,6,0,1,0,0,2017-18
E0,23/12/17,Southampton,Huddersfield,1,1,D,1,0,H,L Probert,12,10,16,9,9,1,2,1,0,0,2017-18
E0,23/12/17,Stoke,West Brom,3,1,H,2,0,H,N Swarbrick,9,17,9,11,1,11,1,0,0,0,2017-18
E0,23/12/17,Swansea,Crystal Palace,1,1,D,0,0,D,C Pawson,7,13,13,11,6,3,2,3,0,0,2017-18
E0,23/12/17,West Ham,Newcastle,2,3,A,1,1,D,L Mason,19,11,9,12,6,3,1,1,0,0,2017-18
E0,26/12/17,Bournemouth,West Ham,3,3,D,1,1,D,S Attwell,26,10,12,14,7,4,3,4,0,0,2017-18
E0,26/12/17,Chelsea,Brighton,2,0,H,0,0,D,M Dean,25,8,8,8,13,1,0,1,0,0,2017-18
E0,26/12/17,Huddersfield,Stoke,1,1,D,1,0,H,A Taylor,18,15,9,12,8,5,2,4,0,0,2017-18
E0,26/12/17,Liverpool,Swansea,5,0,H,1,0,H,K Friend,22,7,5,8,4,2,0,1,0,0,2017-18
E0,26/12/17,Man United,Burnley,2,2,D,0,2,A,M Atkinson,23,3,10,14,12,2,3,7,0,0,2017-18
E0,26/12/17,Tottenham,Southampton,5,2,H,2,0,H,G Scott,16,16,8,15,3,8,0,2,0,0,2017-18
E0,26/12/17,Watford,Leicester,2,1,H,1,1,D,C Kavanagh,11,11,7,13,8,8,3,3,0,0,2017-18
E0,26/12/17,West Brom,Everton,0,0,D,0,0,D,R East,17,7,14,13,10,2,2,0,0,0,2017-18
E0,27/12/17,Newcastle,Man City,0,1,A,0,1,A,A Marriner,6,22,11,6,3,8,1,0,0,0,2017-18
E0,28/12/17,Crystal Palace,Arsenal,2,3,A,0,1,A,M Oliver,16,16,12,7,5,4,0,1,0,0,2017-18
E0,30/12/17,Bournemouth,Everton,2,1,H,1,0,H,L Probert,19,6,8,13,4,4,0,0,0,0,2017-18
E0,30/12/17,Chelsea,Stoke,5,0,H,3,0,H,K Friend,21,1,5,10,7,0,1,1,0,0,2017-18
E0,30/12/17,Huddersfield,Burnley,0,0,D,0,0,D,P Tierney,3,11,14,14,5,4,2,1,0,0,2017-18
E0,30/12/17,Liverpool,Leicester,2,1,H,0,1,A,N Swarbrick,17,7,7,3,7,1,3,2,0,0,2017-18
E0,30/12/17,Man United,Southampton,0,0,D,0,0,D,C Pawson,15,8,12,13,10,7,2,4,0,0,2017-18
E0,30/12/17,Newcastle,Brighton,0,0,D,0,0,D,A Taylor,11,10,11,10,3,6,2,2,0,0,2017-18
E0,30/12/17,Watford,Swansea,1,2,A,1,0,H,M Atkinson,9,9,14,13,1,8,4,2,0,0,2017-18
E0,31/12/17,Crystal Palace,Man City,0,0,D,0,0,D,J Moss,10,15,14,11,7,8,5,4,0,0,2017-18
E0,31/12/17,West Brom,Arsenal,1,1,D,0,0,D,M Dean,14,14,14,9,5,6,3,3,0,0,2017-18
E0,01/01/18,Brighton,Bournemouth,2,2,D,1,1,D,M Oliver,15,26,13,9,5,12,2,1,0,0,2017-18
E0,01/01/18,Burnley,Liverpool,1,2,A,0,0,D,R East,13,19,4,12,3,9,0,0,0,0,2017-18
E0,01/01/18,Everton,Man United,0,2,A,0,0,D,A Marriner,12,21,11,10,6,6,2,0,0,0,2017-18
E0,01/01/18,Leicester,Huddersfield,3,0,H,0,0,D,G Scott,11,6,7,9,4,1,1,1,0,0,2017-18
E0,01/01/18,Stoke,Newcastle,0,1,A,0,0,D,C Kavanagh,11,14,10,11,10,5,3,1,0,0,2017-18
E0,02/01/18,Man City,Watford,3,1,H,2,0,H,L Mason,17,7,8,12,9,1,1,1,0,0,2017-18
E0,02/01/18,Southampton,Crystal Palace,1,2,A,1,0,H,S Attwell,10,11,8,11,4,7,0,1,0,0,2017-18
E0,02/01/18,Swansea,Tottenham,0,2,A,0,1,A,R Madley,8,12,12,9,6,5,2,2,0,0,2017-18
E0,02/01/18,West Ham,West Brom,2,1,H,0,1,A,M Jones,13,10,12,12,3,4,3,2,0,0,2017-18
E0,03/01/18,Arsenal,Chelsea,2,2,D,0,0,D,A Taylor,14,19,11,11,10,8,3,2,0,0,2017-18
E0,04/01/18,Tottenham,West Ham,1,1,D,0,0,D,M Dean,31,3,10,6,7,1,0,2,0,0,2017-18
E0,13/01/18,Chelsea,Leicester,0,0,D,0,0,D,M Jones,17,14,14,13,6,3,2,2,0,1,2017-18
E0,13/01/18,Crystal Palace,Burnley,1,0,H,1,0,H,M Oliver,17,8,16,10,3,2,0,3,0,0,2017-18
E0,13/01/18,Huddersfield,West Ham,1,4,A,1,1,D,J Moss,8,8,7,9,7,3,1,1,0,0,2017-18
E0,13/01/18,Newcastle,Swansea,1,1,D,0,0,D,G Scott,12,8,11,10,4,5,0,3,0,0,2017-18
E0,13/01/18,Tottenham,Everton,4,0,H,1,0,H,C Pawson,20,7,11,15,3,3,0,2,0,0,2017-18
E0,13/01/18,Watford,Southampton,2,2,D,0,2,A,R East,16,10,11,13,5,4,0,5,0,0,2017-18
E0,13/01/18,West Brom,Brighton,2,0,H,1,0,H,M Atkinson,15,13,8,15,9,6,0,0,0,0,2017-18
E0,14/01/18,Bournemouth,Arsenal,2,1,H,0,0,D,K Friend,13,12,8,10,4,5,2,2,0,0,2017-18
E0,14/01/18,Liverpool,Man City,4,3,H,1,1,D,A Marriner,16,11,10,7,5,6,2,3,0,0,2017-18
E0,15/01/18,Man United,Stoke,3,0,H,2,0,H,A Taylor,20,11,14,10,6,1,2,1,0,0,2017-18
E0,20/01/18,Arsenal,Crystal Palace,4,1,H,4,0,H,C Kavanagh,16,9,6,8,5,10,0,0,0,0,2017-18
E0,20/01/18,Brighton,Chelsea,0,4,A,0,2,A,J Moss,10,14,12,5,5,3,3,0,0,0,2017-18
E0,20/01/18,Burnley,Man United,0,1,A,0,0,D,M Dean,13,12,7,12,5,4,3,3,0,0,2017-18
E0,20/01/18,Everton,West Brom,1,1,D,0,1,A,S Attwell,9,15,15,10,0,3,2,1,0,0,2017-18
E0,20/01/18,Leicester,Watford,2,0,H,1,0,H,L Probert,9,11,11,10,4,5,0,0,0,0,2017-18
E0,20/01/18,Man City,Newcastle,3,1,H,1,0,H,P Tierney,21,6,5,10,18,0,0,1,0,0,2017-18
E0,20/01/18,Stoke,Huddersfield,2,0,H,0,0,D,M Oliver,11,6,18,13,3,2,1,1,0,0,2017-18
E0,20/01/18,West Ham,Bournemouth,1,1,D,0,0,D,M Atkinson,12,8,8,7,6,3,3,1,0,0,2017-18
E0,21/01/18,Southampton,Tottenham,1,1,D,1,1,D,K Friend,10,17,8,15,2,9,2,3,0,0,2017-18
E0,22/01/18,Swansea,Liverpool,1,0,H,1,0,H,N Swarbrick,3,21,5,9,3,9,0,2,0,0,2017-18
E0,30/01/18,Huddersfield,Liverpool,0,3,A,0,2,A,K Friend,5,14,8,8,1,4,0,0,0,0,2017-18
E0,30/01/18,Swansea,Arsenal,3,1,H,1,1,D,L Mason,12,9,4,8,4,3,0,3,0,0,2017-18
E0,30/01/18,West Ham,Crystal Palace,1,1,D,1,1,D,N Swarbrick,8,9,11,15,5,3,1,3,0,0,2017-18
E0,31/01/18,Chelsea,Bournemouth,0,3,A,0,0,D,L Probert,21,11,5,12,8,5,1,0,0,0,2017-18
E0,31/01/18,Everton,Leicester,2,1,H,2,0,H,C Kavanagh,9,8,9,10,5,5,0,2,0,0,2017-18
E0,31/01/18,Man City,West Brom,3,0,H,1,0,H,R Madley,19,3,10,10,9,1,1,3,0,0,2017-18
E0,31/01/18,Newcastle,Burnley,1,1,D,0,0,D,S Hooper,14,11,15,15,7,4,1,2,0,0,2017-18
E0,31/01/18,Southampton,Brighton,1,1,D,0,1,A,M Dean,18,9,8,10,7,2,3,1,0,0,2017-18
E0,31/01/18,Stoke,Watford,0,0,D,0,0,D,J Moss,11,12,12,12,2,6,4,3,0,0,2017-18
E0,31/01/18,Tottenham,Man United,2,0,H,2,0,H,A Marriner,22,6,10,13,6,3,2,2,0,0,2017-18
E0,03/02/18,Arsenal,Everton,5,1,H,4,0,H,N Swarbrick,15,11,8,8,4,6,2,0,0,0,2017-18
E0,03/02/18,Bournemouth,Stoke,2,1,H,0,1,A,P Tierney,15,13,14,19,8,1,2,3,0,0,2017-18
E0,03/02/18,Brighton,West Ham,3,1,H,1,1,D,R East,21,4,11,7,4,1,3,1,0,0,2017-18
E0,03/02/18,Burnley,Man City,1,1,D,0,1,A,M Atkinson,8,20,9,6,3,13,4,1,0,0,2017-18
E0,03/02/18,Leicester,Swansea,1,1,D,1,0,H,A Taylor,13,3,9,8,3,3,1,0,0,0,2017-18
E0,03/02/18,Man United,Huddersfield,2,0,H,0,0,D,S Attwell,16,4,5,19,5,2,2,4,0,0,2017-18
E0,03/02/18,West Brom,Southampton,2,3,A,1,2,A,M Oliver,9,13,12,10,5,7,2,1,0,0,2017-18
E0,04/02/18,Crystal Palace,Newcastle,1,1,D,0,1,A,A Marriner,21,11,11,8,5,6,1,1,0,0,2017-18
E0,04/02/18,Liverpool,Tottenham,2,2,D,1,0,H,J Moss,9,13,15,9,3,7,3,1,0,0,2017-18
E0,05/02/18,Watford,Chelsea,4,1,H,1,0,H,M Dean,21,7,11,8,6,2,2,2,0,1,2017-18
E0,10/02/18,Everton,Crystal Palace,3,1,H,0,0,D,J Moss,11,16,14,15,8,7,1,1,0,0,2017-18
E0,10/02/18,Man City,Leicester,5,1,H,1,1,D,M Jones,19,2,10,12,8,2,2,3,0,0,2017-18
E0,10/02/18,Stoke,Brighton,1,1,D,0,1,A,R Madley,15,14,6,10,7,4,0,0,0,0,2017-18
E0,10/02/18,Swansea,Burnley,1,0,H,0,0,D,A Marriner,12,13,10,9,5,2,2,1,0,0,2017-18
E0,10/02/18,Tottenham,Arsenal,1,0,H,0,0,D,A Taylor,18,6,13,9,10,2,2,1,0,0,2017-18
E0,10/02/18,West Ham,Watford,2,0,H,1,0,H,G Scott,8,11,11,7,8,7,1,1,0,0,2017-18
E0,11/02/18,Huddersfield,Bournemouth,4,1,H,2,1,H,M Oliver,15,7,12,12,2,6,0,3,0,0,2017-18
E0,11/02/18,Newcastle,Man United,1,0,H,0,0,D,C Pawson,10,13,12,15,0,10,0,2,0,0,2017-18
E0,11/02/18,Southampton,Liverpool,0,2,A,0,2,A,M Atkinson,6,16,5,8,3,1,1,2,0,0,2017-18
E0,12/02/18,Chelsea,West Brom,3,0,H,1,0,H,L Mason,20,8,11,11,8,7,0,2,0,0,2017-18
E0,24/02/18,Bournemouth,Newcastle,2,2,D,0,2,A,R East,18,15,12,10,8,1,1,4,0,0,2017-18
E0,24/02/18,Brighton,Swansea,4,1,H,1,0,H,M Dean,16,11,17,6,3,5,1,0,0,0,2017-18
E0,24/02/18,Burnley,Southampton,1,1,D,0,0,D,R Madley,9,13,8,14,7,5,1,0,0,0,2017-18
E0,24/02/18,Leicester,Stoke,1,1,D,0,1,A,M Oliver,19,6,10,16,13,1,1,3,0,0,2017-18
E0,24/02/18,Liverpool,West Ham,4,1,H,1,0,H,S Attwell,21,7,7,7,8,2,0,2,0,0,2017-18
E0,24/02/18,Watford,Everton,1,0,H,0,0,D,A Taylor,13,7,10,9,6,5,3,1,0,0,2017-18
E0,24/02/18,West Brom,Huddersfield,1,2,A,0,0,D,J Moss,10,16,11,9,6,3,1,1,0,0,2017-18
E0,25/02/18,Crystal Palace,Tottenham,0,1,A,0,0,D,K Friend,5,14,12,5,2,13,0,1,0,0,2017-18
E0,25/02/18,Man United,Chelsea,2,1,H,1,1,D,M Atkinson,10,14,13,12,3,4,2,2,0,0,2017-18
E0,01/03/18,Arsenal,Man City,0,3,A,0,3,A,A Marriner,10,9,11,11,6,1,1,1,0,0,2017-18
E0,03/03/18,Burnley,Everton,2,1,H,0,1,A,C Kavanagh,21,10,9,12,10,4,1,1,0,1,2017-18
E0,03/03/18,Leicester,Bournemouth,1,1,D,0,1,A,L Probert,23,8,11,7,13,1,2,1,0,0,2017-18
E0,03/03/18,Liverpool,Newcastle,2,0,H,1,0,H,G Scott,14,7,7,9,8,3,0,0,0,0,2017-18
E0,03/03/18,Southampton,Stoke,0,0,D,0,0,D,A Taylor,18,12,8,13,15,4,0,1,0,0,2017-18
E0,03/03/18,Swansea,West Ham,4,1,H,2,0,H,M Atkinson,9,7,9,14,4,5,0,3,0,0,2017-18
E0,03/03/18,Tottenham,Huddersfield,2,0,H,1,0,H,K Friend,15,3,6,8,8,1,1,1,0,0,2017-18
E0,03/03/18,Watford,West Brom,1,0,H,0,0,D,P Tierney,15,9,11,12,4,6,2,0,0,0,2017-18
E0,04/03/18,Brighton,Arsenal,2,1,H,2,1,H,S Attwell,13,15,13,12,6,11,3,3,0,0,2017-18
E0,04/03/18,Man City,Chelsea,1,0,H,0,0,D,M Oliver,13,3,8,9,5,2,2,1,0,0,2017-18
E0,05/03/18,Crystal Palace,Man United,2,3,A,1,0,H,N Swarbrick,10,17,10,8,3,7,1,3,0,0,2017-18
E0,10/03/18,Chelsea,Crystal Palace,2,1,H,2,0,H,A Taylor,27,9,8,9,12,3,1,2,0,0,2017-18
E0,10/03/18,Everton,Brighton,2,0,H,0,0,D,R East,13,10,10,14,10,3,0,1,0,1,2017-18
E0,10/03/18,Huddersfield,Swansea,0,0,D,0,0,D,M Oliver,30,0,9,9,12,0,2,3,0,1,2017-18
E0,10/03/18,Man United,Liverpool,2,1,H,2,0,H,C Pawson,5,14,10,16,1,13,2,1,0,0,2017-18
E0,10/03/18,Newcastle,Southampton,3,0,H,2,0,H,A Marriner,7,6,10,10,2,6,0,2,0,0,2017-18
E0,10/03/18,West Brom,Leicester,1,4,A,1,1,D,R Madley,6,14,6,7,7,6,1,3,0,0,2017-18
E0,10/03/18,West Ham,Burnley,0,3,A,0,0,D,L Mason,13,7,13,7,5,1,2,2,0,0,2017-18
E0,11/03/18,Arsenal,Watford,3,0,H,1,0,H,M Atkinson,11,11,12,9,4,9,2,1,0,0,2017-18
E0,11/03/18,Bournemouth,Tottenham,1,4,A,1,1,D,M Dean,14,12,10,7,4,5,1,1,0,0,2017-18
E0,12/03/18,Stoke,Man City,0,2,A,0,1,A,J Moss,3,17,6,8,3,10,1,0,0,0,2017-18
E0,17/03/18,Bournemouth,West Brom,2,1,H,0,0,D,G Scott,17,11,6,9,3,2,1,2,0,0,2017-18
E0,17/03/18,Huddersfield,Crystal Palace,0,2,A,0,1,A,M Dean,6,17,11,12,4,7,3,2,0,0,2017-18
E0,17/03/18,Liverpool,Watford,5,0,H,2,0,H,A Taylor,13,4,5,4,6,1,1,0,0,0,2017-18
E0,17/03/18,Stoke,Everton,1,2,A,0,0,D,M Atkinson,9,17,13,12,1,9,1,1,1,0,2017-18
E0,31/03/18,Brighton,Leicester,0,2,A,0,0,D,C Kavanagh,15,6,11,13,6,1,2,4,0,1,2017-18
E0,31/03/18,Crystal Palace,Liverpool,1,2,A,1,0,H,N Swarbrick,6,16,6,8,4,6,2,2,0,0,2017-18
E0,31/03/18,Everton,Man City,1,3,A,0,3,A,P Tierney,6,18,10,8,2,11,0,0,0,0,2017-18
E0,31/03/18,Man United,Swansea,2,0,H,2,0,H,R Madley,11,3,5,13,3,3,0,0,0,0,2017-18
E0,31/03/18,Newcastle,Huddersfield,1,0,H,0,0,D,M Atkinson,18,4,9,10,3,3,1,4,0,0,2017-18
E0,31/03/18,Watford,Bournemouth,2,2,D,1,1,D,A Marriner,16,13,16,6,7,4,4,0,0,0,2017-18
E0,31/03/18,West Brom,Burnley,1,2,A,0,1,A,L Probert,8,11,12,9,1,6,1,3,0,0,2017-18
E0,31/03/18,West Ham,Southampton,3,0,H,3,0,H,J Moss,13,9,9,16,5,9,0,3,0,0,2017-18
E0,01/04/18,Arsenal,Stoke,3,0,H,0,0,D,C Pawson,24,8,9,13,6,5,1,2,0,0,2017-18
E0,01/04/18,Chelsea,Tottenham,1,3,A,1,1,D,A Marriner,14,12,4,11,5,5,0,1,0,0,2017-18
E0,07/04/18,Bournemouth,Crystal Palace,2,2,D,0,0,D,J Moss,20,13,8,9,11,3,2,2,0,0,2017-18
E0,07/04/18,Brighton,Huddersfield,1,1,D,1,1,D,A Taylor,13,14,13,7,5,3,1,0,1,0,2017-18
E0,07/04/18,Everton,Liverpool,0,0,D,0,0,D,M Oliver,6,10,12,7,3,2,0,0,0,0,2017-18
E0,07/04/18,Leicester,Newcastle,1,2,A,0,1,A,S Attwell,8,8,7,14,7,5,1,3,0,0,2017-18
E0,07/04/18,Man City,Man United,2,3,A,2,0,H,M Atkinson,20,5,17,9,8,4,6,3,0,0,2017-18
E0,07/04/18,Stoke,Tottenham,1,2,A,0,0,D,G Scott,10,15,19,8,6,3,4,3,0,0,2017-18
E0,07/04/18,Watford,Burnley,1,2,A,0,0,D,P Tierney,14,7,18,12,11,1,2,2,0,0,2017-18
E0,07/04/18,West Brom,Swansea,1,1,D,0,0,D,R East,15,7,15,5,5,1,3,2,0,0,2017-18
E0,08/04/18,Arsenal,Southampton,3,2,H,2,1,H,A Marriner,13,15,11,7,8,6,2,1,1,1,2017-18
E0,08/04/18,Chelsea,West Ham,1,1,D,1,0,H,K Friend,23,5,7,11,10,6,0,1,0,0,2017-18
E0,14/04/18,Burnley,Leicester,2,1,H,2,0,H,M Atkinson,8,15,9,10,4,8,2,1,0,0,2017-18
E0,14/04/18,Crystal Palace,Brighton,3,2,H,3,2,H,A Marriner,15,12,12,16,5,6,3,2,0,0,2017-18
E0,14/04/18,Huddersfield,Watford,1,0,H,0,0,D,C Pawson,9,4,9,8,9,6,2,2,0,0,2017-18
E0,14/04/18,Liverpool,Bournemouth,3,0,H,1,0,H,C Kavanagh,20,6,9,9,7,5,1,1,0,0,2017-18
E0,14/04/18,Southampton,Chelsea,2,3,A,1,0,H,M Dean,10,17,13,14,4,7,5,3,0,0,2017-18
E0,14/04/18,Swansea,Everton,1,1,D,0,1,A,L Mason,17,12,10,11,6,3,1,1,0,0,2017-18
E0,14/04/18,Tottenham,Man City,1,3,A,1,2,A,J Moss,8,17,11,12,5,7,3,4,0,0,2017-18
E0,15/04/18,Man United,West Brom,0,1,A,0,0,D,P Tierney,14,10,8,13,4,4,1,1,0,0,2017-18
E0,15/04/18,Newcastle,Arsenal,2,1,H,1,1,D,A Taylor,8,15,11,9,2,5,1,0,0,0,2017-18
E0,16/04/18,West Ham,Stoke,1,1,D,0,0,D,M Oliver,18,11,15,21,10,1,2,3,0,0,2017-18
E0,17/04/18,Brighton,Tottenham,1,1,D,0,0,D,K Friend,8,16,6,5,3,4,1,0,0,0,2017-18
E0,18/04/18,Bournemouth,Man United,0,2,A,0,1,A,G Scott,13,13,9,8,8,5,3,1,0,0,2017-18
E0,19/04/18,Burnley,Chelsea,1,2,A,0,1,A,R Madley,5,16,9,11,3,2,1,0,0,0,2017-18
E0,19/04/18,Leicester,Southampton,0,0,D,0,0,D,R East,11,6,10,10,11,3,0,0,0,0,2017-18
E0,21/04/18,Watford,Crystal Palace,0,0,D,0,0,D,C Kavanagh,14,6,17,13,4,3,3,5,0,0,2017-18
E0,21/04/18,West Brom,Liverpool,2,2,D,0,1,A,S Attwell,13,9,12,5,7,4,0,1,0,0,2017-18
E0,22/04/18,Arsenal,West Ham,4,1,H,0,0,D,L Mason,20,11,11,9,8,6,3,2,0,0,2017-18
E0,22/04/18,Man City,Swansea,5,0,H,2,0,H,C Pawson,19,4,6,8,5,1,0,1,0,0,2017-18
E0,22/04/18,Stoke,Burnley,1,1,D,1,0,H,M Dean,8,16,15,5,3,8,2,1,0,0,2017-18
E0,23/04/18,Everton,Newcastle,1,0,H,0,0,D,R Madley,9,9,10,11,4,6,2,1,0,0,2017-18
E0,28/04/18,Burnley,Brighton,0,0,D,0,0,D,R East,10,9,5,17,3,4,0,2,0,0,2017-18
E0,28/04/18,Crystal Palace,Leicester,5,0,H,2,0,H,M Dean,15,6,11,9,8,2,1,1,0,1,2017-18
E0,28/04/18,Huddersfield,Everton,0,2,A,0,1,A,L Probert,9,7,9,8,4,3,1,0,0,0,2017-18
E0,28/04/18,Liverpool,Stoke,0,0,D,0,0,D,A Marriner,20,5,7,14,9,2,1,2,0,0,2017-18
E0,28/04/18,Newcastle,West Brom,0,1,A,0,1,A,D Coote,17,9,8,13,5,1,1,3,0,0,2017-18
E0,28/04/18,Southampton,Bournemouth,2,1,H,1,1,D,A Taylor,14,14,12,11,5,8,5,1,0,0,2017-18
E0,28/04/18,Swansea,Chelsea,0,1,A,0,1,A,J Moss,10,11,13,9,1,2,1,1,0,0,2017-18
E0,29/04/18,Man United,Arsenal,2,1,H,1,0,H,K Friend,17,8,12,7,9,0,0,1,0,0,2017-18
E0,29/04/18,West Ham,Man City,1,4,A,1,2,A,N Swarbrick,4,19,5,11,0,7,0,1,0,0,2017-18
E0,30/04/18,Tottenham,Watford,2,0,H,1,0,H,M Oliver,13,13,11,10,4,0,1,0,0,0,2017-18
E0,04/05/18,Brighton,Man United,1,0,H,0,0,D,C Pawson,11,16,5,3,5,6,2,0,0,0,2017-18
E0,05/05/18,Bournemouth,Swansea,1,0,H,1,0,H,K Friend,13,12,10,10,11,6,1,4,0,0,2017-18
E0,05/05/18,Everton,Southampton,1,1,D,0,0,D,J Moss,9,11,14,12,3,4,2,4,0,1,2017-18
E0,05/05/18,Leicester,West Ham,0,2,A,0,1,A,C Kavanagh,13,13,8,9,8,3,1,2,0,0,2017-18
E0,05/05/18,Stoke,Crystal Palace,1,2,A,1,0,H,M Atkinson,7,13,18,12,1,7,5,2,0,0,2017-18
E0,05/05/18,Watford,Newcastle,2,1,H,2,0,H,R East,11,9,9,11,2,5,2,1,0,0,2017-18
E0,05/05/18,West Brom,Tottenham,1,0,H,0,0,D,M Jones,9,18,13,12,5,9,4,1,0,0,2017-18
E0,06/05/18,Arsenal,Burnley,5,0,H,2,0,H,A Marriner,16,6,6,7,4,5,0,1,0,0,2017-18
E0,06/05/18,Chelsea,Liverpool,1,0,H,1,0,H,A Taylor,12,10,12,9,3,1,3,2,0,0,2017-18
E0,06/05/18,Man City,Huddersfield,0,0,D,0,0,D,M Dean,15,5,9,4,10,1,0,3,0,0,2017-18
E0,08/05/18,Swansea,Southampton,0,1,A,0,0,D,M Oliver,11,13,7,15,7,6,2,1,0,0,2017-18
E0,09/05/18,Chelsea,Huddersfield,1,1,D,0,0,D,L Mason,22,3,7,10,9,0,0,1,0,0,2017-18
E0,09/05/18,Leicester,Arsenal,3,1,H,1,0,H,G Scott,19,14,7,12,6,6,2,2,0,1,2017-18
E0,09/05/18,Man City,Brighton,3,1,H,2,1,H,P Tierney,19,6,5,7,4,3,0,1,0,0,2017-18
E0,09/05/18,Tottenham,Newcastle,1,0,H,0,0,D,N Swarbrick,11,14,10,8,6,4,2,3,0,0,2017-18
E0,10/05/18,West Ham,Man United,0,0,D,0,0,D,J Moss,9,16,12,12,1,6,1,1,0,0,2017-18
E0,13/05/18,Burnley,Bournemouth,1,2,A,1,0,H,P Tierney,12,16,14,9,7,8,0,0,0,0,2017-18
E0,13/05/18,Crystal Palace,West Brom,2,0,H,0,0,D,J Moss,11,7,10,11,4,2,2,3,0,0,2017-18
E0,13/05/18,Huddersfield,Arsenal,0,1,A,0,1,A,M Oliver,18,9,11,7,7,4,1,0,0,0,2017-18
E0,13/05/18,Liverpool,Brighton,4,0,H,2,0,H,K Friend,22,2,3,6,7,3,0,0,0,0,2017-18
E0,13/05/18,Man United,Watford,1,0,H,1,0,H,L Mason,7,7,6,11,6,5,4,0,0,0,2017-18
E0,13/05/18,Newcastle,Chelsea,3,0,H,1,0,H,M Atkinson,16,6,11,10,4,2,0,1,0,0,2017-18
E0,13/05/18,Southampton,Man City,0,1,A,0,0,D,A Marriner,8,13,8,10,1,12,3,1,0,0,2017-18
E0,13/05/18,Swansea,Stoke,1,2,A,1,2,A,A Taylor,26,8,12,9,6,0,1,2,0,0,2017-18
E0,13/05/18,Tottenham,Leicester,5,4,H,1,2,A,C Pawson,14,16,9,13,4,4,1,2,0,0,2017-18
E0,13/05/18,West Ham,Everton,3,1,H,1,0,H,G Scott,15,14,10,13,6,6,0,1,0,0,2017-18
E0,10/08/18,Man United,Leicester,2,1,H,1,0,H,A Marriner,8,13,11,8,2,5,2,1,0,0,2018-19
E0,11/08/18,Bournemouth,Cardiff,2,0,H,1,0,H,K Friend,12,10,11,9,7,4,1,1,0,0,2018-19
E0,11/08/18,Fulham,Crystal Palace,0,2,A,0,1,A,M Dean,15,10,9,11,5,5,1,2,0,0,2018-19
E0,11/08/18,Huddersfield,Chelsea,0,3,A,0,2,A,C Kavanagh,6,13,9,8,2,5,2,1,0,0,2018-19
E0,11/08/18,Newcastle,Tottenham,1,2,A,1,2,A,M Atkinson,15,15,11,12,3,5,2,2,0,0,2018-19
E0,11/08/18,Watford,Brighton,2,0,H,1,0,H,J Moss,19,6,10,16,8,2,2,2,0,0,2018-19
E0,11/08/18,Wolves,Everton,2,2,D,1,1,D,C Pawson,11,6,8,7,3,6,0,1,0,1,2018-19
E0,12/08/18,Arsenal,Man City,0,2,A,0,1,A,M Oliver,9,17,11,14,2,9,2,2,0,0,2018-19
E0,12/08/18,Liverpool,West Ham,4,0,H,2,0,H,A Taylor,18,5,14,9,5,4,1,2,0,0,2018-19
E0,12/08/18,Southampton,Burnley,0,0,D,0,0,D,G Scott,18,16,10,9,8,5,0,1,0,0,2018-19
E0,18/08/18,Cardiff,Newcastle,0,0,D,0,0,D,C Pawson,12,12,14,16,5,5,2,2,0,1,2018-19
E0,18/08/18,Chelsea,Arsenal,3,2,H,2,2,D,M Atkinson,24,15,12,9,5,1,0,2,0,0,2018-19
E0,18/08/18,Everton,Southampton,2,1,H,2,0,H,L Mason,13,15,8,20,2,5,0,5,0,0,2018-19
E0,18/08/18,Leicester,Wolves,2,0,H,2,0,H,M Dean,6,11,10,8,1,9,2,1,1,0,2018-19
E0,18/08/18,Tottenham,Fulham,3,1,H,1,0,H,A Taylor,25,10,9,5,5,2,0,0,0,0,2018-19
E0,18/08/18,West Ham,Bournemouth,1,2,A,1,0,H,S Attwell,11,12,14,10,6,4,6,2,0,0,2018-19
E0,19/08/18,Brighton,Man United,3,2,H,3,1,H,K Friend,6,9,16,13,3,5,1,1,0,0,2018-19
E0,19/08/18,Burnley,Watford,1,3,A,1,1,D,P Tierney,8,9,8,19,5,2,1,2,0,0,2018-19
E0,19/08/18,Man City,Huddersfield,6,1,H,3,1,H,A Marriner,32,5,9,4,10,3,0,2,0,0,2018-19
E0,20/08/18,Crystal Palace,Liverpool,0,2,A,0,1,A,M Oliver,8,16,6,13,6,7,1,1,1,0,2018-19
E0,25/08/18,Arsenal,West Ham,3,1,H,1,1,D,G Scott,17,13,16,13,10,2,1,3,0,0,2018-19
E0,25/08/18,Bournemouth,Everton,2,2,D,0,0,D,L Probert,17,11,12,10,6,2,0,3,1,1,2018-19
E0,25/08/18,Huddersfield,Cardiff,0,0,D,0,0,D,M Oliver,5,14,8,10,7,7,0,1,1,0,2018-19
E0,25/08/18,Liverpool,Brighton,1,0,H,1,0,H,C Kavanagh,22,6,8,14,8,5,1,1,0,0,2018-19
E0,25/08/18,Southampton,Leicester,1,2,A,0,0,D,J Moss,11,8,13,11,10,3,1,1,1,0,2018-19
E0,25/08/18,Wolves,Man City,1,1,D,0,0,D,M Atkinson,11,18,13,8,5,9,1,2,0,0,2018-19
E0,26/08/18,Fulham,Burnley,4,2,H,3,2,H,D Coote,25,12,11,8,6,4,2,1,0,0,2018-19
E0,26/08/18,Newcastle,Chelsea,1,2,A,0,0,D,P Tierney,6,15,16,8,4,5,3,1,0,0,2018-19
E0,26/08/18,Watford,Crystal Palace,2,1,H,0,0,D,A Taylor,13,9,14,11,6,3,4,2,0,0,2018-19
E0,27/08/18,Man United,Tottenham,0,3,A,0,0,D,C Pawson,23,9,11,16,5,2,2,4,0,0,2018-19
E0,01/09/18,Brighton,Fulham,2,2,D,0,1,A,L Probert,15,10,12,14,7,1,3,3,0,0,2018-19
E0,01/09/18,Chelsea,Bournemouth,2,0,H,0,0,D,L Mason,24,8,10,7,7,6,2,2,0,0,2018-19
E0,01/09/18,Crystal Palace,Southampton,0,2,A,0,0,D,M Atkinson,20,19,11,12,7,4,1,1,0,0,2018-19
E0,01/09/18,Everton,Huddersfield,1,1,D,1,1,D,S Attwell,11,9,13,14,4,3,3,3,0,0,2018-19
E0,01/09/18,Leicester,Liverpool,1,2,A,0,2,A,P Tierney,12,10,9,12,4,4,3,2,0,0,2018-19
E0,01/09/18,Man City,Newcastle,2,1,H,1,1,D,K Friend,24,3,5,13,4,0,0,0,0,0,2018-19
E0,01/09/18,West Ham,Wolves,0,1,A,0,0,D,C Kavanagh,13,15,10,11,4,4,2,1,0,0,2018-19
E0,02/09/18,Burnley,Man United,0,2,A,0,2,A,J Moss,9,21,7,13,2,5,2,3,0,1,2018-19
E0,02/09/18,Cardiff,Arsenal,2,3,A,1,1,D,A Taylor,14,17,12,14,3,9,3,4,0,0,2018-19
E0,02/09/18,Watford,Tottenham,2,1,H,0,0,D,A Marriner,7,11,9,8,3,10,2,1,0,0,2018-19
E0,15/09/18,Bournemouth,Leicester,4,2,H,3,0,H,C Pawson,10,14,13,15,4,6,3,2,0,1,2018-19
E0,15/09/18,Chelsea,Cardiff,4,1,H,2,1,H,J Moss,18,6,8,10,5,4,0,0,0,0,2018-19
E0,15/09/18,Huddersfield,Crystal Palace,0,1,A,0,1,A,L Mason,15,7,11,17,5,3,1,2,0,0,2018-19
E0,15/09/18,Man City,Fulham,3,0,H,2,0,H,S Attwell,28,9,7,7,10,4,0,0,0,0,2018-19
E0,15/09/18,Newcastle,Arsenal,1,2,A,0,0,D,L Probert,4,12,13,11,10,4,0,0,0,0,2018-19
E0,15/09/18,Tottenham,Liverpool,1,2,A,0,1,A,M Oliver,11,17,17,16,5,4,0,0,0,0,2018-19
E0,15/09/18,Watford,Man United,1,2,A,0,2,A,M Dean,14,9,9,11,6,8,2,1,0,1,2018-19
E0,16/09/18,Everton,West Ham,1,3,A,1,2,A,M Atkinson,16,9,15,12,4,2,2,5,0,0,2018-19
E0,16/09/18,Wolves,Burnley,1,0,H,0,0,D,A Marriner,30,7,10,9,8,2,2,4,0,0,2018-19
E0,17/09/18,Southampton,Brighton,2,2,D,1,0,H,A Taylor,14,12,10,13,1,4,2,3,0,0,2018-19
E0,22/09/18,Brighton,Tottenham,1,2,A,0,1,A,C Kavanagh,8,16,15,9,5,7,2,1,0,0,2018-19
E0,22/09/18,Burnley,Bournemouth,4,0,H,2,0,H,A Taylor,12,19,17,6,3,8,2,0,0,0,2018-19
E0,22/09/18,Cardiff,Man City,0,5,A,0,3,A,M Oliver,2,21,6,4,1,9,1,1,0,0,2018-19
E0,22/09/18,Crystal Palace,Newcastle,0,0,D,0,0,D,A Marriner,16,6,8,11,9,5,1,1,0,0,2018-19
E0,22/09/18,Fulham,Watford,1,1,D,0,1,A,M Atkinson,15,11,11,9,8,8,2,1,0,0,2018-19
E0,22/09/18,Leicester,Huddersfield,3,1,H,1,1,D,D Coote,18,9,10,16,3,1,2,1,0,0,2018-19
E0,22/09/18,Liverpool,Southampton,3,0,H,3,0,H,P Tierney,12,7,7,10,5,4,0,2,0,0,2018-19
E0,22/09/18,Man United,Wolves,1,1,D,1,0,H,K Friend,15,11,5,17,5,4,1,1,0,0,2018-19
E0,23/09/18,Arsenal,Everton,2,0,H,0,0,D,J Moss,9,9,17,12,5,9,2,1,0,0,2018-19
E0,23/09/18,West Ham,Chelsea,0,0,D,0,0,D,M Dean,6,17,11,9,1,8,2,1,0,0,2018-19
E0,29/09/18,Arsenal,Watford,2,0,H,0,0,D,A Taylor,9,13,11,17,6,6,2,2,0,0,2018-19
E0,29/09/18,Chelsea,Liverpool,1,1,D,1,0,H,A Marriner,10,13,7,9,4,4,0,2,0,0,2018-19
E0,29/09/18,Everton,Fulham,3,0,H,0,0,D,R East,19,6,13,13,12,1,0,3,0,0,2018-19
E0,29/09/18,Huddersfield,Tottenham,0,2,A,0,2,A,C Pawson,9,10,17,16,3,0,2,2,0,0,2018-19
E0,29/09/18,Man City,Brighton,2,0,H,1,0,H,L Mason,28,4,4,10,10,3,0,3,0,0,2018-19
E0,29/09/18,Newcastle,Leicester,0,2,A,0,1,A,S Hooper,6,12,11,5,5,9,0,0,0,0,2018-19
E0,29/09/18,West Ham,Man United,3,1,H,2,0,H,M Oliver,8,9,12,12,4,9,0,1,0,0,2018-19
E0,29/09/18,Wolves,Southampton,2,0,H,0,0,D,S Attwell,14,17,11,7,8,6,3,1,0,0,2018-19
E0,30/09/18,Cardiff,Burnley,1,2,A,0,0,D,M Atkinson,19,3,11,15,10,2,1,3,0,0,2018-19
E0,01/10/18,Bournemouth,Crystal Palace,2,1,H,1,0,H,M Dean,11,10,9,12,3,3,3,4,0,0,2018-19
E0,05/10/18,Brighton,West Ham,1,0,H,1,0,H,K Friend,9,17,12,8,2,9,3,2,0,0,2018-19
E0,06/10/18,Burnley,Huddersfield,1,1,D,1,0,H,C Kavanagh,6,19,8,11,1,10,2,2,0,0,2018-19
E0,06/10/18,Crystal Palace,Wolves,0,1,A,0,0,D,M Oliver,11,7,11,13,6,3,3,4,0,0,2018-19
E0,06/10/18,Leicester,Everton,1,2,A,1,1,D,A Marriner,8,17,10,11,2,10,2,1,1,0,2018-19
E0,06/10/18,Man United,Newcastle,3,2,H,0,2,A,A Taylor,18,13,16,8,10,6,2,2,0,0,2018-19
E0,06/10/18,Tottenham,Cardiff,1,0,H,1,0,H,M Dean,19,8,7,11,6,2,2,1,0,1,2018-19
E0,06/10/18,Watford,Bournemouth,0,4,A,0,3,A,J Moss,14,10,11,9,10,7,3,1,1,0,2018-19
E0,07/10/18,Fulham,Arsenal,1,5,A,1,1,D,P Tierney,21,9,11,12,4,2,2,0,0,0,2018-19
E0,07/10/18,Liverpool,Man City,0,0,D,0,0,D,M Atkinson,7,6,10,10,2,6,1,3,0,0,2018-19
E0,07/10/18,Southampton,Chelsea,0,3,A,0,1,A,C Pawson,15,21,13,11,4,12,6,0,0,0,2018-19
E0,20/10/18,Bournemouth,Southampton,0,0,D,0,0,D,L Probert,10,8,10,14,6,4,1,2,0,0,2018-19
E0,20/10/18,Cardiff,Fulham,4,2,H,2,2,D,K Friend,22,9,15,16,4,4,3,3,0,0,2018-19
E0,20/10/18,Chelsea,Man United,2,2,D,1,0,H,M Dean,21,7,9,17,5,3,2,5,0,0,2018-19
E0,20/10/18,Huddersfield,Liverpool,0,1,A,0,1,A,M Oliver,13,11,9,6,2,4,0,2,0,0,2018-19
E0,20/10/18,Man City,Burnley,5,0,H,1,0,H,J Moss,24,5,11,5,10,1,2,2,0,0,2018-19
E0,20/10/18,Newcastle,Brighton,0,1,A,0,1,A,A Marriner,27,8,13,17,10,2,0,2,0,0,2018-19
E0,20/10/18,West Ham,Tottenham,0,1,A,0,1,A,M Atkinson,13,10,8,10,10,6,3,0,0,0,2018-19
E0,20/10/18,Wolves,Watford,0,2,A,0,2,A,L Mason,10,9,23,13,8,2,3,1,0,0,2018-19
E0,21/10/18,Everton,Crystal Palace,2,0,H,0,0,D,A Taylor,20,7,13,17,10,5,2,1,0,0,2018-19
E0,22/10/18,Arsenal,Leicester,3,1,H,1,1,D,C Kavanagh,19,8,10,10,6,4,2,2,0,0,2018-19
E0,27/10/18,Brighton,Wolves,1,0,H,0,0,D,A Taylor,2,25,11,8,1,10,3,0,0,0,2018-19
E0,27/10/18,Fulham,Bournemouth,0,3,A,0,1,A,A Marriner,11,12,16,3,5,5,2,1,1,0,2018-19
E0,27/10/18,Leicester,West Ham,1,1,D,0,1,A,M Oliver,21,11,17,5,8,0,1,1,0,1,2018-19
E0,27/10/18,Liverpool,Cardiff,4,1,H,1,0,H,S Attwell,19,2,6,4,8,0,0,0,0,0,2018-19
E0,27/10/18,Southampton,Newcastle,0,0,D,0,0,D,C Kavanagh,22,6,9,12,7,2,0,1,0,0,2018-19
E0,27/10/18,Watford,Huddersfield,3,0,H,2,0,H,M Dean,12,13,9,13,3,3,1,2,0,0,2018-19
E0,28/10/18,Burnley,Chelsea,0,4,A,0,1,A,C Pawson,7,24,14,10,4,4,4,2,0,0,2018-19
E0,28/10/18,Crystal Palace,Arsenal,2,2,D,1,0,H,M Atkinson,16,7,10,16,6,4,1,2,0,0,2018-19
E0,28/10/18,Man United,Everton,2,1,H,1,0,H,J Moss,14,14,15,12,8,4,2,1,0,0,2018-19
E0,29/10/18,Tottenham,Man City,0,1,A,0,1,A,K Friend,4,13,13,13,3,6,2,2,0,0,2018-19
E0,03/11/18,Arsenal,Liverpool,1,1,D,0,0,D,A Marriner,12,13,7,7,5,8,1,1,0,0,2018-19
E0,03/11/18,Bournemouth,Man United,1,2,A,1,1,D,P Tierney,18,18,12,12,9,5,4,3,0,0,2018-19
E0,03/11/18,Cardiff,Leicester,0,1,A,0,0,D,L Probert,11,13,13,12,6,12,2,2,0,0,2018-19
E0,03/11/18,Everton,Brighton,3,1,H,1,1,D,D Coote,14,5,9,17,6,4,0,1,0,0,2018-19
E0,03/11/18,Newcastle,Watford,1,0,H,0,0,D,C Pawson,10,16,12,11,8,9,1,5,0,0,2018-19
E0,03/11/18,West Ham,Burnley,4,2,H,1,1,D,R East,22,6,7,9,10,4,1,4,0,0,2018-19
E0,03/11/18,Wolves,Tottenham,2,3,A,0,2,A,M Dean,16,10,11,8,5,1,1,2,0,0,2018-19
E0,04/11/18,Chelsea,Crystal Palace,3,1,H,1,0,H,M Oliver,15,7,6,13,4,2,0,1,0,0,2018-19
E0,04/11/18,Man City,Southampton,6,1,H,4,1,H,L Mason,18,12,14,9,4,4,1,1,0,0,2018-19
E0,05/11/18,Huddersfield,Fulham,1,0,H,1,0,H,A Taylor,10,7,11,8,5,4,1,2,0,0,2018-19
E0,10/11/18,Cardiff,Brighton,2,1,H,1,1,D,M Atkinson,20,7,7,21,4,1,2,1,0,1,2018-19
E0,10/11/18,Crystal Palace,Tottenham,0,1,A,0,0,D,J Moss,11,11,12,9,10,6,1,1,0,0,2018-19
E0,10/11/18,Huddersfield,West Ham,1,1,D,1,0,H,C Kavanagh,15,12,9,8,5,6,1,1,0,0,2018-19
E0,10/11/18,Leicester,Burnley,0,0,D,0,0,D,M Dean,22,6,13,10,12,1,2,0,0,0,2018-19
E0,10/11/18,Newcastle,Bournemouth,2,1,H,2,1,H,L Probert,18,14,9,11,7,10,2,1,0,0,2018-19
E0,10/11/18,Southampton,Watford,1,1,D,1,0,H,S Hooper,14,12,13,13,7,6,3,2,0,0,2018-19
E0,11/11/18,Arsenal,Wolves,1,1,D,0,1,A,S Attwell,10,12,9,16,11,2,2,2,0,0,2018-19
E0,11/11/18,Chelsea,Everton,0,0,D,0,0,D,K Friend,15,6,7,11,5,5,4,3,0,0,2018-19
E0,11/11/18,Liverpool,Fulham,2,0,H,1,0,H,P Tierney,20,8,11,9,6,3,1,1,0,0,2018-19
E0,11/11/18,Man City,Man United,3,1,H,1,0,H,A Taylor,17,6,12,12,5,1,1,1,0,0,2018-19
E0,24/11/18,Brighton,Leicester,1,1,D,1,0,H,C Kavanagh,14,8,10,7,6,1,3,1,0,1,2018-19
E0,24/11/18,Everton,Cardiff,1,0,H,0,0,D,P Tierney,16,7,12,13,7,3,0,3,0,0,2018-19
E0,24/11/18,Fulham,Southampton,3,2,H,2,1,H,M Oliver,10,19,10,6,2,5,2,3,0,0,2018-19
E0,24/11/18,Man United,Crystal Palace,0,0,D,0,0,D,L Mason,12,13,13,12,10,3,1,2,0,0,2018-19
E0,24/11/18,Tottenham,Chelsea,3,1,H,2,0,H,M Atkinson,18,13,19,12,4,4,0,3,0,0,2018-19
E0,24/11/18,Watford,Liverpool,0,3,A,0,0,D,J Moss,5,10,12,13,5,5,0,0,0,1,2018-19
E0,24/11/18,West Ham,Man City,0,4,A,0,3,A,A Marriner,9,9,6,3,8,1,0,0,0,0,2018-19
E0,25/11/18,Bournemouth,Arsenal,1,2,A,1,1,D,C Pawson,11,20,6,9,5,8,2,1,0,0,2018-19
E0,25/11/18,Wolves,Huddersfield,0,2,A,0,1,A,K Friend,12,14,9,8,3,5,1,2,0,0,2018-19
E0,26/11/18,Burnley,Newcastle,1,2,A,1,2,A,A Taylor,14,17,6,11,5,5,0,1,0,0,2018-19
E0,30/11/18,Cardiff,Wolves,2,1,H,0,1,A,A Marriner,17,15,3,12,7,6,1,2,0,0,2018-19
E0,01/12/18,Crystal Palace,Burnley,2,0,H,1,0,H,L Probert,29,4,9,10,10,2,1,1,0,0,2018-19
E0,01/12/18,Huddersfield,Brighton,1,2,A,1,1,D,M Oliver,7,14,10,12,2,6,0,2,1,0,2018-19
E0,01/12/18,Leicester,Watford,2,0,H,2,0,H,G Scott,7,8,7,6,4,8,2,1,0,1,2018-19
E0,01/12/18,Man City,Bournemouth,3,1,H,1,1,D,S Attwell,16,4,9,3,8,4,0,0,0,0,2018-19
E0,01/12/18,Newcastle,West Ham,0,3,A,0,1,A,P Tierney,16,7,10,10,7,3,3,3,0,0,2018-19
E0,01/12/18,Southampton,Man United,2,2,D,2,2,D,K Friend,16,11,12,13,3,5,4,4,0,0,2018-19
E0,02/12/18,Arsenal,Tottenham,4,2,H,1,2,A,M Dean,22,11,15,17,8,5,3,3,0,1,2018-19
E0,02/12/18,Chelsea,Fulham,2,0,H,1,0,H,C Pawson,16,9,8,17,4,6,2,1,0,0,2018-19
E0,02/12/18,Liverpool,Everton,1,0,H,0,0,D,C Kavanagh,16,9,12,7,8,1,3,2,0,0,2018-19
E0,04/12/18,Bournemouth,Huddersfield,2,1,H,2,1,H,R East,6,23,14,11,4,8,4,2,0,0,2018-19
E0,04/12/18,Brighton,Crystal Palace,3,1,H,3,0,H,K Friend,9,18,14,12,4,5,2,3,1,0,2018-19
E0,04/12/18,Watford,Man City,1,2,A,0,1,A,P Tierney,11,15,4,8,3,11,0,1,0,0,2018-19
E0,04/12/18,West Ham,Cardiff,3,1,H,0,0,D,G Scott,17,9,10,10,10,4,1,2,0,0,2018-19
E0,05/12/18,Burnley,Liverpool,1,3,A,0,0,D,S Attwell,10,18,10,3,5,9,1,0,0,0,2018-19
E0,05/12/18,Everton,Newcastle,1,1,D,1,1,D,L Mason,19,8,7,18,14,2,0,5,0,0,2018-19
E0,05/12/18,Fulham,Leicester,1,1,D,1,0,H,D Coote,25,13,12,7,10,8,0,0,0,0,2018-19
E0,05/12/18,Man United,Arsenal,2,2,D,1,1,D,A Marriner,10,9,13,10,4,4,3,3,0,0,2018-19
E0,05/12/18,Tottenham,Southampton,3,1,H,1,0,H,A Taylor,13,18,7,5,8,6,0,0,0,0,2018-19
E0,05/12/18,Wolves,Chelsea,2,1,H,0,1,A,J Moss,6,17,18,10,1,5,4,4,0,0,2018-19
E0,08/12/18,Arsenal,Huddersfield,1,0,H,0,0,D,P Tierney,14,6,13,20,7,1,5,4,0,0,2018-19
E0,08/12/18,Bournemouth,Liverpool,0,4,A,0,1,A,L Mason,8,10,9,11,6,6,2,1,0,0,2018-19
E0,08/12/18,Burnley,Brighton,1,0,H,1,0,H,M Atkinson,14,14,11,11,2,7,2,0,0,0,2018-19
E0,08/12/18,Cardiff,Southampton,1,0,H,0,0,D,J Moss,13,12,9,10,7,7,2,2,0,0,2018-19
E0,08/12/18,Chelsea,Man City,2,0,H,1,0,H,M Oliver,8,14,12,11,1,13,2,0,0,0,2018-19
E0,08/12/18,Leicester,Tottenham,0,2,A,0,1,A,C Pawson,11,7,12,7,6,5,3,1,0,0,2018-19
E0,08/12/18,Man United,Fulham,4,1,H,3,0,H,L Probert,20,10,11,15,10,3,1,1,0,1,2018-19
E0,08/12/18,West Ham,Crystal Palace,3,2,H,0,1,A,A Taylor,13,8,10,8,5,3,1,2,0,0,2018-19
E0,09/12/18,Newcastle,Wolves,1,2,A,1,1,D,M Dean,12,13,10,17,4,6,2,5,1,0,2018-19
E0,10/12/18,Everton,Watford,2,2,D,1,0,H,K Friend,12,15,13,13,6,6,1,1,0,0,2018-19
E0,09/08/2019,Liverpool,Norwich,4,1,H,4,0,H,M Oliver,15,12,9,9,11,2,0,2,0,0,2019-20
E0,10/08/2019,West Ham,Man City,0,5,A,0,1,A,M Dean,5,14,6,13,1,1,2,2,0,0,2019-20
E0,10/08/2019,Bournemouth,Sheffield United,1,1,D,0,0,D,K Friend,13,8,10,19,3,4,2,1,0,0,2019-20
E0,10/08/2019,Burnley,Southampton,3,0,H,0,0,D,G Scott,10,11,6,12,2,7,0,0,0,0,2019-20
E0,10/08/2019,Crystal Palace,Everton,0,0,D,0,0,D,J Moss,6,10,16,14,6,2,2,1,0,1,2019-20
E0,10/08/2019,Watford,Brighton,0,3,A,0,1,A,C Pawson,11,5,15,11,5,2,0,1,0,0,2019-20
E0,10/08/2019,Tottenham,Aston Villa,3,1,H,0,1,A,C Kavanagh,31,7,13,9,14,0,1,0,0,0,2019-20
E0,11/08/2019,Leicester,Wolves,0,0,D,0,0,D,A Marriner,15,8,3,13,12,3,0,2,0,0,2019-20
E0,11/08/2019,Newcastle,Arsenal,0,1,A,0,0,D,M Atkinson,9,8,12,7,5,3,1,3,0,0,2019-20
E0,11/08/2019,Man United,Chelsea,4,0,H,1,0,H,A Taylor,11,18,15,13,3,5,3,4,0,0,2019-20
E0,17/08/2019,Arsenal,Burnley,2,1,H,1,1,D,M Dean,16,18,13,11,10,7,2,1,0,0,2019-20
E0,17/08/2019,Aston Villa,Bournemouth,1,2,A,0,2,A,M Atkinson,22,12,10,13,10,5,0,2,0,0,2019-20
E0,17/08/2019,Brighton,West Ham,1,1,D,0,0,D,A Taylor,16,8,11,10,8,6,0,2,0,0,2019-20
E0,17/08/2019,Everton,Watford,1,0,H,1,0,H,L Mason,12,8,11,11,4,7,2,3,0,0,2019-20
E0,17/08/2019,Norwich,Newcastle,3,1,H,1,0,H,S Attwell,15,10,9,11,7,5,1,3,0,0,2019-20
E0,17/08/2019,Southampton,Liverpool,1,2,A,0,1,A,A Marriner,14,15,10,6,5,9,2,1,0,0,2019-20
E0,17/08/2019,Man City,Tottenham,2,2,D,2,1,H,M Oliver,30,3,14,4,13,2,1,0,0,0,2019-20
E0,18/08/2019,Sheffield United,Crystal Palace,1,0,H,0,0,D,D Coote,15,6,16,11,8,4,3,1,0,0,2019-20
E0,18/08/2019,Chelsea,Leicester,1,1,D,1,0,H,O Langford,14,12,9,14,4,5,1,0,0,0,2019-20
E0,19/08/2019,Wolves,Man United,1,1,D,0,1,A,J Moss,6,9,17,8,4,6,2,2,0,0,2019-20
E0,23/08/2019,Aston Villa,Everton,2,0,H,1,0,H,M Oliver,7,12,10,18,0,6,2,3,0,0,2019-20
E0,24/08/2019,Norwich,Chelsea,2,3,A,2,2,D,M Atkinson,6,23,9,9,1,8,1,1,0,0,2019-20
E0,24/08/2019,Brighton,Southampton,0,2,A,0,0,D,K Friend,12,12,9,10,8,5,1,3,1,0,2019-20
E0,24/08/2019,Man United,Crystal Palace,1,2,A,0,1,A,P Tierney,22,5,8,18,8,1,2,4,0,0,2019-20
E0,24/08/2019,Sheffield United,Leicester,1,2,A,0,1,A,A Madley,8,10,11,6,7,4,1,0,0,0,2019-20
E0,24/08/2019,Watford,West Ham,1,3,A,1,1,D,C Kavanagh,23,16,12,11,8,7,1,1,0,0,2019-20
E0,24/08/2019,Liverpool,Arsenal,3,1,H,1,0,H,A Taylor,25,9,8,5,6,4,1,1,0,0,2019-20
E0,25/08/2019,Bournemouth,Man City,1,3,A,1,2,A,A Marriner,10,19,7,13,4,5,1,3,0,0,2019-20
E0,25/08/2019,Tottenham,Newcastle,0,1,A,0,1,A,M Dean,17,8,10,5,6,6,2,2,0,0,2019-20
E0,25/08/2019,Wolves,Burnley,1,1,D,0,1,A,C Pawson,17,13,9,11,4,3,0,2,0,0,2019-20
E0,31/08/2019,Southampton,Man United,1,1,D,0,1,A,M Dean,10,21,17,7,2,3,1,2,1,0,2019-20
E0,31/08/2019,Chelsea,Sheffield United,2,2,D,2,0,H,S Attwell,13,8,6,11,3,4,0,1,0,0,2019-20
E0,31/08/2019,Crystal Palace,Aston Villa,1,0,H,0,0,D,K Friend,22,10,15,16,13,2,2,4,0,1,2019-20
E0,31/08/2019,Leicester,Bournemouth,3,1,H,2,1,H,P Bankes,13,8,9,11,4,5,1,3,0,0,2019-20
E0,31/08/2019,Man City,Brighton,4,0,H,2,0,H,J Moss,15,6,10,6,8,1,1,1,0,0,2019-20
E0,31/08/2019,Newcastle,Watford,1,1,D,1,1,D,G Scott,13,13,5,11,6,5,2,3,0,0,2019-20
E0,31/08/2019,West Ham,Norwich,2,0,H,1,0,H,P Tierney,18,8,16,10,8,2,2,1,0,0,2019-20
E0,31/08/2019,Burnley,Liverpool,0,3,A,0,2,A,C Kavanagh,7,15,10,16,6,4,0,0,0,0,2019-20
E0,01/09/2019,Everton,Wolves,3,2,H,2,1,H,A Taylor,15,8,12,12,7,7,1,4,0,1,2019-20
E0,01/09/2019,Arsenal,Tottenham,2,2,D,1,2,A,M Atkinson,26,13,13,19,11,6,3,5,0,0,2019-20
E0,14/09/2019,Liverpool,Newcastle,3,1,H,2,1,H,A Marriner,21,8,5,4,10,1,0,0,0,0,2019-20
E0,14/09/2019,Brighton,Burnley,1,1,D,0,0,D,M Oliver,14,7,13,7,3,6,0,2,0,0,2019-20
E0,14/09/2019,Man United,Leicester,1,0,H,1,0,H,M Atkinson,10,9,14,14,3,9,1,2,0,0,2019-20
E0,14/09/2019,Sheffield United,Southampton,0,1,A,0,0,D,L Mason,17,11,10,7,12,6,1,1,1,0,2019-20
E0,14/09/2019,Tottenham,Crystal Palace,4,0,H,4,0,H,C Pawson,13,11,19,11,4,3,4,2,0,0,2019-20
E0,14/09/2019,Wolves,Chelsea,2,5,A,0,3,A,G Scott,11,15,8,11,7,5,1,2,0,0,2019-20
E0,14/09/2019,Norwich,Man City,3,2,H,2,1,H,K Friend,7,25,8,7,3,16,3,1,0,0,2019-20
E0,15/09/2019,Bournemouth,Everton,3,1,H,1,1,D,P Tierney,13,14,5,14,7,7,0,4,0,0,2019-20
E0,15/09/2019,Watford,Arsenal,2,2,D,0,2,A,A Taylor,31,10,14,4,7,1,3,3,0,0,2019-20
E0,16/09/2019,Aston Villa,West Ham,0,0,D,0,0,D,M Dean,10,13,13,12,2,4,2,1,0,1,2019-20
E0,20/09/2019,Southampton,Bournemouth,1,3,A,0,2,A,C Kavanagh,25,6,8,9,4,5,1,3,0,0,2019-20
E0,21/09/2019,Leicester,Tottenham,2,1,H,0,1,A,P Tierney,16,11,16,13,8,2,1,2,0,0,2019-20
E0,21/09/2019,Burnley,Norwich,2,0,H,2,0,H,D Coote,13,11,11,10,7,3,0,1,0,0,2019-20
E0,21/09/2019,Everton,Sheffield United,0,2,A,0,1,A,S Hooper,16,2,9,9,12,3,1,3,0,0,2019-20
E0,21/09/2019,Man City,Watford,8,0,H,5,0,H,M Dean,28,5,5,9,5,4,2,2,0,0,2019-20
E0,21/09/2019,Newcastle,Brighton,0,0,D,0,0,D,M Atkinson,11,16,12,8,5,3,2,1,0,0,2019-20
E0,22/09/2019,Crystal Palace,Wolves,1,1,D,0,0,D,S Attwell,13,14,7,10,6,7,2,1,0,1,2019-20
E0,22/09/2019,West Ham,Man United,2,0,H,1,0,H,A Taylor,8,9,8,9,3,7,2,2,0,0,2019-20
E0,22/09/2019,Arsenal,Aston Villa,3,2,H,0,1,A,J Moss,21,14,13,15,9,4,5,1,1,0,2019-20
E0,22/09/2019,Chelsea,Liverpool,1,2,A,0,2,A,M Oliver,13,6,8,13,6,4,3,3,0,0,2019-20
E0,28/09/2019,Sheffield United,Liverpool,0,1,A,0,0,D,A Taylor,12,16,8,4,6,5,1,1,0,0,2019-20
E0,28/09/2019,Aston Villa,Burnley,2,2,D,1,0,H,L Mason,16,10,10,16,7,3,1,4,0,0,2019-20
E0,28/09/2019,Bournemouth,West Ham,2,2,D,1,1,D,S Attwell,13,17,7,8,6,6,3,1,0,0,2019-20
E0,28/09/2019,Chelsea,Brighton,2,0,H,0,0,D,C Kavanagh,24,8,5,13,5,2,2,3,0,0,2019-20
E0,28/09/2019,Crystal Palace,Norwich,2,0,H,1,0,H,J Moss,15,10,14,10,5,5,3,1,0,0,2019-20
E0,28/09/2019,Tottenham,Southampton,2,1,H,2,1,H,G Scott,9,14,5,16,6,6,0,2,1,0,2019-20
E0,28/09/2019,Wolves,Watford,2,0,H,1,0,H,P Tierney,6,14,5,6,1,6,0,1,0,0,2019-20
E0,28/09/2019,Everton,Man City,1,3,A,1,1,D,M Oliver,12,20,4,8,5,2,2,2,0,0,2019-20
E0,29/09/2019,Leicester,Newcastle,5,0,H,1,0,H,C Pawson,13,3,12,9,9,0,1,1,0,1,2019-20
E0,30/09/2019,Man United,Arsenal,1,1,D,1,0,H,K Friend,16,10,18,13,8,7,4,2,0,0,2019-20
E0,05/10/2019,Brighton,Tottenham,3,0,H,2,0,H,J Moss,17,8,11,7,4,4,2,1,0,0,2019-20
E0,05/10/2019,Burnley,Everton,1,0,H,0,0,D,G Scott,9,11,5,12,7,9,2,1,0,1,2019-20
E0,05/10/2019,Liverpool,Leicester,2,1,H,1,0,H,C Kavanagh,18,2,9,17,4,6,1,4,0,0,2019-20
E0,05/10/2019,Norwich,Aston Villa,1,5,A,0,2,A,A Madley,21,22,14,17,10,6,1,3,0,0,2019-20
E0,05/10/2019,Watford,Sheffield United,0,0,D,0,0,D,A Marriner,8,9,7,6,7,7,0,2,0,0,2019-20
E0,05/10/2019,West Ham,Crystal Palace,1,2,A,0,0,D,M Oliver,9,7,11,7,2,2,3,2,0,0,2019-20
E0,06/10/2019,Arsenal,Bournemouth,1,0,H,1,0,H,M Atkinson,12,10,12,6,14,5,1,2,0,0,2019-20
E0,06/10/2019,Man City,Wolves,0,2,A,0,0,D,C Pawson,18,7,11,14,9,1,5,2,0,0,2019-20
E0,06/10/2019,Southampton,Chelsea,1,4,A,1,3,A,P Tierney,10,13,8,15,3,4,0,1,0,0,2019-20
E0,06/10/2019,Newcastle,Man United,1,0,H,0,0,D,M Dean,12,12,12,10,4,6,3,3,0,0,2019-20
E0,19/10/2019,Everton,West Ham,2,0,H,1,0,H,P Tierney,19,8,15,15,11,2,2,2,0,0,2019-20
E0,19/10/2019,Aston Villa,Brighton,2,1,H,1,1,D,D Coote,24,20,9,17,7,5,1,2,0,1,2019-20
E0,19/10/2019,Bournemouth,Norwich,0,0,D,0,0,D,L Mason,11,10,8,11,6,7,1,3,0,0,2019-20
E0,19/10/2019,Chelsea,Newcastle,1,0,H,0,0,D,A Marriner,16,5,9,12,11,0,2,1,0,0,2019-20
E0,19/10/2019,Leicester,Burnley,2,1,H,1,1,D,J Moss,19,13,4,10,9,4,0,3,0,0,2019-20
E0,19/10/2019,Tottenham,Watford,1,1,D,0,1,A,C Kavanagh,12,7,5,9,11,2,4,3,0,0,2019-20
E0,19/10/2019,Wolves,Southampton,1,1,D,0,0,D,P Bankes,4,14,10,17,1,3,3,2,0,0,2019-20
E0,19/10/2019,Crystal Palace,Man City,0,2,A,0,2,A,A Taylor,7,21,8,10,1,8,1,1,0,0,2019-20
E0,20/10/2019,Man United,Liverpool,1,1,D,1,0,H,M Atkinson,7,10,6,14,3,1,0,1,0,0,2019-20
E0,21/10/2019,Sheffield United,Arsenal,1,0,H,1,0,H,M Dean,8,9,10,12,7,12,4,4,0,0,2019-20
E0,25/10/2019,Southampton,Leicester,0,9,A,0,5,A,A Marriner,6,25,3,12,2,7,0,0,1,0,2019-20
E0,26/10/2019,Man City,Aston Villa,3,0,H,0,0,D,G Scott,25,11,10,5,13,7,1,1,1,0,2019-20
E0,26/10/2019,Brighton,Everton,3,2,H,1,1,D,A Madley,8,10,12,12,0,5,2,1,0,0,2019-20
E0,26/10/2019,Watford,Bournemouth,0,0,D,0,0,D,M Dean,7,15,14,8,5,10,5,3,0,0,2019-20
E0,26/10/2019,West Ham,Sheffield United,1,1,D,1,0,H,D Coote,12,10,7,10,10,4,2,2,0,0,2019-20
E0,26/10/2019,Burnley,Chelsea,2,4,A,0,2,A,M Oliver,13,16,7,8,5,6,3,2,0,0,2019-20
E0,27/10/2019,Newcastle,Wolves,1,1,D,1,0,H,K Friend,13,13,8,15,3,6,2,2,1,0,2019-20
E0,27/10/2019,Arsenal,Crystal Palace,2,2,D,2,1,H,M Atkinson,15,10,18,9,12,5,2,0,0,0,2019-20
E0,27/10/2019,Liverpool,Tottenham,2,1,H,0,1,A,A Taylor,21,11,9,11,8,3,3,3,0,0,2019-20
E0,27/10/2019,Norwich,Man United,1,3,A,0,2,A,S Attwell,10,21,13,10,1,10,2,2,0,0,2019-20
E0,02/11/2019,Bournemouth,Man United,1,0,H,1,0,H,C Kavanagh,12,15,14,12,4,10,4,3,0,0,2019-20
E0,02/11/2019,Arsenal,Wolves,1,1,D,1,0,H,M Oliver,10,25,6,15,8,9,0,2,0,0,2019-20
E0,02/11/2019,Aston Villa,Liverpool,1,2,A,1,0,H,J Moss,5,25,12,9,2,10,1,2,0,0,2019-20
E0,02/11/2019,Brighton,Norwich,2,0,H,0,0,D,K Friend,21,7,11,8,8,3,0,1,0,0,2019-20
E0,02/11/2019,Man City,Southampton,2,1,H,0,1,A,L Mason,26,3,11,10,17,0,3,1,0,0,2019-20
E0,02/11/2019,Sheffield United,Burnley,3,0,H,3,0,H,S Hooper,13,6,8,12,7,6,1,2,0,0,2019-20
E0,02/11/2019,West Ham,Newcastle,2,3,A,0,2,A,S Attwell,16,12,10,7,7,3,2,1,0,0,2019-20
E0,02/11/2019,Watford,Chelsea,1,2,A,0,1,A,A Taylor,12,16,8,5,1,6,4,2,0,0,2019-20
E0,03/11/2019,Crystal Palace,Leicester,0,2,A,0,0,D,P Tierney,12,14,15,16,5,6,2,2,0,0,2019-20
E0,03/11/2019,Everton,Tottenham,1,1,D,0,0,D,M Atkinson,7,4,9,8,5,2,1,2,0,1,2019-20
E0,08/11/2019,Norwich,Watford,0,2,A,0,1,A,A Marriner,17,12,7,13,10,4,1,2,0,1,2019-20
E0,09/11/2019,Chelsea,Crystal Palace,2,0,H,0,0,D,M Dean,23,3,9,17,7,0,3,2,0,0,2019-20
E0,09/11/2019,Burnley,West Ham,3,0,H,2,0,H,K Friend,14,7,17,10,11,4,2,1,0,0,2019-20
E0,09/11/2019,Newcastle,Bournemouth,2,1,H,1,1,D,M Atkinson,20,16,10,5,5,4,2,0,0,0,2019-20
E0,09/11/2019,Southampton,Everton,1,2,A,0,1,A,P Tierney,4,24,12,12,5,9,1,1,0,0,2019-20
E0,09/11/2019,Tottenham,Sheffield United,1,1,D,0,0,D,G Scott,17,14,6,9,4,4,2,2,0,0,2019-20
E0,09/11/2019,Leicester,Arsenal,2,0,H,0,0,D,C Kavanagh,19,8,10,10,5,4,1,1,0,0,2019-20
E0,10/11/2019,Man United,Brighton,3,1,H,2,0,H,J Moss,21,6,10,14,5,2,2,5,0,0,2019-20
E0,10/11/2019,Wolves,Aston Villa,2,1,H,1,0,H,A Taylor,17,13,17,8,6,3,4,3,0,0,2019-20
E0,10/11/2019,Liverpool,Man City,3,1,H,2,0,H,M Oliver,12,18,10,5,4,13,0,2,0,0,2019-20
E0,23/11/2019,West Ham,Tottenham,2,3,A,0,2,A,M Oliver,11,15,12,14,3,7,3,2,0,0,2019-20
E0,23/11/2019,Arsenal,Southampton,2,2,D,1,1,D,S Attwell,12,21,13,19,6,8,6,2,0,0,2019-20
E0,23/11/2019,Bournemouth,Wolves,1,2,A,0,2,A,S Hooper,9,17,10,12,5,9,2,1,1,0,2019-20
E0,23/11/2019,Brighton,Leicester,0,2,A,0,0,D,M Dean,7,19,9,1,6,7,2,0,0,0,2019-20
E0,23/11/2019,Crystal Palace,Liverpool,1,2,A,0,0,D,K Friend,16,12,8,7,9,8,0,1,0,0,2019-20
E0,23/11/2019,Everton,Norwich,0,2,A,0,0,D,A Taylor,18,13,12,11,7,7,3,5,0,0,2019-20
E0,23/11/2019,Watford,Burnley,0,3,A,0,0,D,P Tierney,15,11,14,13,7,5,0,3,0,0,2019-20
E0,23/11/2019,Man City,Chelsea,2,1,H,2,1,H,M Atkinson,15,11,5,9,8,2,1,1,0,0,2019-20
E0,24/11/2019,Sheffield United,Man United,3,3,D,1,0,H,A Marriner,12,11,13,10,6,3,1,2,0,0,2019-20
E0,25/11/2019,Aston Villa,Newcastle,2,0,H,2,0,H,L Mason,17,11,10,9,11,6,1,1,0,0,2019-20
E0,30/11/2019,Newcastle,Man City,2,2,D,1,1,D,C Kavanagh,6,24,4,6,1,10,1,2,0,0,2019-20
E0,30/11/2019,Burnley,Crystal Palace,0,2,A,0,1,A,P Bankes,15,7,13,10,5,6,2,0,0,0,2019-20
E0,30/11/2019,Chelsea,West Ham,0,1,A,0,0,D,J Moss,19,5,0,16,9,3,0,3,0,0,2019-20
E0,30/11/2019,Liverpool,Brighton,2,1,H,2,0,H,M Atkinson,15,12,3,10,4,5,0,0,1,0,2019-20
E0,30/11/2019,Tottenham,Bournemouth,3,2,H,1,0,H,L Mason,15,20,10,12,4,8,0,2,0,0,2019-20
E0,30/11/2019,Southampton,Watford,2,1,H,0,1,A,M Oliver,11,6,6,10,6,7,1,0,0,0,2019-20
E0,01/12/2019,Norwich,Arsenal,2,2,D,2,1,H,P Tierney,15,16,8,10,7,12,2,1,0,0,2019-20
E0,01/12/2019,Wolves,Sheffield United,1,1,D,0,1,A,D Coote,13,9,12,18,7,2,1,4,0,0,2019-20
E0,01/12/2019,Leicester,Everton,2,1,H,0,1,A,G Scott,16,11,7,9,4,4,0,1,0,0,2019-20
E0,01/12/2019,Man United,Aston Villa,2,2,D,1,1,D,C Pawson,16,9,16,8,9,9,4,1,0,0,2019-20
E0,03/12/2019,Crystal Palace,Bournemouth,1,0,H,0,0,D,A Taylor,7,6,6,15,6,9,3,3,1,0,2019-20
E0,03/12/2019,Burnley,Man City,1,4,A,0,1,A,J Moss,4,17,9,6,3,6,1,1,0,0,2019-20
E0,04/12/2019,Chelsea,Aston Villa,2,1,H,1,1,D,C Kavanagh,25,9,18,10,9,5,2,1,0,0,2019-20
E0,04/12/2019,Leicester,Watford,2,0,H,0,0,D,C Pawson,12,4,13,16,7,2,3,2,0,0,2019-20
E0,04/12/2019,Man United,Tottenham,2,1,H,1,1,D,P Tierney,12,8,9,9,4,3,0,1,0,0,2019-20
E0,04/12/2019,Southampton,Norwich,2,1,H,2,0,H,K Friend,14,10,12,7,6,1,1,1,0,0,2019-20
E0,04/12/2019,Wolves,West Ham,2,0,H,1,0,H,A Marriner,13,6,8,9,5,4,1,2,0,0,2019-20
E0,04/12/2019,Liverpool,Everton,5,2,H,4,2,H,M Dean,11,12,13,17,5,6,1,2,0,0,2019-20
E0,05/12/2019,Sheffield United,Newcastle,0,2,A,0,1,A,S Attwell,13,6,10,6,8,1,2,0,0,0,2019-20
E0,05/12/2019,Arsenal,Brighton,1,2,A,0,1,A,G Scott,12,20,10,11,9,9,3,1,0,0,2019-20
E0,07/12/2019,Everton,Chelsea,3,1,H,1,0,H,C Pawson,13,15,14,9,1,5,3,0,0,0,2019-20
E0,07/12/2019,Bournemouth,Liverpool,0,3,A,0,2,A,C Kavanagh,3,21,5,6,1,3,0,1,0,0,2019-20
E0,07/12/2019,Tottenham,Burnley,5,0,H,3,0,H,K Friend,13,7,12,8,1,1,1,1,0,0,2019-20
E0,07/12/2019,Watford,Crystal Palace,0,0,D,0,0,D,M Atkinson,13,3,15,16,6,2,4,2,0,0,2019-20
E0,07/12/2019,Man City,Man United,1,2,A,0,2,A,A Taylor,22,11,10,10,16,3,3,2,0,0,2019-20
E0,08/12/2019,Aston Villa,Leicester,1,4,A,1,2,A,M Oliver,15,23,21,15,8,5,6,2,0,0,2019-20
E0,08/12/2019,Newcastle,Southampton,2,1,H,0,0,D,D Coote,12,19,11,17,3,12,1,3,0,0,2019-20
E0,08/12/2019,Norwich,Sheffield United,1,2,A,1,0,H,S Hooper,14,9,6,12,9,1,0,4,0,0,2019-20
E0,08/12/2019,Brighton,Wolves,2,2,D,2,2,D,J Moss,13,13,10,7,3,4,3,0,0,0,2019-20
E0,09/12/2019,West Ham,Arsenal,1,3,A,1,0,H,M Dean,11,10,12,6,4,3,2,0,0,0,2019-20
E0,14/12/2019,Liverpool,Watford,2,0,H,1,0,H,A Marriner,16,8,8,6,6,3,2,1,0,0,2019-20
E0,14/12/2019,Burnley,Newcastle,1,0,H,0,0,D,T Robinson,7,9,15,12,4,3,0,2,0,0,2019-20
E0,14/12/2019,Chelsea,Bournemouth,0,1,A,0,0,D,G Scott,18,11,9,14,9,4,1,2,0,0,2019-20
E0,14/12/2019,Leicester,Norwich,1,1,D,1,1,D,A Madley,18,10,11,15,12,4,0,4,0,0,2019-20
E0,14/12/2019,Sheffield United,Aston Villa,2,0,H,0,0,D,P Bankes,7,8,10,9,3,2,2,2,0,0,2019-20
E0,14/12/2019,Southampton,West Ham,0,1,A,0,1,A,M Atkinson,11,11,9,14,5,8,1,3,0,0,2019-20
E0,15/12/2019,Man United,Everton,1,1,D,0,1,A,M Oliver,24,8,10,12,6,5,1,2,0,0,2019-20
E0,15/12/2019,Wolves,Tottenham,1,2,A,0,1,A,S Attwell,18,9,14,10,11,2,4,4,0,0,2019-20
E0,15/12/2019,Arsenal,Man City,0,3,A,0,3,A,P Tierney,6,14,9,24,3,3,1,4,0,0,2019-20
E0,16/12/2019,Crystal Palace,Brighton,1,1,D,0,0,D,C Pawson,11,15,7,12,3,7,1,1,0,0,2019-20
E0,21/12/2019,Everton,Arsenal,0,0,D,0,0,D,K Friend,9,6,10,11,5,4,2,3,0,0,2019-20
E0,21/12/2019,Aston Villa,Southampton,1,3,A,0,2,A,C Pawson,19,17,16,15,7,5,2,1,0,0,2019-20
E0,21/12/2019,Bournemouth,Burnley,0,1,A,0,0,D,M Atkinson,3,2,13,21,4,5,2,4,0,0,2019-20
E0,21/12/2019,Brighton,Sheffield United,0,1,A,0,1,A,R Jones,9,7,6,11,4,3,1,3,0,0,2019-20
E0,21/12/2019,Newcastle,Crystal Palace,1,0,H,0,0,D,S Hooper,8,16,12,11,4,5,2,0,0,0,2019-20
E0,21/12/2019,Norwich,Wolves,1,2,A,1,0,H,P Bankes,13,14,7,14,3,11,2,4,0,0,2019-20
E0,21/12/2019,Man City,Leicester,3,1,H,2,1,H,M Dean,23,5,14,9,6,1,2,2,0,0,2019-20
E0,22/12/2019,Watford,Man United,2,0,H,0,0,D,L Mason,11,17,16,11,3,5,3,1,0,0,2019-20
E0,22/12/2019,Tottenham,Chelsea,0,2,A,0,2,A,A Taylor,5,13,9,11,3,5,4,3,1,0,2019-20
E0,26/12/2019,Tottenham,Brighton,2,1,H,0,1,A,G Scott,11,11,10,9,9,2,4,2,0,0,2019-20
E0,26/12/2019,Aston Villa,Norwich,1,0,H,0,0,D,C Kavanagh,11,16,15,12,5,8,2,3,0,0,2019-20
E0,26/12/2019,Bournemouth,Arsenal,1,1,D,1,0,H,S Attwell,12,17,5,13,8,3,4,4,0,0,2019-20
E0,26/12/2019,Chelsea,Southampton,0,2,A,0,1,A,J Moss,10,5,10,9,8,1,3,2,0,0,2019-20
E0,26/12/2019,Crystal Palace,West Ham,2,1,H,0,0,D,A Marriner,13,10,5,10,7,6,0,2,0,0,2019-20
E0,26/12/2019,Everton,Burnley,1,0,H,0,0,D,A Taylor,21,6,15,14,10,2,0,0,0,0,2019-20
E0,26/12/2019,Sheffield United,Watford,1,1,D,1,1,D,D Coote,16,5,11,8,9,1,1,3,0,0,2019-20
E0,26/12/2019,Man United,Newcastle,4,1,H,3,1,H,K Friend,22,7,10,7,5,0,2,2,0,0,2019-20
E0,26/12/2019,Leicester,Liverpool,0,4,A,0,1,A,M Oliver,3,15,5,7,2,8,1,1,0,0,2019-20
E0,27/12/2019,Wolves,Man City,3,2,H,0,1,A,M Atkinson,20,7,7,13,3,1,0,1,0,1,2019-20
E0,28/12/2019,Brighton,Bournemouth,2,0,H,1,0,H,P Tierney,16,10,8,11,9,2,0,2,0,0,2019-20
E0,28/12/2019,Newcastle,Everton,1,2,A,0,1,A,L Mason,20,22,13,13,5,8,2,2,0,0,2019-20
E0,28/12/2019,Southampton,Crystal Palace,1,1,D,0,0,D,A Madley,14,5,13,7,12,4,1,2,0,0,2019-20
E0,28/12/2019,Watford,Aston Villa,3,0,H,1,0,H,S Hooper,20,11,16,9,6,3,3,1,1,0,2019-20
E0,28/12/2019,Norwich,Tottenham,2,2,D,1,0,H,K Friend,5,15,12,10,4,6,3,3,0,0,2019-20
E0,28/12/2019,West Ham,Leicester,1,2,A,1,1,D,D Coote,14,13,16,4,5,5,4,1,0,0,2019-20
E0,28/12/2019,Burnley,Man United,0,2,A,0,1,A,M Dean,8,14,17,10,5,4,4,3,0,0,2019-20
E0,29/12/2019,Arsenal,Chelsea,1,2,A,1,0,H,C Pawson,7,13,13,19,2,3,5,4,0,0,2019-20
E0,29/12/2019,Liverpool,Wolves,1,0,H,1,0,H,A Taylor,10,10,7,3,5,6,1,0,0,0,2019-20
E0,29/12/2019,Man City,Sheffield United,2,0,H,0,0,D,C Kavanagh,16,8,5,6,8,5,1,1,0,0,2019-20
E0,01/01/2020,Brighton,Chelsea,1,1,D,0,1,A,S Attwell,16,16,8,15,5,3,2,3,0,0,2019-20
E0,01/01/2020,Burnley,Aston Villa,1,2,A,0,2,A,M Oliver,20,11,12,10,8,4,1,1,0,0,2019-20
E0,01/01/2020,Newcastle,Leicester,0,3,A,0,2,A,M Atkinson,5,17,8,12,4,5,1,1,0,0,2019-20
E0,01/01/2020,Southampton,Tottenham,1,0,H,1,0,H,M Dean,12,11,21,8,6,9,3,4,0,0,2019-20
E0,01/01/2020,Watford,Wolves,2,1,H,1,0,H,A Madley,9,16,12,6,4,7,3,1,1,0,2019-20
E0,01/01/2020,Man City,Everton,2,1,H,0,0,D,A Marriner,16,7,11,11,3,6,0,4,0,0,2019-20
E0,01/01/2020,Norwich,Crystal Palace,1,1,D,1,0,H,J Moss,15,12,12,9,2,5,5,0,0,0,2019-20
E0,01/01/2020,West Ham,Bournemouth,4,0,H,3,0,H,G Scott,14,3,3,12,9,2,1,2,0,0,2019-20
E0,01/01/2020,Arsenal,Man United,2,0,H,2,0,H,C Kavanagh,10,10,11,15,1,4,2,0,0,0,2019-20
E0,02/01/2020,Liverpool,Sheffield United,2,0,H,1,0,H,P Tierney,19,3,5,8,8,4,0,0,0,0,2019-20
E0,10/01/2020,Sheffield United,West Ham,1,0,H,0,0,D,M Oliver,13,7,11,6,7,3,1,0,0,0,2019-20
E0,11/01/2020,Crystal Palace,Arsenal,1,1,D,0,1,A,P Tierney,6,7,14,22,1,4,2,3,0,1,2019-20
E0,11/01/2020,Chelsea,Burnley,3,0,H,2,0,H,K Friend,18,7,7,4,10,3,0,3,0,0,2019-20
E0,11/01/2020,Everton,Brighton,1,0,H,1,0,H,D Coote,14,9,7,7,4,3,2,1,0,0,2019-20
E0,11/01/2020,Leicester,Southampton,1,2,A,1,1,D,L Mason,5,16,9,17,2,4,0,3,0,0,2019-20
E0,11/01/2020,Man United,Norwich,4,0,H,1,0,H,A Taylor,13,8,18,7,4,2,0,0,0,0,2019-20
E0,11/01/2020,Wolves,Newcastle,1,1,D,1,1,D,P Bankes,9,5,13,12,5,2,0,3,0,0,2019-20
E0,11/01/2020,Tottenham,Liverpool,0,1,A,0,1,A,M Atkinson,14,13,4,8,4,3,0,2,0,0,2019-20
E0,12/01/2020,Bournemouth,Watford,0,3,A,0,1,A,M Dean,10,18,3,13,5,5,1,1,0,0,2019-20
E0,12/01/2020,Aston Villa,Man City,1,6,A,0,4,A,J Moss,7,22,5,12,2,4,2,1,0,0,2019-20
E0,18/01/2020,Watford,Tottenham,0,0,D,0,0,D,M Oliver,15,17,13,13,3,3,2,3,0,0,2019-20
E0,18/01/2020,Arsenal,Sheffield United,1,1,D,1,0,H,M Dean,11,12,9,13,4,5,1,2,0,0,2019-20
E0,18/01/2020,Brighton,Aston Villa,1,1,D,1,0,H,A Madley,10,8,11,13,3,4,3,3,0,0,2019-20
E0,18/01/2020,Man City,Crystal Palace,2,2,D,0,1,A,S Scott,25,5,9,7,14,2,1,2,0,0,2019-20
E0,18/01/2020,Norwich,Bournemouth,1,0,H,1,0,H,P Tierney,16,6,10,10,4,5,2,2,1,1,2019-20
E0,18/01/2020,Southampton,Wolves,2,3,A,2,0,H,D England,11,8,13,12,1,3,2,1,0,0,2019-20
E0,18/01/2020,West Ham,Everton,1,1,D,1,1,D,A Marriner,12,11,11,13,7,6,1,0,0,0,2019-20
E0,18/01/2020,Newcastle,Chelsea,1,0,H,0,0,D,C Kavanagh,7,19,9,14,1,10,1,1,0,0,2019-20
E0,19/01/2020,Burnley,Leicester,2,1,H,0,1,A,A Taylor,8,18,14,8,4,5,1,0,0,0,2019-20
E0,19/01/2020,Liverpool,Man United,2,0,H,1,0,H,C Pawson,16,9,7,10,11,5,1,3,0,0,2019-20
E0,21/01/2020,Aston Villa,Watford,2,1,H,0,1,A,M Atkinson,16,8,11,18,6,3,2,2,0,0,2019-20
E0,21/01/2020,Bournemouth,Brighton,3,1,H,2,0,H,K Friend,11,21,9,12,5,8,1,1,0,0,2019-20
E0,21/01/2020,Crystal Palace,Southampton,0,2,A,0,1,A,A Marriner,6,15,12,13,0,8,1,2,0,0,2019-20
E0,21/01/2020,Everton,Newcastle,2,2,D,1,0,H,S Hooper,17,8,13,10,6,4,1,1,0,0,2019-20
E0,21/01/2020,Sheffield United,Man City,0,1,A,0,0,D,L Mason,4,18,13,13,5,13,4,3,0,0,2019-20
E0,21/01/2020,Chelsea,Arsenal,2,2,D,1,0,H,S Attwell,19,2,11,6,17,5,2,1,0,1,2019-20
E0,22/01/2020,Leicester,West Ham,4,1,H,2,0,H,D Coote,19,6,10,19,7,8,1,1,0,0,2019-20
E0,22/01/2020,Tottenham,Norwich,2,1,H,1,0,H,C Kavanagh,14,12,12,7,7,3,0,1,0,0,2019-20
E0,22/01/2020,Man United,Burnley,0,2,A,0,1,A,J Moss,24,5,11,7,5,2,0,2,0,0,2019-20
E0,23/01/2020,Wolves,Liverpool,1,2,A,0,1,A,M Oliver,10,13,6,11,2,4,0,1,0,0,2019-20
E0,29/01/2020,West Ham,Liverpool,0,2,A,0,1,A,J Moss,7,13,6,6,3,7,2,0,0,0,2019-20
E0,01/02/2020,Leicester,Chelsea,2,2,D,0,0,D,L Mason,14,7,16,14,4,6,2,2,0,0,2019-20
E0,01/02/2020,Bournemouth,Aston Villa,2,1,H,2,0,H,A Taylor,16,18,10,15,1,8,1,3,1,0,2019-20
E0,01/02/2020,Crystal Palace,Sheffield United,0,1,A,0,0,D,A Madley,13,10,9,15,9,5,3,2,0,0,2019-20
E0,01/02/2020,Liverpool,Southampton,4,0,H,0,0,D,K Friend,16,17,9,15,6,11,0,2,0,0,2019-20
E0,01/02/2020,Newcastle,Norwich,0,0,D,0,0,D,M Atkinson,15,19,10,15,8,12,2,1,0,0,2019-20
E0,01/02/2020,Watford,Everton,2,3,A,2,2,D,C Pawson,11,12,17,14,4,4,2,2,0,1,2019-20
E0,01/02/2020,West Ham,Brighton,3,3,D,2,0,H,M Oliver,12,19,8,9,4,6,1,1,0,0,2019-20
E0,01/02/2020,Man United,Wolves,0,0,D,0,0,D,P Tierney,15,14,14,15,4,6,3,2,0,0,2019-20
E0,02/02/2020,Burnley,Arsenal,0,0,D,0,0,D,C Kavanagh,15,13,8,11,5,7,1,3,0,0,2019-20
E0,02/02/2020,Tottenham,Man City,2,0,H,0,0,D,M Dean,3,18,8,14,2,6,2,3,0,1,2019-20
E0,08/02/2020,Everton,Crystal Palace,3,1,H,1,0,H,D Coote,14,10,11,12,4,6,0,1,0,0,2019-20
E0,08/02/2020,Brighton,Watford,1,1,D,0,1,A,K Friend,10,5,9,12,3,2,2,2,0,0,2019-20
E0,09/02/2020,Sheffield United,Bournemouth,2,1,H,1,1,D,J Moss,16,10,10,8,8,4,2,2,0,0,2019-20
E0,14/02/2020,Wolves,Leicester,0,0,D,0,0,D,M Dean,15,9,13,10,7,0,2,2,0,1,2019-20
E0,15/02/2020,Southampton,Burnley,1,2,A,1,1,D,S Hooper,10,9,8,11,4,3,2,2,0,0,2019-20
E0,15/02/2020,Norwich,Liverpool,0,1,A,0,0,D,S Attwell,5,17,5,11,2,7,1,2,0,0,2019-20
E0,16/02/2020,Aston Villa,Tottenham,2,3,A,1,2,A,M Atkinson,18,23,12,10,12,7,2,0,0,0,2019-20
E0,16/02/2020,Arsenal,Newcastle,4,0,H,0,0,D,L Mason,15,10,15,9,5,6,2,0,0,0,2019-20
E0,17/02/2020,Chelsea,Man United,0,2,A,0,1,A,A Taylor,17,9,11,11,9,8,4,3,0,0,2019-20
E0,19/02/2020,Man City,West Ham,2,0,H,1,0,H,K Friend,20,3,5,7,6,1,0,1,0,0,2019-20
E0,12/09/2020,Fulham,Arsenal,0,3,A,0,1,A,C Kavanagh,5,13,12,12,2,3,2,2,0,0,2020-21
E0,12/09/2020,Crystal Palace,Southampton,1,0,H,1,0,H,J Moss,5,9,14,11,7,3,2,1,0,0,2020-21
E0,12/09/2020,Liverpool,Leeds,4,3,H,3,2,H,M Oliver,22,6,9,6,9,0,1,0,0,0,2020-21
E0,12/09/2020,West Ham,Newcastle,0,2,A,0,0,D,S Attwell,15,15,13,7,8,7,2,2,0,0,2020-21
E0,13/09/2020,West Brom,Leicester,0,3,A,0,0,D,A Taylor,7,13,12,9,2,5,1,1,0,0,2020-21
E0,13/09/2020,Tottenham,Everton,0,1,A,0,0,D,M Atkinson,9,15,15,7,5,3,1,0,0,0,2020-21
E0,14/09/2020,Brighton,Chelsea,1,3,A,0,1,A,C Pawson,13,10,8,13,4,3,1,0,0,0,2020-21
E0,14/09/2020,Sheffield United,Wolves,0,2,A,0,2,A,M Dean,9,11,13,7,12,5,2,1,0,0,2020-21
E0,19/09/2020,Everton,West Brom,5,2,H,2,1,H,M Dean,17,6,9,11,11,1,1,0,0,1,2020-21
E0,19/09/2020,Leeds,Fulham,4,3,H,2,1,H,A Taylor,10,14,13,18,5,3,1,2,0,0,2020-21
E0,19/09/2020,Man United,Crystal Palace,1,3,A,0,1,A,M Atkinson,13,14,13,10,9,3,2,1,0,0,2020-21
E0,19/09/2020,Arsenal,West Ham,2,1,H,1,1,D,M Oliver,7,14,11,13,7,5,0,1,0,0,2020-21
E0,20/09/2020,Southampton,Tottenham,2,5,A,1,1,D,D Coote,14,9,16,18,3,2,4,3,0,0,2020-21
E0,20/09/2020,Newcastle,Brighton,0,3,A,0,2,A,K Friend,6,13,16,15,7,1,3,0,0,1,2020-21
E0,20/09/2020,Chelsea,Liverpool,0,2,A,0,0,D,P Tierney,5,18,10,6,1,11,0,0,1,0,2020-21
E0,20/09/2020,Leicester,Burnley,4,2,H,1,1,D,L Mason,14,16,11,13,15,4,1,2,0,0,2020-21
E0,21/09/2020,Aston Villa,Sheffield United,1,0,H,0,0,D,G Scott,18,4,12,13,10,4,3,1,0,1,2020-21
E0,21/09/2020,Wolves,Man City,1,3,A,0,2,A,A Marriner,10,14,6,8,4,6,0,3,0,0,2020-21
E0,26/09/2020,Brighton,Man United,2,3,A,1,1,D,C Kavanagh,18,7,18,16,7,1,4,2,0,0,2020-21
E0,26/09/2020,Crystal Palace,Everton,1,2,A,1,2,A,K Friend,8,10,16,15,7,6,3,1,0,0,2020-21
E0,26/09/2020,West Brom,Chelsea,3,3,D,3,0,H,J Moss,9,22,8,16,3,9,1,3,0,0,2020-21
E0,26/09/2020,Burnley,Southampton,0,1,A,0,1,A,A Marriner,10,5,8,10,8,2,1,0,0,0,2020-21
E0,27/09/2020,Sheffield United,Leeds,0,1,A,0,0,D,P Tierney,14,17,18,4,5,7,2,1,0,0,2020-21
E0,27/09/2020,Tottenham,Newcastle,1,1,D,1,0,H,P Bankes,23,6,15,9,10,4,1,4,0,0,2020-21
E0,27/09/2020,Man City,Leicester,2,5,A,1,1,D,M Oliver,16,7,13,8,3,4,1,3,0,0,2020-21
E0,27/09/2020,West Ham,Wolves,4,0,H,1,0,H,M Atkinson,15,11,7,11,1,3,0,1,0,0,2020-21
E0,28/09/2020,Fulham,Aston Villa,0,3,A,0,2,A,S Attwell,16,12,18,14,5,3,6,3,0,0,2020-21
E0,28/09/2020,Liverpool,Arsenal,3,1,H,2,1,H,C Pawson,21,4,11,7,7,3,2,2,0,0,2020-21
E0,03/10/2020,Chelsea,Crystal Palace,4,0,H,0,0,D,M Oliver,17,4,17,13,8,5,2,0,0,0,2020-21
E0,03/10/2020,Everton,Brighton,4,2,H,2,1,H,S Hooper,11,11,13,14,3,10,0,1,0,0,2020-21
E0,03/10/2020,Leeds,Man City,1,1,D,0,1,A,M Dean,12,23,11,12,7,10,2,1,0,0,2020-21
E0,03/10/2020,Newcastle,Burnley,3,1,H,1,0,H,D Coote,10,7,13,17,3,4,2,3,0,0,2020-21
E0,04/10/2020,Leicester,West Ham,0,3,A,0,2,A,A Madley,4,14,11,8,6,4,2,2,0,0,2020-21
E0,04/10/2020,Southampton,West Brom,2,0,H,1,0,H,C Kavanagh,13,5,19,10,5,1,2,1,0,0,2020-21
E0,04/10/2020,Arsenal,Sheffield United,2,1,H,0,0,D,L Mason,6,6,3,9,2,4,0,1,0,0,2020-21
E0,04/10/2020,Wolves,Fulham,1,0,H,0,0,D,D England,14,10,15,8,6,2,1,1,0,0,2020-21
E0,04/10/2020,Man United,Tottenham,1,6,A,1,4,A,A Taylor,5,22,14,10,2,4,2,1,1,0,2020-21
E0,04/10/2020,Aston Villa,Liverpool,7,2,H,4,1,H,M Atkinson,18,14,7,10,2,7,2,1,0,0,2020-21
E0,17/10/2020,Everton,Liverpool,2,2,D,1,1,D,M Oliver,11,22,15,9,2,5,3,2,1,0,2020-21
E0,17/10/2020,Chelsea,Southampton,3,3,D,2,1,H,P Bankes,11,13,11,9,6,2,1,1,0,0,2020-21
E0,17/10/2020,Man City,Arsenal,1,0,H,1,0,H,C Kavanagh,13,11,15,10,6,6,4,1,0,0,2020-21
E0,17/10/2020,Newcastle,Man United,1,4,A,1,1,D,C Pawson,7,28,9,12,0,7,1,1,0,0,2020-21
E0,18/10/2020,Sheffield United,Fulham,1,1,D,0,0,D,A Marriner,10,15,5,9,2,5,0,2,0,0,2020-21
E0,18/10/2020,Crystal Palace,Brighton,1,1,D,1,0,H,S Attwell,1,20,13,12,2,5,3,2,0,1,2020-21
E0,18/10/2020,Tottenham,West Ham,3,3,D,3,0,H,P Tierney,11,13,13,12,3,7,0,5,0,0,2020-21
E0,18/10/2020,Leicester,Aston Villa,0,1,A,0,0,D,J Moss,11,10,18,18,2,7,4,3,0,0,2020-21
E0,19/10/2020,West Brom,Burnley,0,0,D,0,0,D,A Taylor,13,9,15,17,8,2,2,2,0,0,2020-21
E0,19/10/2020,Leeds,Wolves,0,1,A,0,0,D,D Coote,13,7,13,12,8,3,2,1,0,0,2020-21
E0,23/10/2020,Aston Villa,Leeds,0,3,A,0,0,D,P Tierney,12,27,14,17,6,5,2,2,0,0,2020-21
E0,24/10/2020,West Ham,Man City,1,1,D,1,0,H,A Taylor,6,14,14,6,2,10,2,0,0,0,2020-21
E0,24/10/2020,Fulham,Crystal Palace,1,2,A,0,1,A,G Scott,16,14,11,11,4,4,0,1,1,0,2020-21
E0,24/10/2020,Man United,Chelsea,0,0,D,0,0,D,M Atkinson,14,6,8,6,9,6,3,1,0,0,2020-21
E0,24/10/2020,Liverpool,Sheffield United,2,1,H,1,1,D,M Dean,17,13,7,15,7,3,0,3,0,0,2020-21
E0,25/10/2020,Southampton,Everton,2,0,H,2,0,H,K Friend,12,6,11,11,4,5,1,2,0,1,2020-21
E0,25/10/2020,Wolves,Newcastle,1,1,D,0,0,D,L Mason,16,5,10,10,2,3,0,1,0,0,2020-21
E0,25/10/2020,Arsenal,Leicester,0,1,A,0,0,D,C Pawson,12,6,13,9,9,3,3,5,0,0,2020-21
E0,26/10/2020,Brighton,West Brom,1,1,D,1,0,H,J Moss,5,9,14,7,6,2,2,0,0,0,2020-21
E0,26/10/2020,Burnley,Tottenham,0,1,A,0,0,D,M Oliver,13,9,9,7,4,5,2,0,0,0,2020-21
E0,30/10/2020,Wolves,Crystal Palace,2,0,H,2,0,H,M Atkinson,15,11,13,4,7,6,0,2,0,1,2020-21
E0,31/10/2020,Sheffield United,Man City,0,1,A,0,1,A,M Oliver,5,16,14,6,2,5,0,0,0,0,2020-21
E0,31/10/2020,Burnley,Chelsea,0,3,A,0,1,A,D Coote,5,14,10,15,3,4,1,0,0,0,2020-21
E0,31/10/2020,Liverpool,West Ham,2,1,H,1,1,D,K Friend,9,4,13,14,1,2,0,1,0,0,2020-21
E0,01/11/2020,Aston Villa,Southampton,3,4,A,0,3,A,D England,19,9,12,17,11,1,1,2,0,0,2020-21
E0,01/11/2020,Newcastle,Everton,2,1,H,0,0,D,S Attwell,11,15,9,10,5,4,2,4,0,0,2020-21
E0,01/11/2020,Man United,Arsenal,0,1,A,0,0,D,M Dean,8,7,12,12,6,3,3,3,0,0,2020-21
E0,01/11/2020,Tottenham,Brighton,2,1,H,1,0,H,G Scott,9,6,14,13,4,5,2,1,0,0,2020-21
E0,02/11/2020,Fulham,West Brom,2,0,H,2,0,H,S Hooper,13,10,13,11,5,2,3,2,0,0,2020-21
E0,02/11/2020,Leeds,Leicester,1,4,A,0,2,A,A Marriner,11,10,9,5,10,3,1,1,0,0,2020-21
E0,06/11/2020,Brighton,Burnley,0,0,D,0,0,D,M Dean,19,4,11,5,5,3,1,0,0,0,2020-21
E0,06/11/2020,Southampton,Newcastle,2,0,H,1,0,H,P Bankes,15,4,12,11,8,3,1,2,0,0,2020-21
E0,07/11/2020,Everton,Man United,1,3,A,1,2,A,P Tierney,7,13,12,19,5,2,4,2,0,0,2020-21
E0,07/11/2020,Crystal Palace,Leeds,4,1,H,3,1,H,C Kavanagh,10,9,9,1,3,6,0,2,0,0,2020-21
E0,07/11/2020,Chelsea,Sheffield United,4,1,H,2,1,H,J Moss,20,6,5,14,6,7,0,2,0,0,2020-21
E0,07/11/2020,West Ham,Fulham,1,0,H,0,0,D,R Jones,16,13,10,9,9,5,2,2,0,0,2020-21
E0,08/11/2020,West Brom,Tottenham,0,1,A,0,0,D,A Madley,12,19,17,12,9,6,1,0,0,0,2020-21
E0,08/11/2020,Leicester,Wolves,1,0,H,1,0,H,A Taylor,10,7,12,8,6,3,2,3,0,0,2020-21
E0,08/11/2020,Man City,Liverpool,1,1,D,1,1,D,C Pawson,7,10,19,11,1,2,3,1,0,0,2020-21
E0,08/11/2020,Arsenal,Aston Villa,0,3,A,0,1,A,M Atkinson,13,15,11,13,3,8,0,0,0,0,2020-21
E0,21/11/2020,Newcastle,Chelsea,0,2,A,0,1,A,C Pawson,8,14,11,12,7,4,2,0,0,0,2020-21
E0,21/11/2020,Aston Villa,Brighton,1,2,A,0,1,A,M Oliver,15,7,5,18,12,3,2,1,0,1,2020-21
E0,21/11/2020,Tottenham,Man City,2,0,H,1,0,H,M Dean,4,22,13,19,0,10,2,2,0,0,2020-21
E0,21/11/2020,Man United,West Brom,1,0,H,0,0,D,D Coote,17,7,12,17,8,2,1,1,0,0,2020-21
E0,22/11/2020,Fulham,Everton,2,3,A,1,3,A,A Madley,14,9,14,10,2,5,2,0,0,0,2020-21
E0,22/11/2020,Sheffield United,West Ham,0,1,A,0,0,D,M Atkinson,9,15,7,6,2,6,0,0,0,0,2020-21
E0,22/11/2020,Leeds,Arsenal,0,0,D,0,0,D,A Taylor,25,9,9,8,5,3,3,0,0,1,2020-21
E0,22/11/2020,Liverpool,Leicester,3,0,H,2,0,H,C Kavanagh,24,11,15,6,10,3,0,2,0,0,2020-21
E0,23/11/2020,Burnley,Crystal Palace,1,0,H,1,0,H,K Friend,10,15,13,9,4,7,2,0,0,0,2020-21
E0,23/11/2020,Wolves,Southampton,1,1,D,0,0,D,A Marriner,20,7,14,13,7,4,2,0,0,0,2020-21
E0,27/11/2020,Crystal Palace,Newcastle,0,2,A,0,0,D,G Scott,12,14,9,10,7,3,2,2,0,0,2020-21
E0,28/11/2020,Brighton,Liverpool,1,1,D,0,0,D,S Attwell,11,6,9,13,4,3,2,1,0,0,2020-21
E0,28/11/2020,Man City,Burnley,5,0,H,3,0,H,L Mason,19,9,12,4,6,4,0,0,0,0,2020-21
E0,28/11/2020,Everton,Leeds,0,1,A,0,0,D,C Kavanagh,15,23,8,14,4,2,1,2,0,0,2020-21
E0,28/11/2020,West Brom,Sheffield United,1,0,H,1,0,H,M Dean,17,21,10,9,14,9,2,3,0,0,2020-21
E0,29/11/2020,Southampton,Man United,2,3,A,2,0,H,J Moss,10,15,12,12,5,9,1,0,0,0,2020-21
E0,29/11/2020,Chelsea,Tottenham,0,0,D,0,0,D,P Tierney,13,5,20,9,3,3,4,2,0,0,2020-21
E0,29/11/2020,Arsenal,Wolves,1,2,A,1,2,A,M Oliver,13,11,13,13,8,4,3,4,0,0,2020-21
E0,30/11/2020,Leicester,Fulham,1,2,A,0,2,A,S Hooper,16,10,9,21,6,5,0,2,0,0,2020-21
E0,30/11/2020,West Ham,Aston Villa,2,1,H,1,1,D,P Bankes,6,16,20,7,3,7,1,1,0,0,2020-21
E0,05/12/2020,Burnley,Everton,1,1,D,1,1,D,A Taylor,8,13,6,9,8,4,0,0,0,0,2020-21
E0,05/12/2020,Man City,Fulham,2,0,H,2,0,H,J Moss,16,6,7,6,9,3,0,0,0,0,2020-21
E0,05/12/2020,West Ham,Man United,1,3,A,1,0,H,A Marriner,19,15,9,10,5,4,0,0,0,0,2020-21
E0,05/12/2020,Chelsea,Leeds,3,1,H,1,1,D,K Friend,23,8,12,9,8,4,0,2,0,0,2020-21
E0,06/12/2020,West Brom,Crystal Palace,1,5,A,1,1,D,P Tierney,9,18,10,16,4,6,2,2,1,0,2020-21
E0,06/12/2020,Sheffield United,Leicester,1,2,A,1,1,D,S Attwell,4,13,13,6,6,5,1,3,0,0,2020-21
E0,06/12/2020,Tottenham,Arsenal,2,0,H,2,0,H,M Atkinson,6,11,16,12,3,9,1,2,0,0,2020-21
E0,06/12/2020,Liverpool,Wolves,4,0,H,1,0,H,C Pawson,11,9,8,14,4,6,1,1,0,0,2020-21
E0,07/12/2020,Brighton,Southampton,1,2,A,1,1,D,D Coote,12,10,12,12,4,3,3,3,0,0,2020-21
E0,11/12/2020,Leeds,West Ham,1,2,A,1,1,D,M Oliver,13,19,12,10,5,6,1,2,0,0,2020-21
E0,12/12/2020,Wolves,Aston Villa,0,1,A,0,0,D,M Dean,16,13,23,15,5,8,2,5,0,0,2020-21
E0,12/12/2020,Newcastle,West Brom,2,1,H,1,0,H,D England,12,13,9,12,4,3,2,3,0,0,2020-21
E0,12/12/2020,Man United,Man City,0,0,D,0,0,D,C Kavanagh,11,9,13,6,4,3,1,1,0,0,2020-21
E0,12/12/2020,Everton,Chelsea,1,0,H,1,0,H,J Moss,9,10,10,11,6,6,2,3,0,0,2020-21
E0,13/12/2020,Southampton,Sheffield United,3,0,H,1,0,H,A Madley,16,3,8,14,8,4,0,1,0,0,2020-21
E0,13/12/2020,Crystal Palace,Tottenham,1,1,D,0,1,A,K Friend,16,14,15,11,4,7,1,1,0,0,2020-21
E0,13/12/2020,Fulham,Liverpool,1,1,D,1,0,H,A Marriner,10,12,9,5,6,8,3,1,0,0,2020-21
E0,13/12/2020,Arsenal,Burnley,0,1,A,0,0,D,G Scott,18,10,5,11,13,4,2,1,1,0,2020-21
E0,13/12/2020,Leicester,Brighton,3,0,H,3,0,H,M Atkinson,15,12,9,11,9,5,2,1,0,0,2020-21
E0,15/12/2020,Wolves,Chelsea,2,1,H,0,0,D,S Attwell,12,13,12,12,5,6,2,2,0,0,2020-21
E0,15/12/2020,Man City,West Brom,1,1,D,1,1,D,P Bankes,26,5,5,8,13,2,2,3,0,0,2020-21
E0,16/12/2020,Arsenal,Southampton,1,1,D,0,1,A,P Tierney,9,13,13,13,2,7,1,3,1,0,2020-21
E0,16/12/2020,Leeds,Newcastle,5,2,H,1,1,D,S Hooper,25,10,10,13,7,4,3,1,0,0,2020-21
E0,16/12/2020,Leicester,Everton,0,2,A,0,1,A,L Mason,14,11,12,9,4,6,2,3,0,0,2020-21
E0,16/12/2020,Fulham,Brighton,0,0,D,0,0,D,R Jones,9,9,15,11,1,8,1,0,0,0,2020-21
E0,16/12/2020,Liverpool,Tottenham,2,1,H,1,1,D,A Taylor,17,8,8,9,7,4,0,2,0,0,2020-21
E0,16/12/2020,West Ham,Crystal Palace,1,1,D,0,1,A,D Coote,9,8,8,12,5,3,0,1,0,1,2020-21
E0,17/12/2020,Aston Villa,Burnley,0,0,D,0,0,D,C Pawson,27,6,17,19,11,1,1,1,0,0,2020-21
E0,17/12/2020,Sheffield United,Man United,2,3,A,1,2,A,M Oliver,12,14,17,8,6,3,3,2,0,0,2020-21
E0,19/12/2020,Crystal Palace,Liverpool,0,7,A,0,3,A,J Moss,5,14,5,11,5,4,1,0,0,0,2020-21
E0,19/12/2020,Southampton,Man City,0,1,A,0,1,A,M Dean,9,11,9,11,6,6,2,2,0,0,2020-21
E0,19/12/2020,Everton,Arsenal,2,1,H,2,1,H,A Marriner,9,13,9,9,4,3,1,3,0,0,2020-21
E0,19/12/2020,Newcastle,Fulham,1,1,D,0,1,A,G Scott,12,11,7,17,2,9,1,2,0,1,2020-21
E0,20/12/2020,Brighton,Sheffield United,1,1,D,0,0,D,P Bankes,21,5,9,11,14,2,1,5,0,1,2020-21
E0,20/12/2020,Tottenham,Leicester,0,2,A,0,1,A,C Pawson,8,17,15,14,5,3,2,2,0,0,2020-21
E0,20/12/2020,Man United,Leeds,6,2,H,4,1,H,A Taylor,26,17,6,6,11,13,1,0,0,0,2020-21
E0,20/12/2020,West Brom,Aston Villa,0,3,A,0,1,A,M Atkinson,1,19,14,8,1,7,1,2,1,0,2020-21
E0,21/12/2020,Burnley,Wolves,2,1,H,1,0,H,L Mason,10,15,11,15,1,7,2,1,0,0,2020-21
E0,21/12/2020,Chelsea,West Ham,3,0,H,1,0,H,C Kavanagh,11,6,11,6,5,4,0,0,0,0,2020-21
E0,26/12/2020,Leicester,Man United,2,2,D,1,1,D,M Dean,10,9,10,17,5,0,2,1,0,0,2020-21
E0,26/12/2020,Aston Villa,Crystal Palace,3,0,H,1,0,H,A Taylor,21,13,18,16,4,4,1,4,1,0,2020-21
E0,26/12/2020,Fulham,Southampton,0,0,D,0,0,D,D England,10,3,15,12,6,3,2,0,0,0,2020-21
E0,26/12/2020,Arsenal,Chelsea,3,1,H,2,0,H,M Oliver,15,19,13,10,7,9,2,1,0,0,2020-21
E0,26/12/2020,Man City,Newcastle,2,0,H,1,0,H,A Marriner,11,7,5,12,7,3,2,2,0,0,2020-21
E0,26/12/2020,Sheffield United,Everton,0,1,A,0,0,D,D Coote,10,7,11,10,6,3,2,4,0,0,2020-21
E0,27/12/2020,Leeds,Burnley,1,0,H,1,0,H,R Jones,11,14,8,14,4,12,0,3,0,0,2020-21
E0,27/12/2020,West Ham,Brighton,2,2,D,0,1,A,S Hooper,11,13,6,8,5,4,0,0,0,0,2020-21
E0,27/12/2020,Liverpool,West Brom,1,1,D,1,0,H,K Friend,17,5,8,5,8,3,0,1,0,0,2020-21
E0,27/12/2020,Wolves,Tottenham,1,1,D,0,1,A,P Tierney,11,6,20,13,9,2,4,1,0,0,2020-21
E0,28/12/2020,Crystal Palace,Leicester,1,1,D,0,0,D,G Scott,4,17,10,7,2,5,0,1,0,0,2020-21
E0,28/12/2020,Chelsea,Aston Villa,1,1,D,1,0,H,S Attwell,16,10,16,3,11,4,3,1,0,0,2020-21
E0,29/12/2020,Brighton,Arsenal,0,1,A,0,0,D,M Atkinson,13,11,11,4,5,4,2,0,0,0,2020-21
E0,29/12/2020,Burnley,Sheffield United,1,0,H,1,0,H,C Kavanagh,5,7,13,17,3,5,1,2,0,0,2020-21
E0,29/12/2020,Southampton,West Ham,0,0,D,0,0,D,A Madley,8,8,16,15,4,3,3,1,0,0,2020-21
E0,29/12/2020,West Brom,Leeds,0,5,A,0,4,A,L Mason,4,14,7,10,3,10,0,1,0,0,2020-21
E0,29/12/2020,Man United,Wolves,1,0,H,0,0,D,J Moss,11,9,11,7,2,2,1,1,0,0,2020-21
E0,30/12/2020,Newcastle,Liverpool,0,0,D,0,0,D,P Tierney,8,11,9,13,5,12,2,3,0,0,2020-21
E0,01/01/2021,Everton,West Ham,0,1,A,0,0,D,K Friend,10,11,9,7,5,4,2,0,0,0,2020-21
E0,01/01/2021,Man United,Aston Villa,2,1,H,1,0,H,M Oliver,19,5,22,10,5,10,4,0,0,0,2020-21
E0,02/01/2021,Tottenham,Leeds,3,0,H,2,0,H,D Coote,20,18,15,13,3,5,2,1,1,0,2020-21
E0,02/01/2021,Crystal Palace,Sheffield United,2,0,H,2,0,H,S Attwell,9,7,8,18,3,6,1,3,0,0,2020-21
E0,02/01/2021,Brighton,Wolves,3,3,D,1,3,A,A Madley,13,11,13,8,5,8,2,1,0,0,2020-21
E0,02/01/2021,West Brom,Arsenal,0,4,A,0,2,A,M Atkinson,7,21,7,4,3,5,1,2,0,0,2020-21
E0,03/01/2021,Newcastle,Leicester,1,2,A,0,0,D,R Jones,8,9,10,11,3,6,0,2,0,0,2020-21
E0,03/01/2021,Chelsea,Man City,1,3,A,0,3,A,A Taylor,9,18,11,10,5,3,3,1,0,0,2020-21
E0,04/01/2021,Southampton,Liverpool,1,0,H,1,0,H,A Marriner,7,17,5,12,1,10,1,3,0,0,2020-21
E0,12/01/2021,Sheffield United,Newcastle,1,0,H,0,0,D,A Madley,17,7,13,12,5,2,2,3,0,1,2020-21
E0,12/01/2021,Burnley,Man United,0,1,A,0,0,D,K Friend,11,13,15,13,3,4,1,2,0,0,2020-21
E0,12/01/2021,Wolves,Everton,1,2,A,1,1,D,M Atkinson,12,5,6,11,6,5,2,2,0,0,2020-21
E0,13/01/2021,Man City,Brighton,1,0,H,1,0,H,D England,16,5,4,12,8,4,0,2,0,0,2020-21
E0,13/01/2021,Tottenham,Fulham,1,1,D,1,0,H,P Tierney,15,15,13,15,6,5,1,2,0,0,2020-21
E0,14/01/2021,Arsenal,Crystal Palace,0,0,D,0,0,D,A Marriner,11,12,10,11,7,3,1,1,0,0,2020-21
E0,16/01/2021,Wolves,West Brom,2,3,A,2,1,H,M Oliver,23,12,10,14,11,0,2,1,0,0,2020-21
E0,16/01/2021,Leeds,Brighton,0,1,A,0,1,A,K Friend,7,7,8,9,5,2,1,1,0,0,2020-21
E0,16/01/2021,West Ham,Burnley,1,0,H,1,0,H,C Kavanagh,15,10,12,9,7,4,2,1,0,0,2020-21
E0,16/01/2021,Fulham,Chelsea,0,1,A,0,0,D,P Bankes,10,21,11,10,1,12,2,3,1,0,2020-21
E0,16/01/2021,Leicester,Southampton,2,0,H,1,0,H,S Attwell,16,8,10,11,2,5,2,2,0,0,2020-21
E0,17/01/2021,Sheffield United,Tottenham,1,3,A,0,2,A,A Marriner,15,14,13,4,5,7,4,0,0,0,2020-21
E0,17/01/2021,Liverpool,Man United,0,0,D,0,0,D,P Tierney,17,8,15,6,7,3,2,1,0,0,2020-21
E0,17/01/2021,Man City,Crystal Palace,4,0,H,1,0,H,L Mason,13,2,9,8,11,1,0,0,0,0,2020-21
E0,18/01/2021,Arsenal,Newcastle,3,0,H,0,0,D,D Coote,20,4,9,8,7,2,0,0,0,0,2020-21
E0,19/01/2021,West Ham,West Brom,2,1,H,1,0,H,G Scott,14,6,10,10,3,1,0,1,0,0,2020-21
E0,19/01/2021,Leicester,Chelsea,2,0,H,2,0,H,C Pawson,8,9,7,16,6,3,1,3,0,0,2020-21
E0,20/01/2021,Man City,Aston Villa,2,0,H,0,0,D,J Moss,28,11,10,9,16,2,0,2,0,0,2020-21
E0,20/01/2021,Fulham,Man United,1,2,A,1,1,D,M Atkinson,12,15,6,10,2,8,3,1,0,0,2020-21
E0,21/01/2021,Liverpool,Burnley,0,1,A,0,0,D,M Dean,27,6,11,8,12,0,2,1,0,0,2020-21
E0,23/01/2021,Aston Villa,Newcastle,2,0,H,2,0,H,S Hooper,14,7,9,18,5,4,0,3,0,0,2020-21
E0,26/01/2021,Crystal Palace,West Ham,2,3,A,1,2,A,S Attwell,6,17,9,8,3,4,0,0,0,0,2020-21
E0,26/01/2021,Newcastle,Leeds,1,2,A,0,1,A,A Taylor,22,9,10,15,9,5,1,3,0,0,2020-21
E0,26/01/2021,Southampton,Arsenal,1,3,A,1,2,A,K Friend,13,9,11,6,4,5,1,2,0,0,2020-21
E0,26/01/2021,West Brom,Man City,0,5,A,0,4,A,C Kavanagh,4,18,8,8,3,8,2,0,0,0,2020-21
E0,27/01/2021,Burnley,Aston Villa,3,2,H,0,1,A,P Tierney,10,18,16,7,2,4,1,0,0,0,2020-21
E0,27/01/2021,Chelsea,Wolves,0,0,D,0,0,D,A Madley,14,4,14,7,13,1,1,1,0,0,2020-21
E0,27/01/2021,Brighton,Fulham,0,0,D,0,0,D,C Pawson,16,10,10,14,10,0,2,1,0,0,2020-21
E0,27/01/2021,Everton,Leicester,1,1,D,1,0,H,M Dean,8,19,12,10,5,11,1,1,0,0,2020-21
E0,27/01/2021,Man United,Sheffield United,1,2,A,0,1,A,P Bankes,16,5,10,12,7,2,1,1,0,0,2020-21
E0,28/01/2021,Tottenham,Liverpool,1,3,A,0,1,A,M Atkinson,3,14,9,11,1,2,1,2,0,0,2020-21
E0,30/01/2021,Everton,Newcastle,0,2,A,0,0,D,S Attwell,11,13,13,6,7,12,3,4,0,0,2020-21
E0,30/01/2021,Crystal Palace,Wolves,1,0,H,0,0,D,S Hooper,11,6,7,10,1,6,1,2,0,0,2020-21
E0,30/01/2021,Man City,Sheffield United,1,0,H,1,0,H,D Coote,10,4,7,10,10,0,0,3,0,0,2020-21
E0,30/01/2021,West Brom,Fulham,2,2,D,0,1,A,A Taylor,5,12,9,10,2,3,1,0,0,0,2020-21
E0,30/01/2021,Arsenal,Man United,0,0,D,0,0,D,M Oliver,17,14,9,16,4,7,1,3,0,0,2020-21
E0,30/01/2021,Southampton,Aston Villa,0,1,A,0,1,A,L Mason,20,8,12,11,7,1,1,0,0,0,2020-21
E0,31/01/2021,Chelsea,Burnley,2,0,H,1,0,H,G Scott,19,1,7,9,4,2,0,1,0,0,2020-21
E0,31/01/2021,Leicester,Leeds,1,3,A,1,1,D,C Kavanagh,18,8,17,16,6,4,0,3,0,0,2020-21
E0,31/01/2021,West Ham,Liverpool,1,3,A,0,0,D,J Moss,8,14,7,8,6,5,2,0,0,0,2020-21
E0,31/01/2021,Brighton,Tottenham,1,0,H,1,0,H,P Bankes,16,8,11,11,9,2,2,1,0,0,2020-21
E0,02/02/2021,Sheffield United,West Brom,2,1,H,0,1,A,P Tierney,14,8,11,9,9,2,2,1,0,0,2020-21
E0,02/02/2021,Wolves,Arsenal,2,1,H,1,1,D,C Pawson,11,9,11,8,9,6,3,2,0,2,2020-21
E0,02/02/2021,Man United,Southampton,9,0,H,4,0,H,M Dean,24,3,11,6,5,3,2,3,0,2,2020-21
E0,02/02/2021,Newcastle,Crystal Palace,1,2,A,1,2,A,D England,21,6,14,11,9,1,1,3,0,0,2020-21
E0,03/02/2021,Burnley,Man City,0,2,A,0,2,A,M Atkinson,2,17,8,5,1,3,2,1,0,0,2020-21
E0,03/02/2021,Fulham,Leicester,0,2,A,0,2,A,R Jones,8,9,17,10,5,2,3,1,0,0,2020-21
E0,03/02/2021,Leeds,Everton,1,2,A,0,2,A,M Oliver,16,10,12,12,7,1,2,3,0,0,2020-21
E0,03/02/2021,Aston Villa,West Ham,1,3,A,0,0,D,A Madley,9,20,11,15,7,3,1,1,0,0,2020-21
E0,03/02/2021,Liverpool,Brighton,0,1,A,0,0,D,K Friend,11,13,12,6,6,3,1,0,0,0,2020-21
E0,04/02/2021,Tottenham,Chelsea,0,1,A,0,1,A,A Marriner,7,18,20,14,2,7,2,3,0,0,2020-21
E0,06/02/2021,Aston Villa,Arsenal,1,0,H,1,0,H,C Kavanagh,12,14,12,12,3,7,3,2,0,0,2020-21
E0,06/02/2021,Burnley,Brighton,1,1,D,0,1,A,A Taylor,20,10,8,10,8,7,2,0,0,0,2020-21
E0,06/02/2021,Newcastle,Southampton,3,2,H,3,1,H,C Pawson,6,14,11,14,0,7,2,1,1,0,2020-21
E0,06/02/2021,Fulham,West Ham,0,0,D,0,0,D,M Dean,20,8,11,10,7,3,1,2,0,1,2020-21
E0,06/02/2021,Man United,Everton,3,3,D,2,0,H,J Moss,14,6,14,10,5,1,2,1,0,0,2020-21
E0,07/02/2021,Tottenham,West Brom,2,0,H,0,0,D,S Attwell,13,4,16,12,8,0,1,2,0,0,2020-21
E0,07/02/2021,Wolves,Leicester,0,0,D,0,0,D,M Atkinson,13,13,11,15,8,2,1,3,0,0,2020-21
E0,07/02/2021,Liverpool,Man City,1,4,A,0,0,D,M Oliver,8,8,13,8,6,1,2,1,0,0,2020-21
E0,07/02/2021,Sheffield United,Chelsea,1,2,A,0,1,A,K Friend,8,9,8,8,1,8,1,0,0,0,2020-21
E0,08/02/2021,Leeds,Crystal Palace,2,0,H,1,0,H,A Marriner,17,8,7,8,5,3,0,2,0,0,2020-21
E0,13/02/2021,Leicester,Liverpool,3,1,H,0,0,D,A Taylor,11,15,9,6,2,12,1,2,0,0,2020-21
E0,13/02/2021,Crystal Palace,Burnley,0,3,A,0,2,A,M Oliver,13,16,15,14,7,4,0,0,0,0,2020-21
E0,13/02/2021,Man City,Tottenham,3,0,H,1,0,H,P Tierney,15,7,12,13,4,2,1,3,0,0,2020-21
E0,13/02/2021,Brighton,Aston Villa,0,0,D,0,0,D,D England,26,4,16,12,9,2,2,3,0,0,2020-21
E0,14/02/2021,Southampton,Wolves,1,2,A,1,0,H,G Scott,7,10,10,9,4,6,2,2,0,0,2020-21
E0,14/02/2021,West Brom,Man United,1,1,D,1,1,D,C Pawson,7,10,13,10,4,5,5,0,0,0,2020-21
E0,14/02/2021,Arsenal,Leeds,4,2,H,3,0,H,S Attwell,13,9,8,17,4,5,0,2,0,0,2020-21
E0,14/02/2021,Everton,Fulham,0,2,A,0,0,D,A Madley,7,12,7,16,5,4,1,1,0,0,2020-21
E0,15/02/2021,West Ham,Sheffield United,3,0,H,1,0,H,S Hooper,13,8,11,12,7,7,0,2,0,0,2020-21
E0,15/02/2021,Chelsea,Newcastle,2,0,H,2,0,H,P Bankes,18,10,9,13,10,5,0,0,0,0,2020-21
E0,17/02/2021,Burnley,Fulham,1,1,D,0,0,D,J Moss,8,8,7,13,5,5,1,1,0,0,2020-21
E0,17/02/2021,Everton,Man City,1,3,A,1,1,D,A Marriner,3,16,8,8,0,10,2,1,0,0,2020-21
E0,19/02/2021,Wolves,Leeds,1,0,H,0,0,D,D Coote,15,18,13,8,7,9,1,0,0,0,2020-21
E0,20/02/2021,Southampton,Chelsea,1,1,D,1,0,H,A Taylor,4,9,10,10,3,6,1,1,0,0,2020-21
E0,20/02/2021,Burnley,West Brom,0,0,D,0,0,D,M Dean,6,10,16,10,5,5,3,0,0,1,2020-21
E0,20/02/2021,Liverpool,Everton,0,2,A,0,1,A,C Kavanagh,15,9,10,10,7,2,2,1,0,0,2020-21
E0,20/02/2021,Fulham,Sheffield United,1,0,H,0,0,D,M Atkinson,15,4,11,14,6,4,1,2,0,0,2020-21
E0,21/02/2021,West Ham,Tottenham,2,1,H,1,0,H,C Pawson,4,20,14,7,5,7,4,3,0,0,2020-21
E0,21/02/2021,Aston Villa,Leicester,1,2,A,0,2,A,M Oliver,11,16,11,12,7,8,2,1,0,0,2020-21
E0,21/02/2021,Arsenal,Man City,0,1,A,0,1,A,J Moss,7,15,11,9,1,3,2,2,0,0,2020-21
E0,21/02/2021,Man United,Newcastle,3,1,H,1,1,D,P Tierney,15,10,9,11,6,4,1,2,0,0,2020-21
E0,22/02/2021,Brighton,Crystal Palace,1,2,A,0,1,A,K Friend,25,3,11,6,13,0,2,0,0,0,2020-21
E0,23/02/2021,Leeds,Southampton,3,0,H,0,0,D,A Marriner,11,13,11,13,2,4,1,2,0,0,2020-21
E0,27/02/2021,Man City,West Ham,2,1,H,1,1,D,M Oliver,10,9,8,11,4,2,1,1,0,0,2020-21
E0,27/02/2021,West Brom,Brighton,1,0,H,1,0,H,L Mason,6,15,11,12,7,4,0,0,0,0,2020-21
E0,27/02/2021,Leeds,Aston Villa,0,1,A,0,1,A,P Bankes,13,9,14,14,7,5,3,2,0,0,2020-21
E0,27/02/2021,Newcastle,Wolves,1,1,D,0,0,D,M Dean,19,14,11,13,3,5,2,0,0,0,2020-21
E0,28/02/2021,Crystal Palace,Fulham,0,0,D,0,0,D,A Taylor,3,16,10,14,1,3,1,1,0,0,2020-21
E0,28/02/2021,Leicester,Arsenal,1,3,A,1,2,A,P Tierney,8,12,15,3,2,7,2,1,0,0,2020-21
E0,28/02/2021,Tottenham,Burnley,4,0,H,3,0,H,K Friend,16,10,6,10,3,4,0,0,0,0,2020-21
E0,28/02/2021,Chelsea,Man United,0,0,D,0,0,D,S Attwell,18,11,11,12,3,4,1,2,0,0,2020-21
E0,28/02/2021,Sheffield United,Liverpool,0,2,A,0,0,D,J Moss,8,16,9,9,4,3,0,0,0,0,2020-21
E0,01/03/2021,Everton,Southampton,1,0,H,1,0,H,M Atkinson,7,9,13,9,4,10,0,2,0,0,2020-21
E0,02/03/2021,Man City,Wolves,4,1,H,1,0,H,C Kavanagh,22,6,9,5,10,2,0,1,0,0,2020-21
E0,03/03/2021,Burnley,Leicester,1,1,D,1,1,D,A Madley,12,15,6,12,5,8,0,2,0,0,2020-21
E0,03/03/2021,Sheffield United,Aston Villa,1,0,H,1,0,H,R Jones,9,16,13,6,2,7,1,0,1,0,2020-21
E0,03/03/2021,Crystal Palace,Man United,0,0,D,0,0,D,A Marriner,8,11,4,13,4,6,1,0,0,0,2020-21
E0,04/03/2021,Fulham,Tottenham,0,1,A,0,1,A,D Coote,11,9,13,9,4,1,2,1,0,0,2020-21
E0,04/03/2021,West Brom,Everton,0,1,A,0,0,D,D England,11,11,9,7,3,3,3,1,0,0,2020-21
E0,04/03/2021,Liverpool,Chelsea,0,1,A,0,1,A,M Atkinson,7,11,9,8,5,2,0,0,0,0,2020-21
E0,06/03/2021,Burnley,Arsenal,1,1,D,1,1,D,A Marriner,9,15,5,12,2,4,1,1,0,0,2020-21
E0,06/03/2021,Sheffield United,Southampton,0,2,A,0,1,A,P Tierney,8,15,17,11,7,3,4,3,0,0,2020-21
E0,06/03/2021,Aston Villa,Wolves,0,0,D,0,0,D,A Madley,9,10,13,13,5,3,1,0,0,0,2020-21
E0,06/03/2021,Brighton,Leicester,1,2,A,1,0,H,M Oliver,7,8,14,8,6,6,0,1,0,0,2020-21
E0,07/03/2021,West Brom,Newcastle,0,0,D,0,0,D,M Atkinson,13,9,11,10,9,7,0,0,0,0,2020-21
E0,07/03/2021,Liverpool,Fulham,0,1,A,0,1,A,K Friend,16,10,10,8,9,4,2,3,0,0,2020-21
E0,07/03/2021,Man City,Man United,0,2,A,0,1,A,A Taylor,23,8,9,12,6,2,0,3,0,0,2020-21
E0,07/03/2021,Tottenham,Crystal Palace,4,1,H,1,1,D,S Attwell,12,5,8,17,1,5,2,3,0,0,2020-21
E0,08/03/2021,Chelsea,Everton,2,0,H,1,0,H,D Coote,19,7,11,12,7,3,0,3,0,0,2020-21
E0,08/03/2021,West Ham,Leeds,2,0,H,2,0,H,M Dean,16,17,9,9,6,6,1,1,0,0,2020-21
E0,10/03/2021,Man City,Southampton,5,2,H,3,1,H,J Moss,17,11,6,4,5,5,1,0,0,0,2020-21
E0,12/03/2021,Newcastle,Aston Villa,1,1,D,0,0,D,P Tierney,12,15,10,10,2,2,2,3,0,0,2020-21
E0,13/03/2021,Leeds,Chelsea,0,0,D,0,0,D,K Friend,7,15,16,6,8,5,3,0,0,0,2020-21
E0,13/03/2021,Crystal Palace,West Brom,1,0,H,1,0,H,S Hooper,6,12,16,15,3,2,3,1,0,0,2020-21
E0,13/03/2021,Everton,Burnley,1,2,A,1,2,A,J Moss,14,14,9,6,7,4,0,4,0,0,2020-21
E0,13/03/2021,Fulham,Man City,0,3,A,0,0,D,A Marriner,3,8,14,13,4,2,0,0,0,0,2020-21
E0,14/03/2021,Southampton,Brighton,1,2,A,1,1,D,S Attwell,9,8,11,10,4,5,0,0,0,0,2020-21
E0,14/03/2021,Leicester,Sheffield United,5,0,H,1,0,H,P Bankes,19,1,10,9,9,1,0,2,0,0,2020-21
E0,14/03/2021,Arsenal,Tottenham,2,1,H,1,1,D,M Oliver,13,6,12,14,6,3,1,2,0,1,2020-21
E0,14/03/2021,Man United,West Ham,1,0,H,0,0,D,M Atkinson,15,7,12,2,6,3,4,0,0,0,2020-21
E0,15/03/2021,Wolves,Liverpool,0,1,A,0,1,A,C Pawson,10,12,17,10,3,2,2,1,0,0,2020-21
E0,19/03/2021,Fulham,Leeds,1,2,A,1,1,D,D Coote,13,13,13,12,13,7,2,2,0,0,2020-21
E0,20/03/2021,Brighton,Newcastle,3,0,H,1,0,H,A Taylor,11,3,12,5,3,1,0,1,0,0,2020-21
E0,21/03/2021,West Ham,Arsenal,3,3,D,3,1,H,J Moss,15,16,18,8,3,5,3,1,0,0,2020-21
E0,21/03/2021,Aston Villa,Tottenham,0,2,A,0,1,A,M Dean,8,9,18,13,5,8,3,2,0,0,2020-21
E0,03/04/2021,Chelsea,West Brom,2,5,A,1,2,A,D Coote,18,14,11,6,10,3,1,1,1,0,2020-21
E0,03/04/2021,Leeds,Sheffield United,2,1,H,1,1,D,G Scott,23,9,12,13,5,7,1,2,0,0,2020-21
E0,03/04/2021,Leicester,Man City,0,2,A,0,0,D,A Taylor,5,11,13,12,1,1,2,3,0,0,2020-21
E0,03/04/2021,Arsenal,Liverpool,0,3,A,0,0,D,S Attwell,3,16,10,10,1,2,1,1,0,0,2020-21
E0,04/04/2021,Southampton,Burnley,3,2,H,2,2,D,A Marriner,24,7,11,10,6,7,0,0,0,0,2020-21
E0,04/04/2021,Newcastle,Tottenham,2,2,D,1,2,A,C Pawson,22,11,13,14,7,3,3,2,0,0,2020-21
E0,04/04/2021,Aston Villa,Fulham,3,1,H,0,0,D,A Madley,14,15,14,20,4,4,1,2,0,0,2020-21
E0,04/04/2021,Man United,Brighton,2,1,H,0,1,A,M Dean,15,5,14,7,5,6,2,2,0,0,2020-21
E0,05/04/2021,Everton,Crystal Palace,1,1,D,0,0,D,K Friend,15,13,10,10,3,4,2,0,0,0,2020-21
E0,05/04/2021,Wolves,West Ham,2,3,A,1,3,A,M Oliver,20,9,9,9,4,2,1,4,0,0,2020-21
E0,09/04/2021,Fulham,Wolves,0,1,A,0,0,D,J Moss,14,7,11,8,3,4,0,0,0,0,2020-21
E0,10/04/2021,Man City,Leeds,1,2,A,0,1,A,A Marriner,29,2,12,15,9,3,3,1,0,1,2020-21
E0,10/04/2021,Liverpool,Aston Villa,2,1,H,0,1,A,P Tierney,23,9,16,11,7,0,2,4,0,0,2020-21
E0,10/04/2021,Crystal Palace,Chelsea,1,4,A,0,3,A,M Oliver,1,23,7,12,0,8,1,0,0,0,2020-21
E0,11/04/2021,Burnley,Newcastle,1,2,A,1,0,H,A Taylor,24,10,11,12,13,3,1,0,0,0,2020-21
E0,11/04/2021,West Ham,Leicester,3,2,H,2,0,H,M Dean,4,15,7,13,1,9,3,3,0,0,2020-21
E0,11/04/2021,Tottenham,Man United,1,3,A,1,0,H,C Kavanagh,12,12,11,15,7,5,1,5,0,0,2020-21
E0,11/04/2021,Sheffield United,Arsenal,0,3,A,0,1,A,P Bankes,7,14,9,6,2,4,1,1,0,0,2020-21
E0,12/04/2021,West Brom,Southampton,3,0,H,2,0,H,S Hooper,15,14,12,11,5,10,0,1,0,0,2020-21
E0,12/04/2021,Brighton,Everton,0,0,D,0,0,D,D England,23,8,12,7,10,3,1,2,0,0,2020-21
E0,16/04/2021,Everton,Tottenham,2,2,D,1,1,D,M Oliver,18,12,8,8,6,3,1,1,0,0,2020-21
E0,17/04/2021,Newcastle,West Ham,3,2,H,2,0,H,K Friend,16,16,9,7,3,8,2,0,0,1,2020-21
E0,17/04/2021,Wolves,Sheffield United,1,0,H,0,0,D,R Jones,10,8,8,15,3,3,1,2,0,0,2020-21
E0,18/04/2021,Arsenal,Fulham,1,1,D,0,0,D,C Pawson,18,3,9,11,11,1,0,3,0,0,2020-21
E0,18/04/2021,Man United,Burnley,3,1,H,0,0,D,J Moss,17,10,9,12,8,3,1,2,0,0,2020-21
E0,19/04/2021,Leeds,Liverpool,1,1,D,0,1,A,A Taylor,12,17,17,15,10,8,2,1,0,0,2020-21
E0,20/04/2021,Chelsea,Brighton,0,0,D,0,0,D,S Attwell,7,11,8,9,0,3,2,0,0,1,2020-21
E0,21/04/2021,Tottenham,Southampton,2,1,H,0,1,A,D Coote,12,10,10,14,5,5,2,1,0,0,2020-21
E0,21/04/2021,Aston Villa,Man City,1,2,A,1,2,A,P Bankes,8,13,12,7,1,11,0,1,1,1,2020-21
E0,22/04/2021,Leicester,West Brom,3,0,H,3,0,H,A Madley,17,4,13,12,7,3,0,2,0,0,2020-21
E0,23/04/2021,Arsenal,Everton,0,1,A,0,0,D,J Moss,14,8,13,10,7,3,1,3,0,0,2020-21
E0,24/04/2021,Liverpool,Newcastle,1,1,D,1,0,H,A Marriner,22,7,9,7,6,3,2,1,0,0,2020-21
E0,24/04/2021,West Ham,Chelsea,0,1,A,0,1,A,C Kavanagh,9,17,9,11,4,2,0,4,1,0,2020-21
E0,24/04/2021,Sheffield United,Brighton,1,0,H,1,0,H,K Friend,7,17,13,7,2,12,3,0,0,0,2020-21
E0,25/04/2021,Wolves,Burnley,0,4,A,0,3,A,D England,12,14,8,9,8,5,1,2,0,0,2020-21
E0,25/04/2021,Leeds,Man United,0,0,D,0,0,D,C Pawson,6,16,21,11,2,6,4,1,0,0,2020-21
E0,25/04/2021,Aston Villa,West Brom,2,2,D,1,1,D,S Attwell,24,10,14,9,11,4,0,2,0,0,2020-21
E0,26/04/2021,Leicester,Crystal Palace,2,1,H,0,1,A,G Scott,13,4,13,12,7,2,0,1,0,0,2020-21
E0,30/04/2021,Southampton,Leicester,1,1,D,0,0,D,R Jones,5,23,9,13,0,10,1,0,1,0,2020-21
E0,01/05/2021,Crystal Palace,Man City,0,2,A,0,0,D,D Coote,9,20,9,10,2,6,2,0,0,0,2020-21
E0,01/05/2021,Brighton,Leeds,2,0,H,1,0,H,C Kavanagh,17,11,17,6,2,9,1,1,0,0,2020-21
E0,01/05/2021,Chelsea,Fulham,2,0,H,1,0,H,K Friend,9,10,15,8,1,8,1,1,0,0,2020-21
E0,01/05/2021,Everton,Aston Villa,1,2,A,1,1,D,S Hooper,16,13,10,13,3,6,0,2,0,0,2020-21
E0,02/05/2021,Newcastle,Arsenal,0,2,A,0,1,A,M Dean,5,19,10,9,3,7,2,1,1,0,2020-21
E0,02/05/2021,Tottenham,Sheffield United,4,0,H,1,0,H,A Marriner,20,8,8,9,6,6,1,1,0,0,2020-21
E0,03/05/2021,West Brom,Wolves,1,1,D,0,1,A,P Tierney,10,20,17,11,5,6,2,0,0,0,2020-21
E0,03/05/2021,Burnley,West Ham,1,2,A,1,2,A,A Taylor,8,22,4,8,5,4,2,1,0,0,2020-21
E0,07/05/2021,Leicester,Newcastle,2,4,A,0,2,A,D England,25,14,12,9,9,6,1,1,0,0,2020-21
E0,08/05/2021,Leeds,Tottenham,3,1,H,2,1,H,M Oliver,16,11,12,10,8,6,1,2,0,0,2020-21
E0,08/05/2021,Sheffield United,Crystal Palace,0,2,A,0,1,A,S Hooper,7,21,11,8,5,11,1,1,0,0,2020-21
E0,08/05/2021,Man City,Chelsea,1,2,A,1,0,H,A Taylor,16,12,12,10,6,2,2,0,0,0,2020-21
E0,08/05/2021,Liverpool,Southampton,2,0,H,1,0,H,K Friend,14,12,10,6,8,4,0,1,0,0,2020-21
E0,09/05/2021,Wolves,Brighton,2,1,H,0,1,A,J Moss,16,5,12,7,10,5,2,2,0,2,2020-21
E0,09/05/2021,Aston Villa,Man United,1,3,A,1,0,H,C Kavanagh,11,18,13,18,5,6,1,1,1,0,2020-21
E0,09/05/2021,West Ham,Everton,0,1,A,0,1,A,S Attwell,11,9,8,10,5,6,2,1,0,0,2020-21
E0,09/05/2021,Arsenal,West Brom,3,1,H,2,0,H,P Bankes,15,12,7,9,6,6,1,2,0,0,2020-21
E0,10/05/2021,Fulham,Burnley,0,2,A,0,2,A,D Coote,21,14,11,10,8,4,2,0,0,0,2020-21
E0,11/05/2021,Man United,Leicester,1,2,A,1,1,D,C Pawson,4,12,9,12,3,4,0,0,0,0,2020-21
E0,11/05/2021,Southampton,Crystal Palace,3,1,H,1,1,D,A Madley,13,11,20,13,12,8,2,3,0,0,2020-21
E0,12/05/2021,Chelsea,Arsenal,0,1,A,0,1,A,A Marriner,19,5,7,6,9,1,0,1,0,0,2020-21
E0,13/05/2021,Aston Villa,Everton,0,0,D,0,0,D,M Atkinson,13,15,9,12,9,1,2,0,0,0,2020-21
E0,13/05/2021,Man United,Liverpool,2,4,A,1,2,A,A Taylor,18,17,10,12,6,4,3,0,0,0,2020-21
E0,14/05/2021,Newcastle,Man City,3,4,A,2,2,D,K Friend,11,15,11,10,4,5,2,2,0,0,2020-21
E0,15/05/2021,Burnley,Leeds,0,4,A,0,1,A,G Scott,16,16,10,10,6,8,1,1,0,0,2020-21
E0,15/05/2021,Southampton,Fulham,3,1,H,1,0,H,C Pawson,11,10,9,15,6,5,0,1,0,0,2020-21
E0,15/05/2021,Brighton,West Ham,1,1,D,0,0,D,A Marriner,10,15,7,5,3,3,1,1,0,0,2020-21
E0,16/05/2021,Crystal Palace,Aston Villa,3,2,H,1,2,A,D Coote,23,19,23,13,7,7,3,2,0,0,2020-21
E0,16/05/2021,Tottenham,Wolves,2,0,H,1,0,H,M Atkinson,24,15,8,11,10,3,1,0,0,0,2020-21
E0,16/05/2021,West Brom,Liverpool,1,2,A,1,1,D,M Dean,10,26,7,14,9,13,0,0,0,0,2020-21
E0,16/05/2021,Everton,Sheffield United,0,1,A,0,1,A,A Moss,16,10,8,12,11,4,1,3,0,0,2020-21
E0,18/05/2021,Man United,Fulham,1,1,D,1,0,H,L Mason,13,8,10,15,6,1,2,3,0,0,2020-21
E0,18/05/2021,Southampton,Leeds,0,2,A,0,0,D,P Bankes,18,15,10,12,4,5,0,3,0,0,2020-21
E0,18/05/2021,Brighton,Man City,3,2,H,0,1,A,S Attwell,19,8,13,11,5,3,3,3,0,1,2020-21
E0,18/05/2021,Chelsea,Leicester,2,1,H,0,0,D,M Dean,17,7,15,16,6,5,2,4,0,0,2020-21
E0,19/05/2021,Everton,Wolves,1,0,H,0,0,D,A Madley,14,9,11,11,7,12,0,2,0,0,2020-21
E0,19/05/2021,Newcastle,Sheffield United,1,0,H,1,0,H,R Jones,16,11,7,7,5,2,0,2,0,0,2020-21
E0,19/05/2021,Tottenham,Aston Villa,1,2,A,1,2,A,C Pawson,10,20,14,13,4,5,1,1,0,0,2020-21
E0,19/05/2021,Crystal Palace,Arsenal,1,3,A,0,1,A,A Taylor,12,6,7,7,6,7,2,1,0,0,2020-21
E0,19/05/2021,Burnley,Liverpool,0,3,A,0,1,A,C Kavanagh,10,20,10,7,6,7,0,0,0,0,2020-21
E0,19/05/2021,West Brom,West Ham,1,3,A,1,1,D,M Oliver,14,21,8,11,6,8,2,2,0,0,2020-21
E0,23/05/2021,Arsenal,Brighton,2,0,H,0,0,D,J Moss,16,5,10,8,11,3,0,0,0,0,2020-21
E0,23/05/2021,Aston Villa,Chelsea,2,1,H,1,0,H,S Attwell,6,23,11,12,2,9,3,3,0,1,2020-21
E0,23/05/2021,Fulham,Newcastle,0,2,A,0,1,A,C Kavanagh,14,10,12,6,5,4,1,0,0,0,2020-21
E0,23/05/2021,Leeds,West Brom,3,1,H,2,0,H,D Coote,17,14,12,12,8,3,2,1,0,0,2020-21
E0,23/05/2021,Leicester,Tottenham,2,4,A,1,1,D,A Taylor,10,11,9,8,8,7,0,2,0,0,2020-21
E0,23/05/2021,Liverpool,Crystal Palace,2,0,H,1,0,H,C Pawson,19,5,10,8,14,1,2,2,0,0,2020-21
E0,23/05/2021,Man City,Everton,5,0,H,2,0,H,M Oliver,21,8,8,10,7,5,2,2,0,0,2020-21
E0,23/05/2021,Sheffield United,Burnley,1,0,H,1,0,H,K Friend,12,10,11,1,8,9,3,1,0,0,2020-21
E0,23/05/2021,West Ham,Southampton,3,0,H,2,0,H,M Atkinson,14,17,5,9,2,3,0,3,0,0,2020-21
E0,23/05/2021,Wolves,Man United,1,2,A,1,2,A,M Dean,14,9,14,3,6,2,4,1,0,0,2020-21
E0,13/08/2021,Brentford,Arsenal,2,0,H,1,0,H,M Oliver,8,22,12,8,2,5,0,0,0,0,2021-22
E0,14/08/2021,Man United,Leeds,5,1,H,1,0,H,P Tierney,16,10,11,9,5,4,1,2,0,0,2021-22
E0,14/08/2021,Burnley,Brighton,1,2,A,1,0,H,D Coote,14,14,10,7,7,6,2,1,0,0,2021-22
E0,14/08/2021,Chelsea,Crystal Palace,3,0,H,2,0,H,J Moss,13,4,15,11,5,2,0,0,0,0,2021-22
E0,14/08/2021,Everton,Southampton,3,1,H,0,1,A,A Madley,14,6,13,15,6,8,2,0,0,0,2021-22
E0,14/08/2021,Leicester,Wolves,1,0,H,1,0,H,C Pawson,9,17,6,10,5,4,1,2,0,0,2021-22
E0,14/08/2021,Watford,Aston Villa,3,2,H,2,0,H,M Dean,13,11,18,13,2,4,3,1,0,0,2021-22
E0,14/08/2021,Norwich,Liverpool,0,3,A,0,1,A,A Marriner,14,19,4,14,3,11,1,1,0,0,2021-22
E0,15/08/2021,Newcastle,West Ham,2,4,A,2,1,H,M Atkinson,17,8,4,3,7,6,1,0,0,0,2021-22
E0,15/08/2021,Tottenham,Man City,1,0,H,0,0,D,A Taylor,13,18,11,8,3,11,2,1,0,0,2021-22
E0,21/08/2021,Liverpool,Burnley,2,0,H,1,0,H,M Dean,27,9,6,12,8,4,0,0,0,0,2021-22
E0,21/08/2021,Aston Villa,Newcastle,2,0,H,1,0,H,D Coote,10,9,8,18,3,4,3,4,0,0,2021-22
E0,21/08/2021,Crystal Palace,Brentford,0,0,D,0,0,D,M Atkinson,7,14,12,9,3,5,3,1,0,0,2021-22
E0,21/08/2021,Leeds,Everton,2,2,D,1,1,D,D England,17,17,6,13,8,5,2,4,0,0,2021-22
E0,21/08/2021,Man City,Norwich,5,0,H,2,0,H,G Scott,16,1,13,7,6,1,1,0,0,0,2021-22
E0,21/08/2021,Brighton,Watford,2,0,H,2,0,H,A Taylor,13,10,11,6,7,2,4,0,0,0,2021-22
E0,22/08/2021,Southampton,Man United,1,1,D,1,0,H,C Pawson,8,15,12,10,7,7,2,3,0,0,2021-22
E0,22/08/2021,Wolves,Tottenham,0,1,A,0,1,A,S Attwell,25,8,9,7,5,4,1,4,0,0,2021-22
E0,22/08/2021,Arsenal,Chelsea,0,2,A,0,2,A,P Tierney,6,22,10,4,9,8,3,0,0,0,2021-22
E0,23/08/2021,West Ham,Leicester,4,1,H,1,0,H,M Oliver,13,5,8,8,10,0,0,1,0,1,2021-22
E0,28/08/2021,Man City,Arsenal,5,0,H,3,0,H,M Atkinson,25,1,5,7,14,0,1,2,0,1,2021-22
E0,28/08/2021,Aston Villa,Brentford,1,1,D,1,1,D,P Bankes,7,9,15,14,3,2,3,3,0,0,2021-22
E0,28/08/2021,Brighton,Everton,0,2,A,0,1,A,J Moss,14,14,7,9,4,5,1,2,0,0,2021-22
E0,28/08/2021,Newcastle,Southampton,2,2,D,0,0,D,P Tierney,10,22,11,6,4,4,3,3,0,0,2021-22
E0,28/08/2021,Norwich,Leicester,1,2,A,1,1,D,R Jones,14,9,8,9,9,9,2,1,0,0,2021-22
E0,28/08/2021,West Ham,Crystal Palace,2,2,D,1,0,H,S Attwell,14,9,10,7,5,3,1,0,0,0,2021-22
E0,28/08/2021,Liverpool,Chelsea,1,1,D,1,1,D,A Taylor,24,6,13,4,12,3,0,2,0,1,2021-22
E0,29/08/2021,Burnley,Leeds,1,1,D,0,0,D,M Oliver,12,12,13,9,5,5,4,3,0,0,2021-22
E0,29/08/2021,Tottenham,Watford,1,0,H,1,0,H,A Marriner,15,9,8,14,10,3,3,3,0,0,2021-22
E0,29/08/2021,Wolves,Man United,0,1,A,0,0,D,M Dean,15,10,7,9,5,7,3,4,0,0,2021-22
E0,11/09/2021,Crystal Palace,Tottenham,3,0,H,0,0,D,J Moss,18,2,13,15,8,2,2,1,0,1,2021-22
E0,11/09/2021,Arsenal,Norwich,1,0,H,0,0,D,M Oliver,30,10,9,11,8,4,1,2,0,0,2021-22
E0,11/09/2021,Brentford,Brighton,0,1,A,0,0,D,G Scott,7,4,9,12,1,6,3,2,0,0,2021-22
E0,11/09/2021,Leicester,Man City,0,1,A,0,0,D,P Tierney,6,25,4,11,5,8,1,2,0,0,2021-22
E0,11/09/2021,Man United,Newcastle,4,1,H,1,0,H,A Taylor,21,12,9,2,7,3,1,0,0,0,2021-22
E0,11/09/2021,Southampton,West Ham,0,0,D,0,0,D,D Coote,11,13,10,12,5,4,3,1,0,1,2021-22
E0,11/09/2021,Watford,Wolves,0,2,A,0,0,D,P Bankes,6,14,15,13,6,8,3,3,0,0,2021-22
E0,11/09/2021,Chelsea,Aston Villa,3,0,H,1,0,H,S Attwell,12,18,11,11,4,11,1,4,0,0,2021-22
E0,12/09/2021,Leeds,Liverpool,0,3,A,0,1,A,C Pawson,9,30,9,8,2,11,2,1,1,0,2021-22
E0,13/09/2021,Everton,Burnley,3,1,H,0,0,D,M Atkinson,14,11,3,6,4,6,1,1,0,0,2021-22
E0,17/09/2021,Newcastle,Leeds,1,1,D,1,1,D,M Dean,17,22,9,11,4,5,2,2,0,0,2021-22
E0,18/09/2021,Wolves,Brentford,0,2,A,0,2,A,D England,11,9,10,7,4,2,4,2,0,1,2021-22
E0,18/09/2021,Burnley,Arsenal,0,1,A,0,1,A,A Taylor,18,13,9,8,8,3,2,1,0,0,2021-22
E0,18/09/2021,Liverpool,Crystal Palace,3,0,H,1,0,H,A Madley,25,13,17,11,10,5,3,1,0,0,2021-22
E0,18/09/2021,Man City,Southampton,0,0,D,0,0,D,J Moss,18,10,5,12,8,5,0,2,0,0,2021-22
E0,18/09/2021,Norwich,Watford,1,3,A,1,1,D,R Jones,12,12,10,14,4,8,1,1,0,0,2021-22
E0,18/09/2021,Aston Villa,Everton,3,0,H,0,0,D,C Pawson,15,11,7,10,5,4,1,1,0,0,2021-22
E0,19/09/2021,Brighton,Leicester,2,1,H,1,0,H,S Attwell,12,14,8,10,4,9,2,1,0,0,2021-22
E0,19/09/2021,West Ham,Man United,1,2,A,1,1,D,M Atkinson,13,17,5,8,2,11,0,0,0,0,2021-22
E0,19/09/2021,Tottenham,Chelsea,0,3,A,0,0,D,P Tierney,8,20,4,15,5,11,0,1,0,0,2021-22
E0,25/09/2021,Chelsea,Man City,0,1,A,0,0,D,M Oliver,5,15,12,10,4,13,3,2,0,0,2021-22
E0,25/09/2021,Man United,Aston Villa,0,1,A,0,0,D,M Dean,28,7,9,13,5,5,2,2,0,0,2021-22
E0,25/09/2021,Everton,Norwich,2,0,H,1,0,H,D Coote,11,10,12,9,6,4,2,3,0,0,2021-22
E0,25/09/2021,Leeds,West Ham,1,2,A,1,0,H,K Friend,15,20,10,6,5,7,3,2,0,0,2021-22
E0,25/09/2021,Leicester,Burnley,2,2,D,1,2,A,C Kavanagh,22,9,10,8,8,4,2,4,0,0,2021-22
E0,25/09/2021,Watford,Newcastle,1,1,D,0,1,A,J Gillett,15,20,19,12,5,6,4,3,0,0,2021-22
E0,25/09/2021,Brentford,Liverpool,3,3,D,1,1,D,S Attwell,12,16,8,7,2,11,1,1,0,0,2021-22
E0,26/09/2021,Southampton,Wolves,0,1,A,0,0,D,A Madley,18,5,12,8,5,5,0,0,0,0,2021-22
E0,26/09/2021,Arsenal,Tottenham,3,1,H,3,0,H,C Pawson,12,10,12,13,4,4,2,1,0,0,2021-22
E0,27/09/2021,Crystal Palace,Brighton,1,1,D,1,0,H,A Marriner,8,8,12,10,6,5,2,3,0,0,2021-22
E0,02/10/2021,Man United,Everton,1,1,D,1,0,H,M Oliver,13,12,10,9,10,1,1,1,0,0,2021-22
E0,02/10/2021,Burnley,Norwich,0,0,D,0,0,D,K Friend,14,10,13,3,9,5,5,2,0,0,2021-22
E0,02/10/2021,Chelsea,Southampton,3,1,H,1,0,H,M Atkinson,20,6,11,13,7,2,1,3,0,1,2021-22
E0,02/10/2021,Leeds,Watford,1,0,H,1,0,H,S Hooper,20,5,10,16,6,3,0,3,0,0,2021-22
E0,02/10/2021,Wolves,Newcastle,2,1,H,1,1,D,G Scott,7,8,15,5,0,4,0,2,0,0,2021-22
E0,02/10/2021,Brighton,Arsenal,0,0,D,0,0,D,J Moss,21,8,8,5,8,5,2,1,0,0,2021-22
E0,03/10/2021,Crystal Palace,Leicester,2,2,D,0,2,A,A Taylor,18,9,15,11,1,3,2,3,0,0,2021-22
E0,03/10/2021,Tottenham,Aston Villa,2,1,H,1,0,H,C Kavanagh,17,14,11,14,5,8,2,1,0,0,2021-22
E0,03/10/2021,West Ham,Brentford,1,2,A,0,1,A,P Bankes,18,13,16,13,11,6,2,3,0,0,2021-22
E0,03/10/2021,Liverpool,Man City,2,2,D,0,0,D,P Tierney,6,12,10,12,3,4,3,3,0,0,2021-22
E0,16/10/2021,Watford,Liverpool,0,5,A,0,2,A,J Moss,6,19,4,10,1,9,0,0,0,0,2021-22
E0,16/10/2021,Aston Villa,Wolves,2,3,A,0,0,D,M Oliver,14,9,8,17,6,7,2,3,0,0,2021-22
E0,16/10/2021,Leicester,Man United,4,2,H,1,1,D,C Pawson,22,18,5,17,4,3,0,3,0,0,2021-22
E0,16/10/2021,Man City,Burnley,2,0,H,1,0,H,M Atkinson,15,7,11,5,6,2,1,0,0,0,2021-22
E0,16/10/2021,Norwich,Brighton,0,0,D,0,0,D,P Bankes,15,11,5,14,8,4,3,5,0,0,2021-22
E0,16/10/2021,Southampton,Leeds,1,0,H,0,0,D,D Coote,19,3,16,14,8,1,2,3,0,0,2021-22
E0,16/10/2021,Brentford,Chelsea,0,1,A,0,1,A,A Taylor,17,5,13,8,5,5,1,1,0,0,2021-22
E0,17/10/2021,Everton,West Ham,0,1,A,0,0,D,S Attwell,15,16,3,3,7,9,0,2,0,0,2021-22
E0,17/10/2021,Newcastle,Tottenham,2,3,A,1,3,A,A Marriner,7,14,13,4,2,9,4,1,1,0,2021-22
E0,18/10/2021,Arsenal,Crystal Palace,2,2,D,1,0,H,M Dean,17,9,7,4,6,4,1,1,0,0,2021-22
E0,22/10/2021,Arsenal,Aston Villa,3,1,H,2,0,H,C Pawson,22,10,17,10,7,4,2,5,0,0,2021-22
E0,23/10/2021,Chelsea,Norwich,7,0,H,3,0,H,A Madley,23,3,14,16,5,0,0,2,0,1,2021-22
E0,23/10/2021,Crystal Palace,Newcastle,1,1,D,0,0,D,D England,15,6,13,9,3,7,3,4,0,0,2021-22
E0,23/10/2021,Everton,Watford,2,5,A,1,1,D,G Scott,15,20,9,13,3,5,4,3,0,0,2021-22
E0,23/10/2021,Leeds,Wolves,1,1,D,0,1,A,R Jones,18,8,15,14,6,3,2,3,0,0,2021-22
E0,23/10/2021,Southampton,Burnley,2,2,D,1,1,D,C Kavanagh,16,9,10,11,6,2,1,3,0,0,2021-22
E0,23/10/2021,Brighton,Man City,1,4,A,0,3,A,K Friend,10,23,10,6,7,6,2,3,0,0,2021-22
E0,24/10/2021,Brentford,Leicester,1,2,A,0,1,A,S Hooper,15,10,13,7,9,2,1,1,0,0,2021-22
E0,24/10/2021,West Ham,Tottenham,1,0,H,0,0,D,P Tierney,13,7,11,4,2,4,2,1,0,0,2021-22
E0,24/10/2021,Man United,Liverpool,0,5,A,0,4,A,A Taylor,12,19,10,8,6,3,6,0,1,0,2021-22
E0,30/10/2021,Leicester,Arsenal,0,2,A,0,2,A,M Oliver,16,9,8,11,7,6,2,0,0,0,2021-22
E0,30/10/2021,Burnley,Brentford,3,1,H,3,0,H,J Moss,15,12,7,10,4,2,1,1,0,0,2021-22
E0,30/10/2021,Liverpool,Brighton,2,2,D,2,1,H,M Dean,14,9,8,5,5,3,2,2,0,0,2021-22
E0,30/10/2021,Man City,Crystal Palace,0,2,A,0,1,A,A Marriner,14,8,11,11,7,1,2,3,1,0,2021-22
E0,30/10/2021,Newcastle,Chelsea,0,3,A,0,0,D,P Tierney,6,19,14,12,0,2,3,2,0,0,2021-22
E0,30/10/2021,Watford,Southampton,0,1,A,0,1,A,P Bankes,10,12,16,6,5,8,2,2,0,0,2021-22
E0,30/10/2021,Tottenham,Man United,0,3,A,0,1,A,S Attwell,9,10,12,14,10,2,2,3,0,0,2021-22
E0,31/10/2021,Norwich,Leeds,1,2,A,0,0,D,A Taylor,14,13,14,23,5,0,1,4,0,0,2021-22
E0,31/10/2021,Aston Villa,West Ham,1,4,A,1,2,A,C Kavanagh,9,21,7,13,3,6,1,2,1,0,2021-22
E0,01/11/2021,Wolves,Everton,2,1,H,2,0,H,M Atkinson,10,14,10,8,4,3,1,1,0,0,2021-22
E0,05/11/2021,Southampton,Aston Villa,1,0,H,1,0,H,A Madley,9,14,12,12,10,8,2,2,0,0,2021-22
E0,06/11/2021,Man United,Man City,0,2,A,0,2,A,M Oliver,5,16,9,12,1,9,1,2,0,0,2021-22
E0,06/11/2021,Brentford,Norwich,1,2,A,0,2,A,J Gillett,19,9,12,13,6,2,2,3,0,0,2021-22
E0,06/11/2021,Chelsea,Burnley,1,1,D,1,0,H,A Marriner,25,5,6,9,14,2,1,4,0,0,2021-22
E0,06/11/2021,Crystal Palace,Wolves,2,0,H,0,0,D,G Scott,13,4,14,13,4,6,2,1,0,0,2021-22
E0,06/11/2021,Brighton,Newcastle,1,1,D,1,0,H,D Coote,14,6,16,10,2,5,3,4,1,0,2021-22
E0,07/11/2021,Arsenal,Watford,1,0,H,0,0,D,K Friend,14,7,6,19,4,2,4,2,0,1,2021-22
E0,07/11/2021,Everton,Tottenham,0,0,D,0,0,D,C Kavanagh,12,8,13,17,4,2,2,4,1,0,2021-22
E0,07/11/2021,Leeds,Leicester,1,1,D,1,1,D,D England,18,9,12,5,10,5,1,1,0,0,2021-22
E0,07/11/2021,West Ham,Liverpool,3,2,H,1,1,D,C Pawson,7,16,11,6,3,2,1,1,0,0,2021-22
E0,20/11/2021,Leicester,Chelsea,0,3,A,0,2,A,P Tierney,4,16,15,8,3,5,3,1,0,0,2021-22
E0,20/11/2021,Aston Villa,Brighton,2,0,H,0,0,D,A Taylor,9,6,7,13,5,7,3,3,0,0,2021-22
E0,20/11/2021,Burnley,Crystal Palace,3,3,D,2,3,A,S Hooper,15,18,14,15,3,6,2,3,0,0,2021-22
E0,20/11/2021,Newcastle,Brentford,3,3,D,2,2,D,R Jones,23,10,13,11,8,2,2,2,0,0,2021-22
E0,20/11/2021,Norwich,Southampton,2,1,H,1,1,D,M Atkinson,8,17,8,9,5,7,3,2,0,0,2021-22
E0,20/11/2021,Watford,Man United,4,1,H,2,0,H,J Moss,20,9,7,5,9,3,2,1,0,1,2021-22
E0,20/11/2021,Wolves,West Ham,1,0,H,0,0,D,M Dean,15,8,6,9,7,3,1,1,0,0,2021-22
E0,20/11/2021,Liverpool,Arsenal,4,0,H,1,0,H,M Oliver,19,5,15,12,6,1,2,0,0,0,2021-22
E0,21/11/2021,Man City,Everton,3,0,H,1,0,H,S Attwell,17,4,5,7,7,1,1,1,0,0,2021-22
E0,21/11/2021,Tottenham,Leeds,2,1,H,0,1,A,A Marriner,13,18,11,12,4,8,1,4,0,0,2021-22
E0,27/11/2021,Arsenal,Newcastle,2,0,H,0,0,D,S Attwell,24,9,6,12,4,4,1,3,0,0,2021-22
E0,27/11/2021,Crystal Palace,Aston Villa,1,2,A,0,1,A,M Salisbury,8,10,12,10,7,3,3,3,0,0,2021-22
E0,27/11/2021,Liverpool,Southampton,4,0,H,3,0,H,A Marriner,20,7,7,14,5,7,0,1,0,0,2021-22
E0,27/11/2021,Norwich,Wolves,0,0,D,0,0,D,S Hooper,14,5,11,10,4,3,2,2,0,0,2021-22
E0,27/11/2021,Brighton,Leeds,0,0,D,0,0,D,C Pawson,20,11,12,14,6,1,1,3,0,0,2021-22
E0,28/11/2021,Brentford,Everton,1,0,H,1,0,H,D England,6,14,8,11,3,3,4,3,0,0,2021-22
E0,28/11/2021,Leicester,Watford,4,2,H,3,1,H,A Madley,18,16,5,19,8,6,0,0,0,0,2021-22
E0,28/11/2021,Man City,West Ham,2,1,H,1,0,H,M Oliver,19,5,7,6,8,4,2,0,0,0,2021-22
E0,28/11/2021,Chelsea,Man United,1,1,D,0,0,D,A Taylor,24,3,13,14,15,2,2,5,0,0,2021-22
E0,30/11/2021,Newcastle,Norwich,1,1,D,0,0,D,A Madley,9,16,8,11,2,5,0,0,0,1,2021-22
E0,30/11/2021,Leeds,Crystal Palace,1,0,H,0,0,D,K Friend,15,9,15,15,7,4,5,3,0,0,2021-22
E0,01/12/2021,Southampton,Leicester,2,2,D,2,1,H,R Jones,15,15,14,11,2,4,1,3,0,0,2021-22
E0,01/12/2021,Watford,Chelsea,1,2,A,1,1,D,D Coote,13,8,18,16,6,0,4,3,0,0,2021-22
E0,01/12/2021,West Ham,Brighton,1,1,D,1,0,H,C Kavanagh,14,9,10,8,9,5,1,1,0,0,2021-22
E0,01/12/2021,Wolves,Burnley,0,0,D,0,0,D,J Brooks,16,6,5,7,5,5,2,3,0,0,2021-22
E0,01/12/2021,Aston Villa,Man City,1,2,A,0,2,A,M Dean,9,17,8,12,4,11,0,0,0,0,2021-22
E0,01/12/2021,Everton,Liverpool,1,4,A,1,2,A,P Tierney,8,16,8,16,3,11,4,3,0,0,2021-22
E0,02/12/2021,Tottenham,Brentford,2,0,H,1,0,H,J Moss,11,6,13,11,11,5,0,0,0,0,2021-22
E0,02/12/2021,Man United,Arsenal,3,2,H,1,1,D,M Atkinson,14,17,9,10,3,8,1,0,0,0,2021-22
E0,04/12/2021,West Ham,Chelsea,3,2,H,1,2,A,A Marriner,11,19,10,10,1,9,1,3,0,0,2021-22
E0,04/12/2021,Newcastle,Burnley,1,0,H,1,0,H,P Tierney,19,10,11,9,10,3,1,1,0,0,2021-22
E0,04/12/2021,Southampton,Brighton,1,1,D,1,0,H,A Taylor,14,14,15,12,6,2,4,2,0,0,2021-22
E0,04/12/2021,Wolves,Liverpool,0,1,A,0,0,D,C Kavanagh,3,17,4,7,2,8,2,2,0,0,2021-22
E0,04/12/2021,Watford,Man City,1,3,A,0,2,A,S Hooper,11,26,10,7,5,11,3,0,0,0,2021-22
E0,05/12/2021,Leeds,Brentford,2,2,D,1,0,H,D Coote,13,9,11,9,5,1,5,3,0,0,2021-22
E0,05/12/2021,Man United,Crystal Palace,1,0,H,0,0,D,C Pawson,16,8,16,9,9,6,2,2,0,0,2021-22
E0,05/12/2021,Tottenham,Norwich,3,0,H,1,0,H,J Gillett,17,10,11,4,6,4,1,2,0,0,2021-22
E0,05/12/2021,Aston Villa,Leicester,2,1,H,1,1,D,M Oliver,13,12,8,25,3,6,1,1,0,0,2021-22
E0,06/12/2021,Everton,Arsenal,2,1,H,0,1,A,M Dean,11,10,8,12,3,3,2,2,0,0,2021-22
E0,10/12/2021,Brentford,Watford,2,1,H,0,1,A,M Oliver,14,6,12,18,8,2,4,0,0,0,2021-22
E0,11/12/2021,Man City,Wolves,1,0,H,0,0,D,J Moss,24,2,12,5,14,1,3,2,0,1,2021-22
E0,11/12/2021,Arsenal,Southampton,3,0,H,2,0,H,J Gillett,15,11,5,9,9,8,2,0,0,0,2021-22
E0,11/12/2021,Chelsea,Leeds,3,2,H,1,1,D,C Kavanagh,16,12,9,15,5,2,2,5,0,0,2021-22
E0,11/12/2021,Liverpool,Aston Villa,1,0,H,0,0,D,S Attwell,20,4,13,6,11,3,1,2,0,0,2021-22
E0,11/12/2021,Norwich,Man United,0,1,A,0,0,D,D England,11,13,6,17,8,6,1,1,0,0,2021-22
E0,12/12/2021,Burnley,West Ham,0,0,D,0,0,D,G Scott,9,16,13,11,6,4,2,1,0,0,2021-22
E0,12/12/2021,Leicester,Newcastle,4,0,H,1,0,H,P Bankes,8,12,9,16,4,6,2,3,0,0,2021-22
E0,12/12/2021,Crystal Palace,Everton,3,1,H,1,0,H,A Madley,17,12,15,14,8,2,0,2,0,0,2021-22
E0,14/12/2021,Norwich,Aston Villa,0,2,A,0,1,A,D Coote,7,17,12,9,7,10,3,1,0,0,2021-22
E0,14/12/2021,Man City,Leeds,7,0,H,3,0,H,P Tierney,31,6,5,9,6,2,1,1,0,0,2021-22
E0,15/12/2021,Brighton,Wolves,0,1,A,0,1,A,T Harrington,12,8,11,14,7,4,2,0,0,0,2021-22
E0,15/12/2021,Crystal Palace,Southampton,2,2,D,1,2,A,S Hooper,9,15,16,20,4,6,2,4,0,0,2021-22
E0,15/12/2021,Arsenal,West Ham,2,0,H,0,0,D,A Taylor,21,7,8,9,5,2,2,0,0,1,2021-22
E0,16/12/2021,Chelsea,Everton,1,1,D,0,0,D,M Oliver,23,5,11,11,7,1,2,3,0,0,2021-22
E0,16/12/2021,Liverpool,Newcastle,3,1,H,2,1,H,M Dean,23,4,9,4,11,0,1,3,0,0,2021-22
E0,18/12/2021,Leeds,Arsenal,1,4,A,0,3,A,A Marriner,9,21,11,7,1,4,3,1,0,0,2021-22
E0,19/12/2021,Newcastle,Man City,0,4,A,0,2,A,M Atkinson,5,18,9,6,3,6,1,2,0,0,2021-22
E0,19/12/2021,Wolves,Chelsea,0,0,D,0,0,D,D Coote,4,8,9,7,4,9,0,2,0,0,2021-22
E0,19/12/2021,Tottenham,Liverpool,2,2,D,1,1,D,P Tierney,10,18,12,11,6,4,4,4,0,1,2021-22
E0,26/12/2021,Man City,Leicester,6,3,H,4,0,H,C Kavanagh,17,14,11,9,14,4,1,2,0,0,2021-22
E0,26/12/2021,Norwich,Arsenal,0,5,A,0,2,A,G Scott,4,16,13,7,3,5,1,2,0,0,2021-22
E0,26/12/2021,Tottenham,Crystal Palace,3,0,H,2,0,H,J Moss,17,4,16,10,4,2,1,1,0,1,2021-22
E0,26/12/2021,West Ham,Southampton,2,3,A,0,1,A,K Friend,11,11,10,9,10,2,2,3,0,0,2021-22
E0,26/12/2021,Aston Villa,Chelsea,1,3,A,1,1,D,M Atkinson,8,10,8,11,2,5,3,1,0,0,2021-22
E0,26/12/2021,Brighton,Brentford,2,0,H,2,0,H,D England,15,16,8,10,6,9,1,3,0,0,2021-22
E0,27/12/2021,Newcastle,Man United,1,1,D,1,0,H,C Pawson,13,13,11,8,2,4,3,3,0,0,2021-22
E0,28/12/2021,Crystal Palace,Norwich,3,0,H,3,0,H,P Tierney,19,12,9,13,8,8,1,2,0,0,2021-22
E0,28/12/2021,Southampton,Tottenham,1,1,D,1,1,D,A Taylor,9,21,15,5,3,7,2,2,1,0,2021-22
E0,28/12/2021,Watford,West Ham,1,4,A,1,2,A,D England,14,13,12,12,4,5,0,1,0,0,2021-22
E0,28/12/2021,Leicester,Liverpool,1,0,H,0,0,D,M Oliver,6,21,8,11,1,12,0,1,0,0,2021-22
E0,29/12/2021,Chelsea,Brighton,1,1,D,1,0,H,M Dean,11,18,14,7,10,8,4,1,0,0,2021-22
E0,29/12/2021,Brentford,Man City,0,1,A,0,1,A,D Coote,6,12,12,10,3,5,0,0,0,0,2021-22
E0,30/12/2021,Man United,Burnley,3,1,H,3,1,H,J Moss,18,10,5,10,7,5,0,0,0,0,2021-22
E0,01/01/2022,Arsenal,Man City,1,2,A,1,0,H,S Attwell,7,15,13,5,5,5,3,2,1,0,2021-22
E0,01/01/2022,Watford,Tottenham,0,1,A,0,0,D,R Jones,6,21,6,9,3,7,0,1,0,0,2021-22
E0,01/01/2022,Crystal Palace,West Ham,2,3,A,0,3,A,D England,22,10,6,16,9,1,0,2,0,0,2021-22
E0,02/01/2022,Brentford,Aston Villa,2,1,H,1,1,D,C Pawson,10,16,17,11,3,7,2,2,0,0,2021-22
E0,02/01/2022,Everton,Brighton,2,3,A,0,2,A,J Brooks,17,12,5,12,8,5,1,1,0,0,2021-22
E0,02/01/2022,Leeds,Burnley,3,1,H,1,0,H,P Tierney,22,8,11,7,9,3,2,1,0,0,2021-22
E0,02/01/2022,Chelsea,Liverpool,2,2,D,2,2,D,A Taylor,15,10,5,13,6,7,1,2,0,0,2021-22
E0,03/01/2022,Man United,Wolves,0,1,A,0,0,D,M Dean,9,19,9,8,3,8,3,1,0,0,2021-22
E0,11/01/2022,Southampton,Brentford,4,1,H,2,1,H,S Attwell,12,5,9,8,5,2,0,1,0,0,2021-22
E0,12/01/2022,West Ham,Norwich,2,0,H,1,0,H,S Hooper,13,7,9,8,11,2,0,0,0,0,2021-22
E0,14/01/2022,Brighton,Crystal Palace,1,1,D,0,0,D,R Jones,19,3,11,7,9,0,0,2,0,0,2021-22
E0,15/01/2022,Man City,Chelsea,1,0,H,0,0,D,C Pawson,11,4,11,6,9,1,0,2,0,0,2021-22
E0,15/01/2022,Newcastle,Watford,1,1,D,0,0,D,P Tierney,12,18,13,13,4,6,3,2,0,0,2021-22
E0,15/01/2022,Norwich,Everton,2,1,H,2,0,H,A Madley,14,12,12,14,8,8,3,1,0,0,2021-22
E0,15/01/2022,Wolves,Southampton,3,1,H,1,0,H,M Salisbury,9,13,13,14,2,10,2,3,0,0,2021-22
E0,15/01/2022,Aston Villa,Man United,2,2,D,0,1,A,D Coote,13,13,8,13,3,6,1,2,0,0,2021-22
E0,16/01/2022,Liverpool,Brentford,3,0,H,1,0,H,J Moss,27,6,6,6,9,0,0,1,0,0,2021-22
E0,16/01/2022,West Ham,Leeds,2,3,A,1,2,A,M Dean,15,18,6,9,4,3,3,2,0,0,2021-22
E0,18/01/2022,Brighton,Chelsea,1,1,D,0,1,A,K Friend,10,15,8,5,5,7,1,2,0,0,2021-22
E0,19/01/2022,Leicester,Tottenham,2,3,A,1,1,D,J Moss,14,27,6,12,3,8,1,2,0,0,2021-22
E0,19/01/2022,Brentford,Man United,1,3,A,0,0,D,A Marriner,18,13,7,9,6,9,0,0,0,0,2021-22
E0,21/01/2022,Watford,Norwich,0,3,A,0,0,D,M Dean,15,7,16,11,5,1,0,1,1,0,2021-22
E0,22/01/2022,Everton,Aston Villa,0,1,A,0,1,A,C Pawson,15,8,14,16,9,2,5,3,0,0,2021-22
E0,22/01/2022,Brentford,Wolves,1,2,A,0,0,D,P Bankes,11,7,6,7,6,3,2,3,0,0,2021-22
E0,22/01/2022,Leeds,Newcastle,0,1,A,0,0,D,C Kavanagh,13,15,9,9,6,7,4,2,0,0,2021-22
E0,22/01/2022,Man United,West Ham,1,0,H,0,0,D,J Moss,18,6,9,8,3,3,1,1,0,0,2021-22
E0,22/01/2022,Southampton,Man City,1,1,D,1,0,H,S Hooper,7,20,13,5,2,11,3,0,0,0,2021-22
E0,23/01/2022,Arsenal,Burnley,0,0,D,0,0,D,D Coote,20,10,9,13,12,4,0,2,0,0,2021-22
E0,23/01/2022,Crystal Palace,Liverpool,1,3,A,0,2,A,K Friend,8,15,12,10,2,5,4,1,0,0,2021-22
E0,23/01/2022,Leicester,Brighton,1,1,D,0,0,D,M Atkinson,15,14,6,8,4,5,0,1,0,0,2021-22
E0,23/01/2022,Chelsea,Tottenham,2,0,H,0,0,D,P Tierney,15,6,17,14,10,3,2,1,0,0,2021-22
E0,05/02/2022,Burnley,Watford,0,0,D,0,0,D,C Pawson,13,11,16,9,4,7,1,2,0,0,2021-22
E0,08/02/2022,Newcastle,Everton,3,1,H,1,1,D,A Taylor,20,11,13,13,6,2,2,3,0,0,2021-22
E0,08/02/2022,West Ham,Watford,1,0,H,0,0,D,M Atkinson,9,6,1,6,5,6,1,0,0,0,2021-22
E0,08/02/2022,Burnley,Man United,1,1,D,0,1,A,M Dean,9,22,11,10,2,10,2,1,0,0,2021-22
E0,09/02/2022,Man City,Brentford,2,0,H,1,0,H,D England,15,6,7,13,9,3,0,0,0,0,2021-22
E0,09/02/2022,Norwich,Crystal Palace,1,1,D,1,0,H,P Tierney,5,13,11,15,4,6,1,2,0,0,2021-22
E0,09/02/2022,Tottenham,Southampton,2,3,A,1,1,D,D Coote,8,23,7,13,2,8,2,3,0,0,2021-22
E0,09/02/2022,Aston Villa,Leeds,3,3,D,3,2,H,J Gillett,12,16,11,9,6,11,1,3,1,0,2021-22
E0,10/02/2022,Liverpool,Leicester,2,0,H,1,0,H,C Kavanagh,22,5,11,7,7,6,1,0,0,0,2021-22
E0,10/02/2022,Wolves,Arsenal,0,1,A,0,1,A,M Oliver,15,12,12,13,7,4,2,3,0,1,2021-22
E0,12/02/2022,Man United,Southampton,1,1,D,1,0,H,S Attwell,12,13,12,13,1,4,4,0,0,0,2021-22
E0,12/02/2022,Brentford,Crystal Palace,0,0,D,0,0,D,S Hooper,9,6,10,10,3,9,1,0,0,0,2021-22
E0,12/02/2022,Everton,Leeds,3,0,H,2,0,H,G Scott,21,7,8,9,5,3,1,1,0,0,2021-22
E0,12/02/2022,Watford,Brighton,0,2,A,0,1,A,J Moss,9,11,16,9,4,5,3,2,0,0,2021-22
E0,12/02/2022,Norwich,Man City,0,4,A,0,1,A,A Marriner,8,22,7,8,4,12,0,2,0,0,2021-22
E0,13/02/2022,Burnley,Liverpool,0,1,A,0,1,A,M Atkinson,8,12,7,6,5,8,0,1,0,0,2021-22
E0,13/02/2022,Newcastle,Aston Villa,1,0,H,1,0,H,C Pawson,10,11,22,15,3,6,3,4,0,0,2021-22
E0,13/02/2022,Tottenham,Wolves,0,2,A,0,2,A,K Friend,17,11,13,13,7,3,3,1,0,0,2021-22
E0,13/02/2022,Leicester,West Ham,2,2,D,1,1,D,M Oliver,13,8,10,9,5,4,1,2,0,0,2021-22
E0,15/02/2022,Man United,Brighton,2,0,H,0,0,D,P Bankes,19,10,8,10,10,2,3,1,0,1,2021-22
E0,19/02/2022,West Ham,Newcastle,1,1,D,1,1,D,C Kavanagh,11,14,3,7,3,7,3,3,0,0,2021-22
E0,19/02/2022,Arsenal,Brentford,2,1,H,0,0,D,J Moss,24,6,10,5,14,0,1,1,0,0,2021-22
E0,19/02/2022,Aston Villa,Watford,0,1,A,0,0,D,R Jones,20,8,12,7,10,5,1,2,0,0,2021-22
E0,19/02/2022,Brighton,Burnley,0,3,A,0,2,A,K Friend,11,10,12,12,4,4,1,4,0,0,2021-22
E0,19/02/2022,Crystal Palace,Chelsea,0,1,A,0,0,D,D Coote,7,9,4,20,4,4,1,3,0,0,2021-22
E0,19/02/2022,Liverpool,Norwich,3,1,H,0,0,D,M Dean,29,6,7,8,9,4,0,1,0,0,2021-22
E0,19/02/2022,Southampton,Everton,2,0,H,0,0,D,A Madley,19,9,6,9,4,4,0,2,0,0,2021-22
E0,19/02/2022,Man City,Tottenham,2,3,A,1,1,D,A Taylor,21,6,5,7,10,0,0,3,0,0,2021-22
E0,20/02/2022,Leeds,Man United,2,4,A,0,2,A,P Tierney,16,15,13,19,3,3,6,3,0,0,2021-22
E0,20/02/2022,Wolves,Leicester,2,1,H,1,1,D,C Pawson,11,17,12,9,7,10,4,4,0,0,2021-22
E0,23/02/2022,Burnley,Tottenham,1,0,H,0,0,D,G Scott,15,12,8,8,3,7,0,0,0,0,2021-22
E0,23/02/2022,Watford,Crystal Palace,1,4,A,1,2,A,A Marriner,8,7,12,9,6,4,2,1,0,0,2021-22
E0,23/02/2022,Liverpool,Leeds,6,0,H,3,0,H,M Oliver,23,3,5,11,4,0,0,3,0,0,2021-22
E0,24/02/2022,Arsenal,Wolves,2,1,H,0,1,A,M Atkinson,26,6,8,9,5,4,1,1,0,0,2021-22
E0,25/02/2022,Southampton,Norwich,2,0,H,1,0,H,S Hooper,27,8,12,9,13,6,1,2,0,0,2021-22
E0,26/02/2022,Leeds,Tottenham,0,4,A,0,3,A,C Pawson,19,15,16,11,3,6,4,2,0,0,2021-22
E0,26/02/2022,Brentford,Newcastle,0,2,A,0,2,A,M Dean,6,26,9,7,6,6,3,1,1,0,2021-22
E0,26/02/2022,Crystal Palace,Burnley,1,1,D,1,0,H,J Moss,11,5,5,17,5,4,0,2,0,0,2021-22
E0,26/02/2022,Man United,Watford,0,0,D,0,0,D,K Friend,22,10,2,7,4,3,0,0,0,0,2021-22
E0,26/02/2022,Brighton,Aston Villa,0,2,A,0,1,A,J Brooks,12,9,17,11,7,2,4,5,0,0,2021-22
E0,26/02/2022,Everton,Man City,0,1,A,0,0,D,P Tierney,6,13,7,14,3,4,3,2,0,0,2021-22
E0,27/02/2022,West Ham,Wolves,1,0,H,0,0,D,A Taylor,13,14,8,2,3,5,1,0,0,0,2021-22
E0,01/03/2022,Burnley,Leicester,0,2,A,0,0,D,C Kavanagh,9,22,10,13,6,8,1,1,0,0,2021-22
E0,05/03/2022,Leicester,Leeds,1,0,H,0,0,D,D Coote,7,19,9,12,5,10,1,2,0,0,2021-22
E0,05/03/2022,Aston Villa,Southampton,4,0,H,2,0,H,P Bankes,14,11,10,8,4,7,1,1,0,0,2021-22
E0,05/03/2022,Burnley,Chelsea,0,4,A,0,0,D,A Marriner,6,11,12,7,5,2,2,0,0,0,2021-22
E0,05/03/2022,Newcastle,Brighton,2,1,H,2,0,H,M Atkinson,10,15,8,10,4,7,1,1,0,0,2021-22
E0,05/03/2022,Norwich,Brentford,1,3,A,0,1,A,A Taylor,15,10,13,18,5,5,2,5,0,0,2021-22
E0,05/03/2022,Wolves,Crystal Palace,0,2,A,0,2,A,A Madley,12,12,13,8,7,7,0,3,0,0,2021-22
E0,05/03/2022,Liverpool,West Ham,1,0,H,1,0,H,J Moss,22,13,7,7,4,6,2,1,0,0,2021-22
E0,06/03/2022,Watford,Arsenal,2,3,A,1,2,A,C Pawson,13,16,5,11,1,5,1,2,0,0,2021-22
E0,06/03/2022,Man City,Man United,4,1,H,2,1,H,M Oliver,24,5,10,14,9,3,0,1,0,0,2021-22
E0,07/03/2022,Tottenham,Everton,5,0,H,3,0,H,S Attwell,14,6,15,10,5,2,2,0,0,0,2021-22
E0,10/03/2022,Norwich,Chelsea,1,3,A,0,2,A,M Atkinson,9,15,8,15,3,8,0,2,0,0,2021-22
E0,10/03/2022,Southampton,Newcastle,1,2,A,1,1,D,K Friend,14,8,6,7,12,5,1,1,0,0,2021-22
E0,10/03/2022,Wolves,Watford,4,0,H,2,0,H,D England,10,9,11,10,5,2,2,2,0,0,2021-22
E0,10/03/2022,Leeds,Aston Villa,0,3,A,0,1,A,S Hooper,4,15,17,11,3,5,5,3,0,0,2021-22
E0,12/03/2022,Brighton,Liverpool,0,2,A,0,1,A,M Dean,8,18,12,15,7,6,3,1,0,0,2021-22
E0,12/03/2022,Brentford,Burnley,2,0,H,0,0,D,P Tierney,13,7,6,10,2,9,1,1,0,1,2021-22
E0,12/03/2022,Man United,Tottenham,3,2,H,2,1,H,J Moss,10,10,8,7,4,5,2,1,0,0,2021-22
E0,13/03/2022,Chelsea,Newcastle,1,0,H,0,0,D,D Coote,8,7,17,16,7,2,4,3,0,0,2021-22
E0,13/03/2022,Everton,Wolves,0,1,A,0,0,D,M Oliver,8,14,13,11,5,2,2,1,1,0,2021-22
E0,13/03/2022,Leeds,Norwich,2,1,H,1,0,H,S Attwell,13,12,18,8,6,2,3,1,0,0,2021-22
E0,13/03/2022,Southampton,Watford,1,2,A,1,2,A,G Scott,13,9,8,12,11,3,3,2,0,0,2021-22
E0,13/03/2022,West Ham,Aston Villa,2,1,H,0,0,D,J Gillett,11,13,9,3,5,7,1,0,0,0,2021-22
E0,13/03/2022,Arsenal,Leicester,2,0,H,1,0,H,A Taylor,21,6,8,10,2,6,0,3,0,0,2021-22
E0,14/03/2022,Crystal Palace,Man City,0,0,D,0,0,D,M Atkinson,7,18,6,11,2,6,3,1,0,0,2021-22
E0,16/03/2022,Brighton,Tottenham,0,2,A,0,1,A,R Jones,15,17,11,9,6,3,2,2,0,0,2021-22
E0,16/03/2022,Arsenal,Liverpool,0,2,A,0,0,D,A Marriner,9,9,9,9,1,6,0,1,0,0,2021-22
E0,17/03/2022,Everton,Newcastle,1,0,H,0,0,D,C Pawson,9,17,13,11,5,7,2,1,1,0,2021-22
E0,18/03/2022,Wolves,Leeds,2,3,A,2,0,H,K Friend,14,15,13,14,2,5,1,4,1,0,2021-22
E0,19/03/2022,Aston Villa,Arsenal,0,1,A,0,1,A,A Madley,8,10,13,14,6,5,3,3,0,0,2021-22
E0,20/03/2022,Leicester,Brentford,2,1,H,2,0,H,D England,12,15,10,10,2,5,1,2,0,0,2021-22
E0,20/03/2022,Tottenham,West Ham,3,1,H,2,1,H,A Taylor,17,6,7,7,5,3,0,1,0,0,2021-22
E0,02/04/2022,Liverpool,Watford,2,0,H,1,0,H,S Attwell,20,5,9,8,9,3,1,1,0,0,2021-22
E0,02/04/2022,Brighton,Norwich,0,0,D,0,0,D,S Hooper,31,6,12,11,11,2,1,1,0,0,2021-22
E0,02/04/2022,Burnley,Man City,0,2,A,0,2,A,C Pawson,3,18,11,6,1,8,1,0,0,0,2021-22
E0,02/04/2022,Chelsea,Brentford,1,4,A,0,0,D,A Madley,21,17,11,7,12,7,0,0,0,0,2021-22
E0,02/04/2022,Leeds,Southampton,1,1,D,1,0,H,A Taylor,12,14,14,7,4,7,1,1,0,0,2021-22
E0,02/04/2022,Wolves,Aston Villa,2,1,H,2,0,H,D England,11,15,15,8,4,9,4,3,0,0,2021-22
E0,02/04/2022,Man United,Leicester,1,1,D,0,0,D,A Marriner,11,11,13,6,6,5,2,2,0,0,2021-22
E0,03/04/2022,West Ham,Everton,2,1,H,1,0,H,M Oliver,11,13,9,12,2,4,1,1,0,1,2021-22
E0,03/04/2022,Tottenham,Newcastle,5,1,H,1,1,D,M Atkinson,19,8,10,7,2,3,2,3,0,0,2021-22
E0,04/04/2022,Crystal Palace,Arsenal,3,0,H,2,0,H,P Tierney,6,12,11,15,0,2,0,2,0,0,2021-22
E0,06/04/2022,Burnley,Everton,3,2,H,1,2,A,M Dean,13,16,11,16,9,6,2,2,0,0,2021-22
E0,08/04/2022,Newcastle,Wolves,1,0,H,0,0,D,P Bankes,12,5,6,13,1,2,1,1,0,0,2021-22
E0,09/04/2022,Everton,Man United,1,0,H,1,0,H,J Moss,7,12,4,10,5,7,2,2,0,0,2021-22
E0,09/04/2022,Arsenal,Brighton,1,2,A,0,1,A,D Coote,20,8,12,19,11,2,3,4,0,0,2021-22
E0,09/04/2022,Southampton,Chelsea,0,6,A,0,4,A,K Friend,4,24,11,10,3,3,1,0,0,0,2021-22
E0,09/04/2022,Watford,Leeds,0,3,A,0,1,A,A Marriner,8,10,8,12,3,8,2,0,0,0,2021-22
E0,09/04/2022,Aston Villa,Tottenham,0,4,A,0,1,A,G Scott,9,11,12,14,9,3,2,3,0,0,2021-22
E0,10/04/2022,Brentford,West Ham,2,0,H,0,0,D,M Atkinson,15,5,2,6,4,6,0,1,0,0,2021-22
E0,10/04/2022,Leicester,Crystal Palace,2,1,H,2,0,H,R Jones,12,11,11,12,3,4,1,1,0,0,2021-22
E0,10/04/2022,Norwich,Burnley,2,0,H,1,0,H,M Oliver,17,18,12,10,6,7,1,1,0,0,2021-22
E0,10/04/2022,Man City,Liverpool,2,2,D,2,1,H,A Taylor,11,6,9,11,4,1,1,4,0,0,2021-22
E0,16/04/2022,Tottenham,Brighton,0,1,A,0,0,D,C Pawson,5,12,14,10,4,4,3,3,0,0,2021-22
E0,16/04/2022,Man United,Norwich,3,2,H,2,1,H,A Madley,20,15,7,6,6,7,0,0,0,0,2021-22
E0,16/04/2022,Southampton,Arsenal,1,0,H,1,0,H,P Bankes,9,23,6,6,6,8,2,1,0,0,2021-22
E0,16/04/2022,Watford,Brentford,1,2,A,0,1,A,S Hooper,17,16,11,9,6,5,2,1,0,0,2021-22
E0,17/04/2022,Newcastle,Leicester,2,1,H,1,1,D,J Gillett,16,8,10,10,3,5,2,2,0,0,2021-22
E0,17/04/2022,West Ham,Burnley,1,1,D,0,1,A,P Tierney,21,9,9,10,13,4,2,2,0,0,2021-22
E0,19/04/2022,Liverpool,Man United,4,0,H,2,0,H,M Atkinson,14,2,3,6,10,2,1,2,0,0,2021-22
E0,20/04/2022,Chelsea,Arsenal,2,4,A,2,2,D,J Moss,11,14,7,6,6,1,3,1,0,0,2021-22
E0,20/04/2022,Everton,Leicester,1,1,D,0,1,A,D Coote,13,11,8,17,5,4,3,1,0,0,2021-22
E0,20/04/2022,Newcastle,Crystal Palace,1,0,H,1,0,H,T Harrington,13,10,12,12,2,5,1,1,0,0,2021-22
E0,20/04/2022,Man City,Brighton,3,0,H,0,0,D,M Dean,17,2,12,7,7,4,0,3,0,0,2021-22
E0,21/04/2022,Burnley,Southampton,2,0,H,2,0,H,S Attwell,16,11,7,7,10,10,2,2,0,0,2021-22
E0,23/04/2022,Arsenal,Man United,3,1,H,2,1,H,C Pawson,14,14,9,12,1,7,3,4,0,0,2021-22
E0,23/04/2022,Leicester,Aston Villa,0,0,D,0,0,D,A Madley,5,11,15,16,7,6,3,2,0,0,2021-22
E0,23/04/2022,Man City,Watford,5,1,H,3,1,H,K Friend,21,5,9,7,11,4,1,0,0,0,2021-22
E0,23/04/2022,Norwich,Newcastle,0,3,A,0,2,A,C Kavanagh,5,13,11,10,2,3,0,2,0,0,2021-22
E0,23/04/2022,Brentford,Tottenham,0,0,D,0,0,D,M Atkinson,15,9,8,7,12,8,2,1,0,0,2021-22
E0,24/04/2022,Brighton,Southampton,2,2,D,2,1,H,R Jones,8,18,12,7,6,6,1,0,0,0,2021-22
E0,24/04/2022,Burnley,Wolves,1,0,H,0,0,D,A Taylor,14,10,8,7,3,6,3,1,0,0,2021-22
E0,24/04/2022,Chelsea,West Ham,1,0,H,0,0,D,M Oliver,26,6,11,9,3,1,1,0,0,1,2021-22
E0,24/04/2022,Liverpool,Everton,2,0,H,0,0,D,S Attwell,18,9,8,8,13,1,2,5,0,0,2021-22
E0,25/04/2022,Crystal Palace,Leeds,0,0,D,0,0,D,D England,17,9,12,13,6,3,2,2,0,0,2021-22
E0,28/04/2022,Man United,Chelsea,1,1,D,0,0,D,M Dean,6,21,9,12,2,9,0,1,0,0,2021-22
E0,30/04/2022,Newcastle,Liverpool,0,1,A,0,1,A,A Marriner,4,24,11,11,0,6,1,3,0,0,2021-22
E0,30/04/2022,Aston Villa,Norwich,2,0,H,1,0,H,J Brooks,21,9,16,8,2,3,4,1,0,0,2021-22
E0,30/04/2022,Southampton,Crystal Palace,1,2,A,1,0,H,J Gillett,8,14,13,11,6,7,1,3,0,0,2021-22
E0,30/04/2022,Watford,Burnley,1,2,A,1,0,H,C Pawson,13,17,13,9,5,6,1,2,0,0,2021-22
E0,30/04/2022,Wolves,Brighton,0,3,A,0,1,A,S Hooper,11,17,6,4,7,3,2,1,0,0,2021-22
E0,30/04/2022,Leeds,Man City,0,4,A,0,1,A,P Tierney,7,19,13,3,3,6,1,2,0,0,2021-22
E0,01/05/2022,Everton,Chelsea,1,0,H,0,0,D,K Friend,9,17,9,12,3,8,3,5,0,0,2021-22
E0,01/05/2022,Tottenham,Leicester,3,1,H,1,0,H,J Moss,13,6,13,8,7,3,2,3,0,0,2021-22
E0,01/05/2022,West Ham,Arsenal,1,2,A,1,1,D,M Dean,8,13,8,9,3,7,2,2,0,0,2021-22
E0,02/05/2022,Man United,Brentford,3,0,H,1,0,H,C Kavanagh,9,12,4,6,3,8,1,0,0,0,2021-22
E0,07/05/2022,Brentford,Southampton,3,0,H,2,0,H,M Salisbury,18,19,12,9,4,7,0,1,0,0,2021-22
E0,07/05/2022,Burnley,Aston Villa,1,3,A,0,2,A,D Coote,14,12,13,11,4,5,1,2,0,0,2021-22
E0,07/05/2022,Chelsea,Wolves,2,2,D,0,0,D,P Bankes,19,14,7,11,9,3,1,3,0,0,2021-22
E0,07/05/2022,Crystal Palace,Watford,1,0,H,1,0,H,G Scott,15,6,11,18,8,5,2,1,0,1,2021-22
E0,07/05/2022,Brighton,Man United,4,0,H,1,0,H,A Madley,17,15,13,9,7,6,0,2,0,0,2021-22
E0,07/05/2022,Liverpool,Tottenham,1,1,D,0,0,D,M Oliver,22,8,12,8,11,5,3,2,0,0,2021-22
E0,08/05/2022,Arsenal,Leeds,2,1,H,2,0,H,C Kavanagh,19,3,13,15,8,2,2,2,0,1,2021-22
E0,08/05/2022,Leicester,Everton,1,2,A,1,2,A,C Pawson,16,10,11,6,6,1,3,0,0,0,2021-22
E0,08/05/2022,Norwich,West Ham,0,4,A,0,3,A,R Jones,8,13,7,7,9,5,1,1,0,0,2021-22
E0,08/05/2022,Man City,Newcastle,5,0,H,2,0,H,S Attwell,21,7,6,11,8,2,1,3,0,0,2021-22
E0,10/05/2022,Aston Villa,Liverpool,1,2,A,1,1,D,J Moss,9,17,10,12,2,3,0,0,0,0,2021-22
E0,11/05/2022,Leeds,Chelsea,0,3,A,0,1,A,A Taylor,5,17,10,14,1,5,1,0,1,0,2021-22
E0,11/05/2022,Leicester,Norwich,3,0,H,0,0,D,S Hooper,20,9,10,5,10,2,0,0,0,0,2021-22
E0,11/05/2022,Watford,Everton,0,0,D,0,0,D,M Dean,6,16,5,12,1,13,1,2,0,0,2021-22
E0,11/05/2022,Wolves,Man City,1,5,A,1,3,A,M Atkinson,7,16,2,10,6,2,0,1,0,0,2021-22
E0,12/05/2022,Tottenham,Arsenal,3,0,H,2,0,H,P Tierney,16,8,8,15,2,2,1,3,0,1,2021-22
E0,15/05/2022,Tottenham,Burnley,1,0,H,1,0,H,K Friend,21,8,12,8,8,2,3,2,0,0,2021-22
E0,15/05/2022,Aston Villa,Crystal Palace,1,1,D,0,0,D,C Kavanagh,13,16,11,15,1,5,1,3,0,0,2021-22
E0,15/05/2022,Leeds,Brighton,1,1,D,0,1,A,M Dean,19,16,16,8,8,1,3,2,0,0,2021-22
E0,15/05/2022,Watford,Leicester,1,5,A,1,2,A,J Gillett,13,13,4,6,7,3,0,1,0,0,2021-22
E0,15/05/2022,West Ham,Man City,2,2,D,2,0,H,A Taylor,6,31,9,5,4,9,3,1,0,0,2021-22
E0,15/05/2022,Wolves,Norwich,1,1,D,0,1,A,T Harrington,17,11,5,10,5,3,0,3,0,0,2021-22
E0,15/05/2022,Everton,Brentford,2,3,A,2,1,H,M Oliver,10,18,8,8,5,2,0,3,2,0,2021-22
E0,16/05/2022,Newcastle,Arsenal,2,0,H,0,0,D,D England,16,11,11,8,12,8,0,3,0,0,2021-22
E0,17/05/2022,Southampton,Liverpool,1,2,A,1,1,D,M Atkinson,4,24,6,6,1,9,2,0,0,0,2021-22
E0,19/05/2022,Everton,Crystal Palace,3,2,H,0,2,A,A Taylor,12,7,9,13,4,5,2,3,0,0,2021-22
E0,19/05/2022,Aston Villa,Burnley,1,1,D,0,1,A,P Tierney,22,10,11,20,13,6,0,1,0,1,2021-22
E0,19/05/2022,Chelsea,Leicester,1,1,D,1,1,D,S Attwell,20,2,13,7,6,0,4,1,0,0,2021-22
E0,22/05/2022,Arsenal,Everton,5,1,H,2,1,H,A Marriner,26,6,8,9,12,2,0,1,0,0,2021-22
E0,22/05/2022,Brentford,Leeds,1,2,A,0,0,D,P Tierney,14,14,11,13,3,2,2,1,1,0,2021-22
E0,22/05/2022,Brighton,West Ham,3,1,H,0,1,A,K Friend,18,7,9,9,5,6,1,1,0,0,2021-22
E0,22/05/2022,Burnley,Newcastle,1,2,A,0,1,A,C Pawson,12,8,8,9,8,2,1,0,0,0,2021-22
E0,22/05/2022,Chelsea,Watford,2,1,H,1,0,H,M Dean,19,8,9,9,3,3,0,0,0,0,2021-22
E0,22/05/2022,Crystal Palace,Man United,1,0,H,1,0,H,M Atkinson,6,10,12,22,3,6,2,4,0,0,2021-22
E0,22/05/2022,Leicester,Southampton,4,1,H,0,0,D,J Moss,12,7,10,5,3,3,0,1,0,0,2021-22
E0,22/05/2022,Liverpool,Wolves,3,1,H,1,1,D,A Taylor,29,7,6,3,5,3,1,0,0,0,2021-22
E0,22/05/2022,Man City,Aston Villa,3,2,H,0,1,A,M Oliver,24,4,5,11,13,1,0,1,0,0,2021-22
E0,22/05/2022,Norwich,Tottenham,0,5,A,0,2,A,C Kavanagh,9,19,13,7,3,2,3,1,0,0,2021-22
E0,05/08/2022,Crystal Palace,Arsenal,0,2,A,0,1,A,A Taylor,10,10,16,11,3,5,1,2,0,0,2022-23
E0,06/08/2022,Fulham,Liverpool,2,2,D,1,0,H,A Madley,9,11,7,9,4,4,2,0,0,0,2022-23
E0,06/08/2022,Bournemouth,Aston Villa,2,0,H,1,0,H,P Bankes,7,15,18,16,5,5,3,3,0,0,2022-23
E0,06/08/2022,Leeds,Wolves,2,1,H,1,1,D,R Jones,12,15,13,9,6,4,2,0,0,0,2022-23
E0,06/08/2022,Newcastle,Nott'm Forest,2,0,H,0,0,D,S Hooper,23,5,9,14,11,1,0,3,0,0,2022-23
E0,06/08/2022,Tottenham,Southampton,4,1,H,2,1,H,A Marriner,18,10,11,6,10,2,3,0,0,0,2022-23
E0,06/08/2022,Everton,Chelsea,0,1,A,0,1,A,C Pawson,8,15,14,11,4,16,3,2,0,0,2022-23
E0,07/08/2022,Leicester,Brentford,2,2,D,1,0,H,J Gillett,14,8,6,5,5,6,0,0,0,0,2022-23
E0,07/08/2022,Man United,Brighton,1,2,A,0,2,A,P Tierney,17,15,7,12,6,2,4,1,0,0,2022-23
E0,07/08/2022,West Ham,Man City,0,2,A,0,1,A,M Oliver,6,14,8,4,1,4,0,1,0,0,2022-23
E0,13/08/2022,Aston Villa,Everton,2,1,H,1,0,H,M Oliver,12,15,9,7,5,8,4,1,0,0,2022-23
E0,13/08/2022,Arsenal,Leicester,4,2,H,2,0,H,D England,19,6,15,9,6,2,1,1,0,0,2022-23
E0,13/08/2022,Brighton,Newcastle,0,0,D,0,0,D,G Scott,13,4,8,6,7,3,2,3,0,0,2022-23
E0,13/08/2022,Man City,Bournemouth,4,0,H,3,0,H,D Coote,19,3,9,9,11,1,0,3,0,0,2022-23
E0,13/08/2022,Southampton,Leeds,2,2,D,0,0,D,T Harrington,14,13,10,12,2,5,1,3,0,0,2022-23
E0,13/08/2022,Wolves,Fulham,0,0,D,0,0,D,J Brooks,7,9,7,14,5,3,3,3,0,0,2022-23
E0,13/08/2022,Brentford,Man United,4,0,H,4,0,H,S Attwell,13,15,6,15,8,2,0,4,0,0,2022-23
E0,14/08/2022,Nott'm Forest,West Ham,1,0,H,1,0,H,R Jones,13,19,10,11,6,7,4,1,0,0,2022-23
E0,14/08/2022,Chelsea,Tottenham,2,2,D,1,0,H,A Taylor,16,10,9,9,8,5,3,0,0,0,2022-23
E0,15/08/2022,Liverpool,Crystal Palace,1,1,D,0,1,A,P Tierney,24,7,7,8,4,2,2,4,1,0,2022-23
E0,20/08/2022,Tottenham,Wolves,1,0,H,0,0,D,S Hooper,11,20,10,8,8,6,2,2,0,0,2022-23
E0,20/08/2022,Crystal Palace,Aston Villa,3,1,H,1,1,D,A Madley,17,13,16,14,4,2,2,1,0,0,2022-23
E0,20/08/2022,Everton,Nott'm Forest,1,1,D,0,0,D,A Marriner,19,14,6,9,6,2,3,2,0,0,2022-23
E0,20/08/2022,Fulham,Brentford,3,2,H,2,1,H,P Bankes,18,13,13,7,6,3,3,2,0,0,2022-23
E0,20/08/2022,Leicester,Southampton,1,2,A,0,0,D,M Salisbury,6,9,11,15,2,5,2,3,0,0,2022-23
E0,20/08/2022,Bournemouth,Arsenal,0,3,A,0,2,A,C Pawson,6,14,12,10,3,4,2,1,0,0,2022-23
E0,21/08/2022,Leeds,Chelsea,3,0,H,2,0,H,S Attwell,12,14,16,15,4,6,0,1,0,1,2022-23
E0,21/08/2022,West Ham,Brighton,0,2,A,0,1,A,A Taylor,13,11,10,7,5,4,2,0,0,0,2022-23
E0,21/08/2022,Newcastle,Man City,3,3,D,2,1,H,J Gillett,12,21,14,7,5,5,4,2,0,0,2022-23
E0,22/08/2022,Man United,Liverpool,2,1,H,1,0,H,M Oliver,12,17,11,7,6,8,3,1,0,0,2022-23
E0,27/08/2022,Southampton,Man United,0,1,A,0,0,D,A Madley,17,11,4,14,5,3,0,3,0,0,2022-23
E0,27/08/2022,Brentford,Everton,1,1,D,0,1,A,J Brooks,19,14,8,8,8,5,2,2,0,0,2022-23
E0,27/08/2022,Brighton,Leeds,1,0,H,0,0,D,M Salisbury,13,10,10,14,5,3,2,3,0,0,2022-23
E0,27/08/2022,Chelsea,Leicester,2,1,H,0,0,D,P Tierney,7,17,10,7,3,11,1,2,1,0,2022-23
E0,27/08/2022,Liverpool,Bournemouth,9,0,H,5,0,H,S Attwell,19,5,6,5,8,1,0,1,0,0,2022-23
E0,27/08/2022,Man City,Crystal Palace,4,2,H,0,2,A,D England,18,2,14,8,6,1,1,2,0,0,2022-23
E0,27/08/2022,Arsenal,Fulham,2,1,H,0,0,D,J Gillett,22,11,6,12,9,2,2,3,0,0,2022-23
E0,28/08/2022,Aston Villa,West Ham,0,1,A,0,0,D,D Coote,9,7,10,10,3,2,2,0,0,0,2022-23
E0,28/08/2022,Wolves,Newcastle,1,1,D,1,0,H,P Bankes,10,21,10,11,4,13,2,1,0,0,2022-23
E0,28/08/2022,Nott'm Forest,Tottenham,0,2,A,0,1,A,C Pawson,17,18,11,13,6,1,6,1,0,0,2022-23
E0,30/08/2022,Crystal Palace,Brentford,1,1,D,0,0,D,S Hooper,13,9,11,8,4,6,1,2,0,0,2022-23
E0,30/08/2022,Fulham,Brighton,2,1,H,0,0,D,T Bramall,10,7,9,11,3,3,2,1,0,0,2022-23
E0,30/08/2022,Southampton,Chelsea,2,1,H,2,1,H,M Oliver,9,10,15,10,5,3,2,1,0,0,2022-23
E0,30/08/2022,Leeds,Everton,1,1,D,0,1,A,D England,14,7,10,9,10,2,3,3,0,0,2022-23
E0,31/08/2022,Arsenal,Aston Villa,2,1,H,1,0,H,R Jones,22,4,10,14,10,3,2,3,0,0,2022-23
E0,31/08/2022,Bournemouth,Wolves,0,0,D,0,0,D,A Taylor,5,17,12,12,2,5,2,1,0,0,2022-23
E0,31/08/2022,Man City,Nott'm Forest,6,0,H,3,0,H,P Tierney,17,8,9,7,10,1,0,1,0,0,2022-23
E0,31/08/2022,West Ham,Tottenham,1,1,D,0,1,A,P Bankes,14,13,10,9,3,4,2,5,0,0,2022-23
E0,31/08/2022,Liverpool,Newcastle,2,1,H,0,1,A,A Marriner,23,5,9,10,13,0,0,2,0,0,2022-23
E0,01/09/2022,Leicester,Man United,0,1,A,0,1,A,C Pawson,10,9,7,15,1,3,1,3,0,0,2022-23
E0,03/09/2022,Everton,Liverpool,0,0,D,0,0,D,A Taylor,14,23,7,11,7,9,2,2,0,0,2022-23
E0,03/09/2022,Brentford,Leeds,5,2,H,2,1,H,R Jones,14,17,8,9,2,6,2,2,0,0,2022-23
E0,03/09/2022,Chelsea,West Ham,2,1,H,0,0,D,A Madley,8,6,6,11,10,3,4,2,0,0,2022-23
E0,03/09/2022,Newcastle,Crystal Palace,0,0,D,0,0,D,M Salisbury,23,19,19,12,13,5,2,1,0,0,2022-23
E0,03/09/2022,Nott'm Forest,Bournemouth,2,3,A,2,0,H,M Oliver,11,8,13,10,4,6,2,1,0,0,2022-23
E0,03/09/2022,Tottenham,Fulham,2,1,H,1,0,H,S Attwell,23,9,9,6,10,3,3,4,0,0,2022-23
E0,03/09/2022,Wolves,Southampton,1,0,H,1,0,H,J Brooks,7,12,10,14,5,6,4,2,0,0,2022-23
E0,03/09/2022,Aston Villa,Man City,1,1,D,0,0,D,S Hooper,3,13,7,6,1,4,2,0,0,0,2022-23
E0,04/09/2022,Brighton,Leicester,5,2,H,2,2,D,T Harrington,23,6,6,8,10,1,1,1,0,0,2022-23
E0,04/09/2022,Man United,Arsenal,3,1,H,1,0,H,P Tierney,10,16,13,9,2,5,3,3,0,0,2022-23
E0,16/09/2022,Aston Villa,Southampton,1,0,H,1,0,H,T Harrington,11,7,13,13,6,3,3,1,0,0,2022-23
E0,16/09/2022,Nott'm Forest,Fulham,2,3,A,1,0,H,J Gillett,11,15,11,10,2,10,2,4,0,0,2022-23
E0,17/09/2022,Wolves,Man City,0,3,A,0,2,A,A Taylor,6,16,7,9,5,7,2,1,1,0,2022-23
E0,17/09/2022,Newcastle,Bournemouth,1,1,D,0,0,D,C Pawson,20,10,10,11,8,1,2,2,0,0,2022-23
E0,17/09/2022,Tottenham,Leicester,6,2,H,2,2,D,S Hooper,16,19,9,9,6,1,1,2,0,0,2022-23
E0,18/09/2022,Brentford,Arsenal,0,3,A,0,2,A,D Coote,5,13,10,10,3,3,0,2,0,0,2022-23
E0,18/09/2022,Everton,West Ham,1,0,H,0,0,D,M Oliver,7,14,8,11,5,14,3,1,0,0,2022-23
E0,01/10/2022,Arsenal,Tottenham,3,1,H,1,1,D,A Taylor,22,7,10,10,5,2,2,1,0,1,2022-23
E0,01/10/2022,Bournemouth,Brentford,0,0,D,0,0,D,T Bramall,7,13,11,10,7,8,1,2,0,0,2022-23
E0,01/10/2022,Crystal Palace,Chelsea,1,2,A,1,1,D,C Kavanagh,7,13,11,13,5,2,1,3,0,0,2022-23
E0,01/10/2022,Fulham,Newcastle,1,4,A,0,3,A,D England,3,19,9,10,1,8,2,0,1,0,2022-23
E0,01/10/2022,Liverpool,Brighton,3,3,D,1,2,A,A Madley,15,6,9,13,9,2,1,1,0,0,2022-23
E0,01/10/2022,Southampton,Everton,1,2,A,0,0,D,A Marriner,22,12,11,10,7,6,2,2,0,0,2022-23
E0,01/10/2022,West Ham,Wolves,2,0,H,1,0,H,P Tierney,18,15,8,6,1,6,2,2,0,0,2022-23
E0,02/10/2022,Man City,Man United,6,3,H,4,0,H,M Oliver,22,12,3,9,5,1,0,3,0,0,2022-23
E0,02/10/2022,Leeds,Aston Villa,0,0,D,0,0,D,S Attwell,9,19,23,12,2,9,3,2,1,0,2022-23
E0,03/10/2022,Leicester,Nott'm Forest,4,0,H,3,0,H,R Jones,17,10,13,12,6,6,2,4,0,0,2022-23
E0,08/10/2022,Bournemouth,Leicester,2,1,H,0,1,A,M Salisbury,10,9,8,16,7,2,1,2,0,0,2022-23
E0,08/10/2022,Chelsea,Wolves,3,0,H,1,0,H,S Hooper,20,8,8,8,4,2,2,0,0,0,2022-23
E0,08/10/2022,Man City,Southampton,4,0,H,2,0,H,A Madley,21,5,4,8,9,1,0,1,0,0,2022-23
E0,08/10/2022,Newcastle,Brentford,5,1,H,2,0,H,J Brooks,16,6,14,9,9,5,0,1,0,0,2022-23
E0,08/10/2022,Brighton,Tottenham,0,1,A,0,1,A,T Harrington,14,8,9,14,6,2,1,2,0,0,2022-23
E0,09/10/2022,Crystal Palace,Leeds,2,1,H,1,1,D,P Tierney,13,10,13,23,5,3,3,3,0,0,2022-23
E0,09/10/2022,West Ham,Fulham,3,1,H,1,1,D,C Kavanagh,17,8,9,7,4,2,1,3,0,0,2022-23
E0,09/10/2022,Arsenal,Liverpool,3,2,H,2,1,H,M Oliver,11,8,11,11,4,3,1,2,0,0,2022-23
E0,09/10/2022,Everton,Man United,1,2,A,1,2,A,D Coote,11,12,7,13,5,4,2,1,0,0,2022-23
E0,10/10/2022,Nott'm Forest,Aston Villa,1,1,D,1,1,D,A Taylor,6,12,13,19,1,4,3,3,0,0,2022-23
E0,14/10/2022,Brentford,Brighton,2,0,H,1,0,H,M Salisbury,7,21,12,15,2,11,3,1,0,0,2022-23
E0,15/10/2022,Leicester,Crystal Palace,0,0,D,0,0,D,A Madley,14,8,18,13,9,2,2,2,0,0,2022-23
E0,15/10/2022,Fulham,Bournemouth,2,2,D,1,2,A,G Scott,19,10,9,11,5,6,2,0,0,0,2022-23
E0,15/10/2022,Wolves,Nott'm Forest,1,0,H,0,0,D,T Bramall,9,10,17,13,4,5,2,2,0,0,2022-23
E0,15/10/2022,Tottenham,Everton,2,0,H,0,0,D,P Tierney,21,4,12,13,7,1,1,4,0,0,2022-23
E0,16/10/2022,Aston Villa,Chelsea,0,2,A,0,1,A,R Jones,18,8,12,11,7,1,0,3,0,0,2022-23
E0,16/10/2022,Leeds,Arsenal,0,1,A,0,1,A,C Kavanagh,16,9,10,11,6,3,0,2,0,0,2022-23
E0,16/10/2022,Man United,Newcastle,0,0,D,0,0,D,C Pawson,15,9,13,11,4,4,3,1,0,0,2022-23
E0,16/10/2022,Southampton,West Ham,1,1,D,1,0,H,P Bankes,10,25,7,3,4,14,1,1,0,0,2022-23
E0,16/10/2022,Liverpool,Man City,1,0,H,0,0,D,A Taylor,13,16,10,7,5,6,3,1,0,0,2022-23
E0,18/10/2022,Brighton,Nott'm Forest,0,0,D,0,0,D,D England,19,3,10,14,9,1,3,1,0,0,2022-23
E0,18/10/2022,Crystal Palace,Wolves,2,1,H,0,1,A,D Coote,14,10,14,18,4,3,3,1,0,0,2022-23
E0,19/10/2022,Bournemouth,Southampton,0,1,A,0,1,A,J Brooks,15,9,8,13,7,3,1,3,0,0,2022-23
E0,19/10/2022,Brentford,Chelsea,0,0,D,0,0,D,J Gillett,8,14,7,7,6,2,0,0,0,0,2022-23
E0,19/10/2022,Liverpool,West Ham,1,0,H,1,0,H,S Attwell,22,8,9,8,8,3,0,0,0,0,2022-23
E0,19/10/2022,Newcastle,Everton,1,0,H,1,0,H,T Harrington,16,1,9,12,8,2,2,4,0,0,2022-23
E0,19/10/2022,Man United,Tottenham,2,0,H,0,0,D,S Hooper,28,9,7,7,8,3,1,0,0,0,2022-23
E0,20/10/2022,Fulham,Aston Villa,3,0,H,1,0,H,M Oliver,18,12,11,11,9,7,0,2,0,1,2022-23
E0,20/10/2022,Leicester,Leeds,2,0,H,2,0,H,P Bankes,5,14,15,11,2,9,2,1,0,0,2022-23
E0,22/10/2022,Nott'm Forest,Liverpool,1,0,H,0,0,D,P Tierney,10,15,14,8,2,11,2,1,0,0,2022-23
E0,22/10/2022,Everton,Crystal Palace,3,0,H,1,0,H,S Hooper,9,9,16,14,3,4,3,4,0,0,2022-23
E0,22/10/2022,Man City,Brighton,3,1,H,2,0,H,C Pawson,10,8,11,12,7,3,1,3,0,0,2022-23
E0,22/10/2022,Chelsea,Man United,1,1,D,0,0,D,S Attwell,6,13,8,10,6,4,1,4,0,0,2022-23
E0,23/10/2022,Aston Villa,Brentford,4,0,H,3,0,H,D England,19,12,14,11,7,6,1,0,0,0,2022-23
E0,23/10/2022,Leeds,Fulham,2,3,A,1,1,D,A Taylor,14,11,12,8,3,6,1,1,0,0,2022-23
E0,23/10/2022,Southampton,Arsenal,1,1,D,0,1,A,R Jones,10,12,11,8,9,4,2,1,0,0,2022-23
E0,23/10/2022,Wolves,Leicester,0,4,A,0,2,A,M Oliver,21,5,10,13,9,2,2,1,0,0,2022-23
E0,23/10/2022,Tottenham,Newcastle,1,2,A,0,2,A,J Gillett,17,13,12,6,6,7,4,2,0,0,2022-23
E0,24/10/2022,West Ham,Bournemouth,2,0,H,1,0,H,D Coote,20,5,9,11,5,0,0,2,0,0,2022-23
E0,29/10/2022,Leicester,Man City,0,1,A,0,0,D,R Jones,10,15,5,10,3,10,0,0,0,0,2022-23
E0,29/10/2022,Bournemouth,Tottenham,2,3,A,1,0,H,A Taylor,6,23,10,5,2,19,1,2,0,0,2022-23
E0,29/10/2022,Brentford,Wolves,1,1,D,0,0,D,R Madley,12,14,10,17,3,6,3,3,0,1,2022-23
E0,29/10/2022,Brighton,Chelsea,4,1,H,3,0,H,A Madley,19,15,16,6,8,7,1,2,0,0,2022-23
E0,29/10/2022,Crystal Palace,Southampton,1,0,H,1,0,H,M Salisbury,12,14,13,12,8,4,3,3,0,0,2022-23
E0,29/10/2022,Newcastle,Aston Villa,4,0,H,1,0,H,P Tierney,20,3,11,11,3,0,1,1,0,0,2022-23
E0,29/10/2022,Fulham,Everton,0,0,D,0,0,D,J Brooks,24,9,10,8,13,4,2,1,0,0,2022-23
E0,29/10/2022,Liverpool,Leeds,1,2,A,1,1,D,M Oliver,22,14,9,3,14,5,0,1,0,0,2022-23
E0,30/10/2022,Arsenal,Nott'm Forest,5,0,H,1,0,H,S Hooper,24,5,9,8,9,4,0,1,0,0,2022-23
E0,30/10/2022,Man United,West Ham,1,0,H,1,0,H,C Kavanagh,16,13,12,10,5,10,1,3,0,0,2022-23
E0,05/11/2022,Leeds,Bournemouth,4,3,H,1,2,A,T Harrington,18,9,16,10,13,3,2,2,0,0,2022-23
E0,05/11/2022,Man City,Fulham,2,1,H,1,1,D,D England,16,4,6,11,9,0,2,4,1,0,2022-23
E0,05/11/2022,Nott'm Forest,Brentford,2,2,D,1,1,D,A Marriner,15,6,10,11,3,3,2,2,0,0,2022-23
E0,05/11/2022,Wolves,Brighton,2,3,A,2,2,D,G Scott,8,19,15,11,4,9,2,0,1,0,2022-23
E0,05/11/2022,Everton,Leicester,0,2,A,0,1,A,D Coote,12,22,9,5,8,3,0,0,0,0,2022-23
E0,06/11/2022,Chelsea,Arsenal,0,1,A,0,0,D,M Oliver,5,14,20,13,4,6,5,2,0,0,2022-23
E0,06/11/2022,Aston Villa,Man United,3,1,H,2,1,H,A Taylor,6,8,6,12,3,5,3,3,0,0,2022-23
E0,06/11/2022,Southampton,Newcastle,1,4,A,0,1,A,S Attwell,16,7,7,10,8,2,1,0,0,0,2022-23
E0,06/11/2022,West Ham,Crystal Palace,1,2,A,1,1,D,P Tierney,5,15,10,7,2,5,1,1,0,0,2022-23
E0,06/11/2022,Tottenham,Liverpool,1,2,A,0,2,A,A Madley,14,13,10,8,5,3,0,0,0,0,2022-23
E0,12/11/2022,Man City,Brentford,1,2,A,1,1,D,P Bankes,29,10,9,7,10,2,2,2,0,0,2022-23
E0,12/11/2022,Bournemouth,Everton,3,0,H,2,0,H,C Pawson,16,15,12,8,3,5,2,0,0,0,2022-23
E0,12/11/2022,Liverpool,Southampton,3,1,H,3,1,H,S Hooper,15,9,8,8,6,0,0,2,0,0,2022-23
E0,12/11/2022,Nott'm Forest,Crystal Palace,1,0,H,0,0,D,J Brooks,9,8,11,13,1,5,1,4,0,0,2022-23
E0,12/11/2022,Tottenham,Leeds,4,3,H,1,2,A,M Salisbury,14,12,8,7,9,2,1,1,0,1,2022-23
E0,12/11/2022,West Ham,Leicester,0,2,A,0,1,A,J Gillett,18,9,9,8,7,2,3,1,0,0,2022-23
E0,12/11/2022,Newcastle,Chelsea,1,0,H,0,0,D,R Jones,10,5,14,11,5,3,3,2,0,0,2022-23
E0,12/11/2022,Wolves,Arsenal,0,2,A,0,0,D,S Attwell,11,14,5,6,6,4,3,2,0,0,2022-23
E0,13/11/2022,Brighton,Aston Villa,1,2,A,1,1,D,C Kavanagh,7,8,14,11,11,4,2,7,0,0,2022-23
E0,13/11/2022,Fulham,Man United,1,2,A,0,1,A,P Tierney,14,14,9,10,10,3,1,1,0,0,2022-23
E0,26/12/2022,Brentford,Tottenham,2,2,D,1,0,H,D Coote,9,16,11,10,6,5,3,1,0,0,2022-23
E0,26/12/2022,Crystal Palace,Fulham,0,3,A,0,1,A,A Madley,4,23,12,15,1,8,0,0,2,0,2022-23
E0,26/12/2022,Everton,Wolves,1,2,A,1,1,D,C Pawson,12,7,9,22,2,2,1,6,0,0,2022-23
E0,26/12/2022,Leicester,Newcastle,0,3,A,0,3,A,J Gillett,8,12,9,6,5,5,0,0,0,0,2022-23
E0,26/12/2022,Southampton,Brighton,1,3,A,0,2,A,R Jones,14,7,9,10,4,2,1,2,0,0,2022-23
E0,26/12/2022,Aston Villa,Liverpool,1,3,A,0,2,A,P Tierney,12,16,7,12,0,6,0,0,0,0,2022-23
E0,26/12/2022,Arsenal,West Ham,3,1,H,0,1,A,M Oliver,16,8,13,17,7,5,0,2,0,0,2022-23
E0,27/12/2022,Chelsea,Bournemouth,2,0,H,2,0,H,S Hooper,15,9,8,10,6,8,0,0,0,0,2022-23
E0,27/12/2022,Man United,Nott'm Forest,3,0,H,2,0,H,A Taylor,17,8,13,4,9,9,3,1,0,0,2022-23
E0,28/12/2022,Leeds,Man City,1,3,A,0,1,A,S Attwell,9,26,11,14,3,5,3,3,0,0,2022-23
E0,30/12/2022,West Ham,Brentford,0,2,A,0,2,A,D England,20,9,9,5,8,1,1,0,0,0,2022-23
E0,30/12/2022,Liverpool,Leicester,2,1,H,2,1,H,C Pawson,21,7,8,15,4,5,0,1,0,0,2022-23
E0,31/12/2022,Wolves,Man United,0,1,A,0,0,D,R Jones,10,16,11,11,7,5,1,3,0,0,2022-23
E0,31/12/2022,Bournemouth,Crystal Palace,0,2,A,0,2,A,A Marriner,6,15,17,11,2,7,4,1,0,0,2022-23
E0,31/12/2022,Fulham,Southampton,2,1,H,1,0,H,G Scott,8,9,8,13,4,4,0,1,0,0,2022-23
E0,31/12/2022,Man City,Everton,1,1,D,1,0,H,A Madley,16,2,13,14,7,1,3,4,0,0,2022-23
E0,31/12/2022,Newcastle,Leeds,0,0,D,0,0,D,S Hooper,16,8,13,19,9,3,3,5,0,0,2022-23
E0,31/12/2022,Brighton,Arsenal,2,4,A,0,2,A,A Taylor,9,14,7,11,7,4,3,3,0,0,2022-23
E0,01/01/2023,Tottenham,Aston Villa,0,2,A,0,0,D,J Brooks,6,13,15,10,5,3,4,3,0,0,2022-23
E0,01/01/2023,Nott'm Forest,Chelsea,1,1,D,0,1,A,P Bankes,12,7,16,14,1,2,2,2,0,0,2022-23
E0,02/01/2023,Brentford,Liverpool,3,1,H,2,0,H,S Attwell,10,16,5,8,4,9,1,3,0,0,2022-23
E0,03/01/2023,Arsenal,Newcastle,0,0,D,0,0,D,A Madley,17,8,10,16,5,5,4,4,0,0,2022-23
E0,03/01/2023,Everton,Brighton,1,4,A,0,1,A,A Marriner,10,19,8,10,5,2,3,1,0,0,2022-23
E0,03/01/2023,Leicester,Fulham,0,1,A,0,1,A,D Bond,15,11,12,11,6,3,2,6,0,0,2022-23
E0,03/01/2023,Man United,Bournemouth,3,0,H,1,0,H,M Salisbury,18,7,13,7,6,5,0,3,0,0,2022-23
E0,04/01/2023,Southampton,Nott'm Forest,0,1,A,0,1,A,T Bramall,8,11,14,17,6,2,2,2,0,0,2022-23
E0,04/01/2023,Leeds,West Ham,2,2,D,1,1,D,D Coote,14,15,11,18,8,1,3,1,0,0,2022-23
E0,04/01/2023,Aston Villa,Wolves,1,1,D,0,1,A,J Gillett,13,10,6,12,7,8,1,3,0,0,2022-23
E0,04/01/2023,Crystal Palace,Tottenham,0,4,A,0,0,D,M Oliver,19,14,11,8,10,4,1,2,0,0,2022-23
E0,05/01/2023,Chelsea,Man City,0,1,A,0,0,D,P Tierney,8,12,9,9,3,2,2,0,0,0,2022-23
E0,12/01/2023,Fulham,Chelsea,2,1,H,1,0,H,D Coote,8,20,12,16,5,7,4,3,0,1,2022-23
E0,13/01/2023,Aston Villa,Leeds,2,1,H,1,0,H,M Oliver,11,16,12,8,0,11,2,2,0,0,2022-23
E0,14/01/2023,Man United,Man City,2,1,H,0,0,D,S Attwell,8,5,15,5,1,2,3,0,0,0,2022-23
E0,14/01/2023,Brighton,Liverpool,3,0,H,0,0,D,D England,16,6,8,15,7,1,1,3,0,0,2022-23
E0,14/01/2023,Everton,Southampton,1,2,A,1,0,H,J Brooks,12,13,7,19,6,4,0,3,0,0,2022-23
E0,14/01/2023,Nott'm Forest,Leicester,2,0,H,0,0,D,P Tierney,15,6,11,12,3,5,1,2,0,0,2022-23
E0,14/01/2023,Wolves,West Ham,1,0,H,0,0,D,S Hooper,17,16,10,7,4,3,0,2,0,0,2022-23
E0,14/01/2023,Brentford,Bournemouth,2,0,H,1,0,H,J Gillett,12,7,5,9,5,3,1,1,0,0,2022-23
E0,15/01/2023,Chelsea,Crystal Palace,1,0,H,0,0,D,P Bankes,15,10,10,17,11,7,2,5,0,0,2022-23
E0,15/01/2023,Newcastle,Fulham,1,0,H,0,0,D,R Jones,20,5,6,14,10,5,1,3,0,0,2022-23
E0,15/01/2023,Tottenham,Arsenal,0,2,A,0,2,A,C Pawson,17,14,16,15,4,3,4,2,0,0,2022-23
E0,18/01/2023,Crystal Palace,Man United,1,1,D,0,1,A,R Jones,10,15,9,10,3,3,1,2,0,0,2022-23
E0,19/01/2023,Man City,Tottenham,4,2,H,0,2,A,S Hooper,16,9,10,14,8,3,1,2,0,0,2022-23
E0,21/01/2023,Liverpool,Chelsea,0,0,D,0,0,D,M Oliver,15,11,16,9,5,5,3,1,0,0,2022-23
E0,21/01/2023,Bournemouth,Nott'm Forest,1,1,D,1,0,H,A Madley,16,20,10,7,4,6,1,2,0,0,2022-23
E0,21/01/2023,Leicester,Brighton,2,2,D,1,1,D,T Bramall,9,13,9,9,5,6,0,1,0,0,2022-23
E0,21/01/2023,Southampton,Aston Villa,0,1,A,0,0,D,M Salisbury,8,16,19,9,2,2,1,2,0,0,2022-23
E0,21/01/2023,West Ham,Everton,2,0,H,2,0,H,S Attwell,11,5,9,6,4,9,1,1,0,0,2022-23
E0,21/01/2023,Crystal Palace,Newcastle,0,0,D,0,0,D,C Pawson,6,16,13,7,3,15,4,2,0,0,2022-23
E0,22/01/2023,Leeds,Brentford,0,0,D,0,0,D,P Bankes,9,6,10,18,2,3,2,2,0,0,2022-23
E0,22/01/2023,Man City,Wolves,3,0,H,1,0,H,D Coote,13,10,10,10,5,7,1,2,0,0,2022-23
E0,22/01/2023,Arsenal,Man United,3,2,H,1,1,D,A Taylor,25,6,8,9,12,4,1,2,0,0,2022-23
E0,23/01/2023,Fulham,Tottenham,0,1,A,0,1,A,P Tierney,10,10,10,10,3,8,1,3,0,0,2022-23
E0,03/02/2023,Chelsea,Fulham,0,0,D,0,0,D,S Attwell,12,10,16,12,6,2,1,4,0,0,2022-23
E0,04/02/2023,Everton,Arsenal,1,0,H,0,0,D,D Coote,12,15,13,8,7,5,4,1,0,0,2022-23
E0,04/02/2023,Aston Villa,Leicester,2,4,A,2,3,A,D England,19,9,10,10,11,3,0,2,0,0,2022-23
E0,04/02/2023,Brentford,Southampton,3,0,H,2,0,H,D Bond,14,14,10,9,4,4,1,2,0,0,2022-23
E0,04/02/2023,Brighton,Bournemouth,1,0,H,0,0,D,C Pawson,20,12,14,7,7,3,3,1,0,0,2022-23
E0,04/02/2023,Man United,Crystal Palace,2,1,H,1,0,H,A Marriner,14,10,9,9,5,5,1,2,1,0,2022-23
E0,04/02/2023,Wolves,Liverpool,3,0,H,2,0,H,P Tierney,12,22,9,7,2,7,1,1,0,0,2022-23
E0,04/02/2023,Newcastle,West Ham,1,1,D,1,1,D,P Bankes,8,10,11,13,4,2,2,1,0,0,2022-23
E0,05/02/2023,Nott'm Forest,Leeds,1,0,H,1,0,H,R Jones,6,10,15,14,0,2,4,2,0,0,2022-23
E0,05/02/2023,Tottenham,Man City,1,0,H,1,0,H,A Madley,12,15,19,14,4,6,2,3,1,0,2022-23
E0,08/02/2023,Man United,Leeds,2,2,D,0,1,A,S Hooper,24,8,7,11,6,5,1,3,0,0,2022-23
E0,11/02/2023,West Ham,Chelsea,1,1,D,1,1,D,C Pawson,10,12,9,11,5,6,1,1,0,0,2022-23
E0,11/02/2023,Arsenal,Brentford,1,1,D,0,0,D,P Bankes,23,9,9,9,7,4,0,2,0,0,2022-23
E0,11/02/2023,Crystal Palace,Brighton,1,1,D,0,0,D,M Oliver,6,17,10,11,1,6,4,1,0,0,2022-23
E0,11/02/2023,Fulham,Nott'm Forest,2,0,H,1,0,H,A Madley,16,10,9,11,5,4,0,1,0,0,2022-23
E0,11/02/2023,Leicester,Tottenham,4,1,H,3,1,H,M Salisbury,15,11,14,9,1,5,5,2,0,0,2022-23
E0,11/02/2023,Southampton,Wolves,1,2,A,1,0,H,J Gillett,17,11,12,14,5,2,2,2,0,1,2022-23
E0,11/02/2023,Bournemouth,Newcastle,1,1,D,1,1,D,S Attwell,11,15,8,10,4,6,2,3,0,0,2022-23
E0,12/02/2023,Leeds,Man United,0,2,A,0,0,D,P Tierney,16,11,10,13,7,3,2,1,0,0,2022-23
E0,12/02/2023,Man City,Aston Villa,3,1,H,3,0,H,R Jones,17,6,13,14,8,4,1,2,0,0,2022-23
E0,13/02/2023,Liverpool,Everton,2,0,H,1,0,H,S Hooper,15,6,8,16,3,3,1,3,0,0,2022-23
E0,15/02/2023,Arsenal,Man City,1,3,A,1,1,D,A Taylor,10,9,11,15,1,3,2,3,0,0,2022-23
E0,18/02/2023,Aston Villa,Arsenal,2,4,A,2,1,H,S Hooper,7,20,13,4,2,9,2,1,0,0,2022-23
E0,18/02/2023,Brentford,Crystal Palace,1,1,D,0,0,D,P Tierney,12,10,10,8,2,6,2,2,0,0,2022-23
E0,18/02/2023,Brighton,Fulham,0,1,A,0,0,D,D England,21,5,12,14,10,2,0,5,0,0,2022-23
E0,18/02/2023,Chelsea,Southampton,0,1,A,0,1,A,D Coote,17,8,16,24,8,2,3,6,0,0,2022-23
E0,18/02/2023,Everton,Leeds,1,0,H,0,0,D,A Madley,15,8,8,6,6,4,2,3,0,0,2022-23
E0,18/02/2023,Nott'm Forest,Man City,1,1,D,0,1,A,G Scott,4,26,8,6,0,10,1,0,0,0,2022-23
E0,18/02/2023,Wolves,Bournemouth,0,1,A,0,0,D,M Salisbury,15,5,12,10,12,2,3,3,0,0,2022-23
E0,18/02/2023,Newcastle,Liverpool,0,2,A,0,2,A,A Taylor,14,13,3,8,6,7,1,1,1,0,2022-23
E0,19/02/2023,Man United,Leicester,3,0,H,1,0,H,S Attwell,26,19,9,9,6,6,0,2,0,0,2022-23
E0,19/02/2023,Tottenham,West Ham,2,0,H,0,0,D,M Oliver,16,6,16,10,4,7,2,1,0,0,2022-23
E0,24/02/2023,Fulham,Wolves,1,1,D,0,1,A,M Oliver,10,8,12,17,4,3,2,0,0,0,2022-23
E0,25/02/2023,Everton,Aston Villa,0,2,A,0,0,D,A Taylor,15,9,12,12,5,1,2,1,0,0,2022-23
E0,25/02/2023,Leeds,Southampton,1,0,H,0,0,D,P Bankes,14,8,15,13,9,2,2,4,0,0,2022-23
E0,25/02/2023,Leicester,Arsenal,0,1,A,0,0,D,C Pawson,1,10,14,9,0,8,0,1,0,0,2022-23
E0,25/02/2023,West Ham,Nott'm Forest,4,0,H,0,0,D,J Gillett,18,8,8,5,12,3,0,0,0,0,2022-23
E0,25/02/2023,Bournemouth,Man City,1,4,A,0,3,A,P Tierney,13,20,10,9,4,6,2,2,0,0,2022-23
E0,25/02/2023,Crystal Palace,Liverpool,0,0,D,0,0,D,D England,6,12,11,14,5,3,2,5,0,0,2022-23
E0,26/02/2023,Tottenham,Chelsea,2,0,H,0,0,D,S Attwell,8,10,10,10,4,4,2,3,0,0,2022-23
E0,01/03/2023,Arsenal,Everton,4,0,H,2,0,H,M Oliver,15,8,5,12,5,1,0,2,0,0,2022-23
E0,01/03/2023,Liverpool,Wolves,2,0,H,0,0,D,P Tierney,15,4,13,14,5,2,2,3,0,0,2022-23
E0,04/03/2023,Man City,Newcastle,2,0,H,1,0,H,S Hooper,11,5,8,13,8,4,2,4,0,0,2022-23
E0,04/03/2023,Arsenal,Bournemouth,3,2,H,0,1,A,C Kavanagh,31,4,6,8,17,1,0,2,0,0,2022-23
E0,04/03/2023,Aston Villa,Crystal Palace,1,0,H,1,0,H,C Pawson,8,3,14,17,2,4,2,3,0,1,2022-23
E0,04/03/2023,Brighton,West Ham,4,0,H,1,0,H,S Attwell,20,3,6,8,7,3,0,3,0,0,2022-23
E0,04/03/2023,Chelsea,Leeds,1,0,H,0,0,D,M Oliver,13,11,10,7,5,7,2,0,0,0,2022-23
E0,04/03/2023,Wolves,Tottenham,1,0,H,0,0,D,T Robinson,8,21,11,18,4,8,1,1,0,0,2022-23
E0,04/03/2023,Southampton,Leicester,1,0,H,1,0,H,R Jones,11,11,12,11,3,4,4,2,0,0,2022-23
E0,05/03/2023,Nott'm Forest,Everton,2,2,D,1,2,A,J Brooks,10,10,11,17,3,3,3,5,0,0,2022-23
E0,05/03/2023,Liverpool,Man United,7,0,H,1,0,H,A Madley,18,8,13,14,4,3,2,3,0,0,2022-23
E0,06/03/2023,Brentford,Fulham,3,2,H,1,1,D,A Taylor,14,9,12,17,2,3,0,3,0,0,2022-23
E0,11/03/2023,Bournemouth,Liverpool,1,0,H,1,0,H,J Brooks,5,15,7,9,3,8,2,1,0,0,2022-23
E0,11/03/2023,Everton,Brentford,1,0,H,1,0,H,S Hooper,13,12,11,12,5,8,2,1,0,0,2022-23
E0,11/03/2023,Leeds,Brighton,2,2,D,1,1,D,P Tierney,12,14,12,9,4,7,1,1,0,0,2022-23
E0,11/03/2023,Leicester,Chelsea,1,3,A,1,2,A,A Marriner,17,12,10,11,2,5,1,2,1,0,2022-23
E0,11/03/2023,Tottenham,Nott'm Forest,3,1,H,2,0,H,C Pawson,15,9,13,13,2,10,3,1,0,0,2022-23
E0,11/03/2023,Crystal Palace,Man City,0,1,A,0,0,D,R Jones,4,14,11,17,2,6,2,2,0,0,2022-23
E0,12/03/2023,Fulham,Arsenal,0,3,A,0,3,A,D Coote,12,15,10,9,4,8,0,1,0,0,2022-23
E0,12/03/2023,Man United,Southampton,0,0,D,0,0,D,A Taylor,10,17,12,9,7,8,2,0,0,0,2022-23
E0,12/03/2023,West Ham,Aston Villa,1,1,D,1,1,D,C Kavanagh,17,12,8,6,13,2,1,0,0,0,2022-23
E0,12/03/2023,Newcastle,Wolves,2,1,H,1,0,H,A Madley,19,7,11,10,10,3,1,2,0,0,2022-23
E0,15/03/2023,Brighton,Crystal Palace,1,0,H,1,0,H,P Bankes,11,11,13,20,1,4,1,2,0,0,2022-23
E0,15/03/2023,Southampton,Brentford,0,2,A,0,1,A,M Salisbury,7,11,14,10,3,3,1,2,0,0,2022-23
E0,17/03/2023,Nott'm Forest,Newcastle,1,2,A,1,1,D,P Tierney,5,15,17,9,3,7,5,1,0,0,2022-23
E0,18/03/2023,Aston Villa,Bournemouth,3,0,H,1,0,H,R Jones,20,10,8,13,9,6,1,4,0,0,2022-23
E0,18/03/2023,Brentford,Leicester,1,1,D,1,0,H,D Bond,11,14,10,11,8,4,1,2,1,0,2022-23
E0,18/03/2023,Southampton,Tottenham,3,3,D,0,1,A,S Hooper,19,17,13,8,10,3,1,1,0,0,2022-23
E0,18/03/2023,Wolves,Leeds,2,4,A,0,1,A,M Salisbury,23,11,15,9,5,4,3,5,1,0,2022-23
E0,18/03/2023,Chelsea,Everton,2,2,D,0,0,D,D England,20,12,8,12,8,2,2,2,0,0,2022-23
E0,19/03/2023,Arsenal,Crystal Palace,4,1,H,2,0,H,S Attwell,15,8,8,10,5,4,0,1,0,0,2022-23
E0,01/04/2023,Man City,Liverpool,4,1,H,1,1,D,S Hooper,17,4,9,12,7,1,1,1,0,0,2022-23
E0,01/04/2023,Arsenal,Leeds,4,1,H,1,0,H,D England,13,7,11,13,4,3,0,2,0,0,2022-23
E0,01/04/2023,Bournemouth,Fulham,2,1,H,0,1,A,P Bankes,12,10,15,13,4,3,1,4,0,0,2022-23
E0,01/04/2023,Brighton,Brentford,3,3,D,2,2,D,M Oliver,33,7,16,10,14,0,2,1,0,0,2022-23
E0,01/04/2023,Crystal Palace,Leicester,2,1,H,0,0,D,T Robinson,31,3,12,16,10,1,3,4,0,0,2022-23
E0,01/04/2023,Nott'm Forest,Wolves,1,1,D,1,0,H,C Kavanagh,17,8,14,13,4,3,3,5,0,0,2022-23
E0,01/04/2023,Chelsea,Aston Villa,0,2,A,0,1,A,A Madley,27,5,14,16,13,2,3,3,0,0,2022-23
E0,02/04/2023,West Ham,Southampton,1,0,H,1,0,H,P Tierney,12,9,10,11,5,3,0,2,0,0,2022-23
E0,02/04/2023,Newcastle,Man United,2,0,H,0,0,D,S Attwell,22,6,8,12,7,4,0,0,0,0,2022-23
E0,03/04/2023,Everton,Tottenham,1,1,D,0,0,D,D Coote,15,8,10,14,3,3,0,3,1,1,2022-23
E0,04/04/2023,Bournemouth,Brighton,0,2,A,0,1,A,D Bond,14,16,11,5,5,5,1,1,0,0,2022-23
E0,04/04/2023,Leeds,Nott'm Forest,2,1,H,2,1,H,R Jones,21,13,11,13,11,4,1,4,0,0,2022-23
E0,04/04/2023,Leicester,Aston Villa,1,2,A,1,1,D,G Scott,9,15,10,14,4,8,2,0,1,0,2022-23
E0,04/04/2023,Chelsea,Liverpool,0,0,D,0,0,D,A Taylor,12,7,6,17,3,5,1,4,0,0,2022-23
E0,05/04/2023,Man United,Brentford,1,0,H,1,0,H,J Brooks,18,6,8,13,12,3,3,2,0,0,2022-23
E0,05/04/2023,West Ham,Newcastle,1,5,A,1,2,A,C Pawson,7,15,11,12,7,6,2,1,0,0,2022-23
E0,08/04/2023,Man United,Everton,2,0,H,1,0,H,M Oliver,29,15,10,9,10,4,0,0,0,0,2022-23
E0,08/04/2023,Aston Villa,Nott'm Forest,2,0,H,0,0,D,A Taylor,8,6,7,17,1,8,3,4,0,0,2022-23
E0,08/04/2023,Brentford,Newcastle,1,2,A,1,0,H,C Kavanagh,12,10,10,15,6,5,0,0,0,0,2022-23
E0,08/04/2023,Fulham,West Ham,0,1,A,0,1,A,J Gillett,16,9,10,12,11,4,1,1,0,0,2022-23
E0,08/04/2023,Leicester,Bournemouth,0,1,A,0,1,A,D Coote,14,19,10,13,6,6,0,3,0,0,2022-23
E0,08/04/2023,Tottenham,Brighton,2,1,H,1,1,D,S Attwell,9,17,15,15,3,7,3,1,0,0,2022-23
E0,08/04/2023,Wolves,Chelsea,1,0,H,1,0,H,P Bankes,9,13,14,10,8,8,2,5,0,0,2022-23
E0,08/04/2023,Southampton,Man City,1,4,A,0,1,A,R Jones,4,13,6,10,0,10,0,2,0,0,2022-23
E0,09/04/2023,Leeds,Crystal Palace,1,5,A,1,1,D,S Hooper,11,16,11,8,2,4,3,1,0,0,2022-23
E0,09/04/2023,Liverpool,Arsenal,2,2,D,1,2,A,P Tierney,21,9,11,11,5,4,4,4,0,0,2022-23
E0,15/04/2023,Aston Villa,Newcastle,3,0,H,1,0,H,J Brooks,16,8,13,15,7,2,1,1,0,0,2022-23
E0,15/04/2023,Chelsea,Brighton,1,2,A,1,1,D,R Jones,8,26,11,11,2,8,2,2,0,0,2022-23
E0,15/04/2023,Everton,Fulham,1,3,A,1,1,D,A Taylor,15,21,10,6,4,8,3,2,0,0,2022-23
E0,15/04/2023,Southampton,Crystal Palace,0,2,A,0,0,D,M Oliver,11,9,6,13,6,2,3,1,0,0,2022-23
E0,15/04/2023,Tottenham,Bournemouth,2,3,A,1,1,D,A Madley,24,6,8,9,8,1,1,2,0,0,2022-23
E0,15/04/2023,Wolves,Brentford,2,0,H,1,0,H,P Tierney,11,10,12,8,5,2,1,1,0,0,2022-23
E0,15/04/2023,Man City,Leicester,3,1,H,3,0,H,D England,12,10,8,8,6,2,1,1,0,0,2022-23
E0,16/04/2023,West Ham,Arsenal,2,2,D,1,2,A,D Coote,16,11,11,8,7,2,1,2,0,0,2022-23
E0,16/04/2023,Nott'm Forest,Man United,0,2,A,0,1,A,S Hooper,6,22,9,9,4,9,2,2,0,0,2022-23
E0,17/04/2023,Leeds,Liverpool,1,6,A,0,2,A,C Pawson,13,13,6,12,4,2,0,1,0,0,2022-23
E0,21/04/2023,Arsenal,Southampton,3,3,D,1,2,A,S Hooper,25,8,10,14,7,2,1,5,0,0,2022-23
E0,22/04/2023,Fulham,Leeds,2,1,H,0,0,D,P Bankes,12,10,10,15,8,6,1,4,0,0,2022-23
E0,22/04/2023,Brentford,Aston Villa,1,1,D,0,0,D,M Salisbury,6,14,12,8,8,4,3,2,0,0,2022-23
E0,22/04/2023,Crystal Palace,Everton,0,0,D,0,0,D,J Brooks,12,10,12,14,8,1,1,1,0,1,2022-23
E0,22/04/2023,Leicester,Wolves,2,1,H,1,1,D,A Madley,15,16,17,16,1,7,1,3,0,0,2022-23
E0,22/04/2023,Liverpool,Nott'm Forest,3,2,H,0,0,D,M Oliver,18,11,9,12,9,3,0,1,0,0,2022-23
E0,23/04/2023,Bournemouth,West Ham,0,4,A,0,3,A,A Taylor,17,18,7,8,8,5,1,2,0,0,2022-23
E0,23/04/2023,Newcastle,Tottenham,6,1,H,5,0,H,D Coote,25,11,7,13,9,3,0,3,0,0,2022-23
E0,25/04/2023,Wolves,Crystal Palace,2,0,H,1,0,H,R Jones,9,14,13,14,6,11,5,4,0,0,2022-23
E0,25/04/2023,Aston Villa,Fulham,1,0,H,1,0,H,T Bramall,14,1,6,18,8,2,3,2,0,0,2022-23
E0,25/04/2023,Leeds,Leicester,1,1,D,1,0,H,P Tierney,13,15,14,15,3,6,4,2,0,0,2022-23
E0,26/04/2023,Nott'm Forest,Brighton,3,1,H,1,1,D,J Gillett,12,17,7,8,2,7,2,0,0,0,2022-23
E0,26/04/2023,Chelsea,Brentford,0,2,A,0,1,A,A Madley,15,7,5,13,5,2,1,2,0,0,2022-23
E0,26/04/2023,West Ham,Liverpool,1,2,A,1,1,D,C Kavanagh,7,20,6,8,3,6,0,0,0,0,2022-23
E0,26/04/2023,Man City,Arsenal,4,1,H,2,0,H,M Oliver,14,8,13,13,1,3,3,1,0,0,2022-23
E0,27/04/2023,Everton,Newcastle,1,4,A,0,1,A,A Marriner,13,15,8,6,3,14,2,1,0,0,2022-23
E0,27/04/2023,Southampton,Bournemouth,0,1,A,0,0,D,D England,11,16,9,11,6,4,0,3,0,0,2022-23
E0,27/04/2023,Tottenham,Man United,2,2,D,0,2,A,A Taylor,18,17,8,7,6,8,1,2,0,0,2022-23
E0,29/04/2023,Crystal Palace,West Ham,4,3,H,3,2,H,C Pawson,16,8,9,17,8,5,1,2,0,0,2022-23
E0,29/04/2023,Brentford,Nott'm Forest,2,1,H,0,1,A,P Bankes,14,5,6,13,6,0,1,2,0,0,2022-23
E0,29/04/2023,Brighton,Wolves,6,0,H,4,0,H,D Coote,22,10,14,11,2,5,1,1,0,0,2022-23
E0,30/04/2023,Bournemouth,Leeds,4,1,H,2,1,H,C Kavanagh,12,15,12,14,2,6,1,0,0,0,2022-23
E0,30/04/2023,Fulham,Man City,1,2,A,1,2,A,S Hooper,4,12,9,10,2,5,1,3,0,0,2022-23
E0,30/04/2023,Man United,Aston Villa,1,0,H,1,0,H,J Gillett,14,7,16,7,1,4,2,0,0,0,2022-23
E0,30/04/2023,Newcastle,Southampton,3,1,H,0,1,A,A Taylor,22,4,7,10,11,2,1,4,0,0,2022-23
E0,30/04/2023,Liverpool,Tottenham,4,3,H,3,1,H,P Tierney,12,10,12,6,5,2,3,2,0,0,2022-23
E0,01/05/2023,Leicester,Everton,2,2,D,2,1,H,M Oliver,15,23,10,12,2,9,4,1,0,0,2022-23
E0,02/05/2023,Arsenal,Chelsea,3,1,H,3,0,H,R Jones,16,7,10,10,7,2,0,2,0,0,2022-23
E0,03/05/2023,Liverpool,Fulham,1,0,H,1,0,H,S Attwell,15,9,10,8,7,5,0,0,0,0,2022-23
E0,03/05/2023,Man City,West Ham,3,0,H,0,0,D,J Brooks,16,6,8,8,6,3,0,1,0,0,2022-23
E0,04/05/2023,Brighton,Man United,1,0,H,0,0,D,A Marriner,22,16,10,14,8,6,4,4,0,0,2022-23
E0,06/05/2023,Bournemouth,Chelsea,1,3,A,1,1,D,J Brooks,10,11,9,11,7,7,1,3,0,0,2022-23
E0,06/05/2023,Man City,Leeds,2,1,H,2,0,H,A Madley,18,4,3,16,10,1,0,3,0,0,2022-23
E0,06/05/2023,Tottenham,Crystal Palace,1,0,H,1,0,H,D England,8,7,15,14,8,4,3,5,0,0,2022-23
E0,06/05/2023,Wolves,Aston Villa,1,0,H,1,0,H,S Attwell,6,16,20,9,5,6,3,3,0,0,2022-23
E0,06/05/2023,Liverpool,Brentford,1,0,H,1,0,H,A Taylor,15,5,19,10,7,3,4,2,0,0,2022-23
E0,07/05/2023,Newcastle,Arsenal,0,2,A,0,1,A,C Kavanagh,12,10,16,12,9,4,2,1,0,0,2022-23
E0,07/05/2023,West Ham,Man United,1,0,H,1,0,H,P Bankes,15,19,4,9,5,6,0,2,0,0,2022-23
E0,08/05/2023,Fulham,Leicester,5,3,H,3,0,H,R Jones,17,18,13,15,2,7,0,3,0,0,2022-23
E0,08/05/2023,Brighton,Everton,1,5,A,0,3,A,S Hooper,23,10,11,13,15,1,1,5,0,0,2022-23
E0,08/05/2023,Nott'm Forest,Southampton,4,3,H,3,1,H,M Oliver,9,19,16,10,2,11,1,0,0,0,2022-23
E0,13/05/2023,Leeds,Newcastle,2,2,D,1,1,D,S Hooper,9,18,16,14,2,6,3,2,1,0,2022-23
E0,13/05/2023,Aston Villa,Tottenham,2,1,H,1,0,H,P Bankes,8,5,9,14,8,3,3,3,0,0,2022-23
E0,13/05/2023,Chelsea,Nott'm Forest,2,2,D,0,1,A,P Tierney,14,11,13,15,2,5,3,1,0,0,2022-23
E0,13/05/2023,Crystal Palace,Bournemouth,2,0,H,1,0,H,M Salisbury,17,5,5,12,11,2,0,2,0,0,2022-23
E0,13/05/2023,Man United,Wolves,2,0,H,1,0,H,J Brooks,27,5,9,9,11,7,3,2,0,0,2022-23
E0,13/05/2023,Southampton,Fulham,0,2,A,0,0,D,T Bramall,5,9,17,12,1,8,2,0,0,0,2022-23
E0,14/05/2023,Brentford,West Ham,2,0,H,2,0,H,M Oliver,24,4,5,5,7,5,1,0,0,0,2022-23
E0,14/05/2023,Everton,Man City,0,3,A,0,2,A,A Taylor,7,9,12,4,8,6,1,0,0,0,2022-23
E0,14/05/2023,Arsenal,Brighton,0,3,A,0,0,D,A Madley,14,12,13,17,5,2,1,2,0,0,2022-23
E0,15/05/2023,Leicester,Liverpool,0,3,A,0,2,A,C Pawson,4,16,11,17,4,4,2,1,0,0,2022-23
E0,18/05/2023,Newcastle,Brighton,4,1,H,2,0,H,R Jones,22,8,17,16,6,1,2,4,0,0,2022-23
E0,20/05/2023,Tottenham,Brentford,1,3,A,1,0,H,J Gillett,22,11,11,9,8,2,1,1,0,0,2022-23
E0,20/05/2023,Bournemouth,Man United,0,1,A,0,1,A,C Kavanagh,10,20,6,7,3,6,1,0,0,0,2022-23
E0,20/05/2023,Fulham,Crystal Palace,2,2,D,1,1,D,J Smith,11,11,13,12,7,4,3,0,0,0,2022-23
E0,20/05/2023,Liverpool,Aston Villa,1,1,D,0,1,A,J Brooks,10,6,16,13,9,4,3,5,0,0,2022-23
E0,20/05/2023,Wolves,Everton,1,1,D,1,0,H,D Coote,13,19,18,10,1,7,5,1,0,0,2022-23
E0,20/05/2023,Nott'm Forest,Arsenal,1,0,H,1,0,H,A Taylor,6,11,11,12,3,6,3,2,0,0,2022-23
E0,21/05/2023,West Ham,Leeds,3,1,H,1,1,D,P Bankes,19,12,6,11,9,5,1,3,0,0,2022-23
E0,21/05/2023,Brighton,Southampton,3,1,H,2,0,H,P Tierney,26,5,8,9,4,3,2,5,0,0,2022-23
E0,21/05/2023,Man City,Chelsea,1,0,H,1,0,H,M Oliver,15,13,12,9,5,2,0,2,0,0,2022-23
E0,22/05/2023,Newcastle,Leicester,0,0,D,0,0,D,A Marriner,23,1,9,5,12,1,2,0,0,0,2022-23
E0,24/05/2023,Brighton,Man City,1,1,D,1,1,D,S Hooper,20,13,16,11,5,1,2,1,0,0,2022-23
E0,25/05/2023,Man United,Chelsea,4,1,H,2,0,H,S Attwell,18,14,12,6,3,4,1,1,0,0,2022-23
E0,28/05/2023,Arsenal,Wolves,5,0,H,3,0,H,A Marriner,14,6,8,11,8,4,0,0,0,0,2022-23
E0,28/05/2023,Aston Villa,Brighton,2,1,H,2,1,H,D Coote,12,8,15,16,4,3,4,4,0,0,2022-23
E0,28/05/2023,Brentford,Man City,1,0,H,0,0,D,J Brooks,11,17,12,8,3,4,4,0,0,0,2022-23
E0,28/05/2023,Chelsea,Newcastle,1,1,D,1,1,D,J Gillett,22,13,9,11,10,3,0,0,0,0,2022-23
E0,28/05/2023,Crystal Palace,Nott'm Forest,1,1,D,0,1,A,T Bramall,16,7,9,13,5,4,0,2,0,0,2022-23
E0,28/05/2023,Everton,Bournemouth,1,0,H,0,0,D,S Attwell,13,7,11,12,9,3,1,3,0,0,2022-23
E0,28/05/2023,Leeds,Tottenham,1,4,A,0,1,A,A Taylor,19,11,7,5,12,3,3,0,0,0,2022-23
E0,28/05/2023,Leicester,West Ham,2,1,H,1,0,H,S Hooper,13,16,8,10,3,5,1,1,0,0,2022-23
E0,28/05/2023,Man United,Fulham,2,1,H,1,1,D,R Jones,21,10,14,10,5,4,1,2,0,0,2022-23
E0,28/05/2023,Southampton,Liverpool,4,4,D,2,2,D,D England,15,30,4,10,2,9,0,2,0,0,2022-23
E0,11/08/2023,Burnley,Man City,0,3,A,0,2,A,C Pawson,6,17,11,8,6,5,0,0,1,0,2023-24
E0,12/08/2023,Arsenal,Nott'm Forest,2,1,H,2,0,H,M Oliver,15,6,12,12,8,3,2,2,0,0,2023-24
E0,12/08/2023,Bournemouth,West Ham,1,1,D,0,0,D,P Bankes,14,16,9,14,10,4,1,4,0,0,2023-24
E0,12/08/2023,Brighton,Luton,4,1,H,1,0,H,D Coote,27,9,11,12,6,7,2,2,0,0,2023-24
E0,12/08/2023,Everton,Fulham,0,1,A,0,0,D,S Attwell,19,9,12,6,10,4,0,2,0,0,2023-24
E0,12/08/2023,Sheffield United,Crystal Palace,0,1,A,0,0,D,J Brooks,8,24,18,11,5,5,3,0,0,0,2023-24
E0,12/08/2023,Newcastle,Aston Villa,5,1,H,2,1,H,A Madley,17,16,12,17,6,5,4,4,0,0,2023-24
E0,13/08/2023,Brentford,Tottenham,2,2,D,2,2,D,R Jones,11,18,12,13,3,6,1,4,0,0,2023-24
E0,13/08/2023,Chelsea,Liverpool,1,1,D,1,1,D,A Taylor,10,13,5,12,4,4,3,3,0,0,2023-24
E0,14/08/2023,Man United,Wolves,1,0,H,0,0,D,S Hooper,15,23,14,10,8,7,2,3,0,0,2023-24
E0,18/08/2023,Nott'm Forest,Sheffield United,2,1,H,1,0,H,P Bankes,16,7,5,9,6,7,2,3,0,0,2023-24
E0,19/08/2023,Fulham,Brentford,0,3,A,0,1,A,D Bond,10,17,13,12,5,5,2,2,1,0,2023-24
E0,19/08/2023,Liverpool,Bournemouth,3,1,H,2,1,H,T Bramall,26,13,11,13,10,2,1,3,1,0,2023-24
E0,19/08/2023,Wolves,Brighton,1,4,A,0,1,A,A Madley,16,16,14,11,5,3,3,6,1,0,2023-24
E0,19/08/2023,Tottenham,Man United,2,0,H,0,0,D,M Oliver,17,22,9,8,5,6,1,3,0,0,2023-24
E0,19/08/2023,Man City,Newcastle,1,0,H,1,0,H,R Jones,14,7,12,11,3,0,1,5,0,0,2023-24
E0,20/08/2023,Aston Villa,Everton,4,0,H,2,0,H,A Taylor,13,9,8,12,7,6,3,4,0,0,2023-24
E0,20/08/2023,West Ham,Chelsea,3,1,H,1,1,D,J Brooks,12,17,12,9,3,9,2,3,1,0,2023-24
E0,21/08/2023,Crystal Palace,Arsenal,0,1,A,0,0,D,D Coote,14,14,14,10,1,8,2,1,0,1,2023-24
E0,25/08/2023,Chelsea,Luton,3,0,H,1,0,H,R Jones,19,11,15,12,6,4,2,3,0,0,2023-24
E0,26/08/2023,Bournemouth,Tottenham,0,2,A,0,1,A,T Robinson,11,17,18,11,6,2,1,3,0,0,2023-24
E0,26/08/2023,Arsenal,Fulham,2,2,D,0,1,A,P Tierney,19,8,6,5,8,3,0,3,0,1,2023-24
E0,26/08/2023,Brentford,Crystal Palace,1,1,D,1,0,H,P Bankes,12,15,9,15,8,6,0,0,0,0,2023-24
E0,26/08/2023,Everton,Wolves,0,1,A,0,0,D,C Pawson,15,11,10,14,7,0,3,4,0,0,2023-24
E0,26/08/2023,Man United,Nott'm Forest,3,2,H,1,2,A,S Attwell,18,9,13,11,11,3,4,4,0,1,2023-24
E0,26/08/2023,Brighton,West Ham,1,3,A,0,1,A,A Taylor,25,12,10,9,17,4,1,3,0,0,2023-24
E0,27/08/2023,Burnley,Aston Villa,1,3,A,0,2,A,M Salisbury,9,16,12,11,4,6,2,0,0,0,2023-24
E0,27/08/2023,Sheffield United,Man City,1,2,A,0,0,D,J Gillett,6,30,11,2,1,12,3,0,0,0,2023-24
E0,27/08/2023,Newcastle,Liverpool,1,2,A,1,0,H,J Brooks,23,9,16,10,5,9,1,2,0,1,2023-24
E0,01/09/2023,Luton,West Ham,1,2,A,0,1,A,P Tierney,16,9,8,13,9,6,1,1,0,0,2023-24
E0,02/09/2023,Sheffield United,Everton,2,2,D,2,1,H,A Madley,13,16,11,13,4,6,1,2,0,0,2023-24
E0,02/09/2023,Brentford,Bournemouth,2,2,D,1,1,D,R Madley,21,12,6,13,5,2,1,2,0,0,2023-24
E0,02/09/2023,Burnley,Tottenham,2,5,A,1,2,A,D England,16,20,15,9,7,4,4,3,0,0,2023-24
E0,02/09/2023,Chelsea,Nott'm Forest,0,1,A,0,0,D,T Robinson,21,7,10,9,8,0,3,4,0,0,2023-24
E0,02/09/2023,Man City,Fulham,5,1,H,2,1,H,M Oliver,7,6,12,12,4,5,2,4,0,0,2023-24
E0,02/09/2023,Brighton,Newcastle,3,1,H,1,0,H,S Attwell,15,9,14,17,5,3,4,4,0,0,2023-24
E0,03/09/2023,Crystal Palace,Wolves,3,2,H,0,0,D,R Jones,16,12,12,12,4,2,1,3,0,0,2023-24
E0,03/09/2023,Liverpool,Aston Villa,3,0,H,2,0,H,S Hooper,17,9,12,7,7,3,0,1,0,0,2023-24
E0,03/09/2023,Arsenal,Man United,3,1,H,1,1,D,A Taylor,17,10,8,7,12,3,2,3,0,0,2023-24
E0,16/09/2023,Wolves,Liverpool,1,3,A,1,0,H,M Oliver,11,16,10,4,4,4,1,3,0,0,2023-24
E0,16/09/2023,Aston Villa,Crystal Palace,3,1,H,0,0,D,D England,16,6,13,9,4,2,5,3,0,0,2023-24
E0,16/09/2023,Fulham,Luton,1,0,H,0,0,D,M Salisbury,13,7,6,14,6,2,2,2,0,0,2023-24
E0,16/09/2023,Man United,Brighton,1,3,A,0,1,A,J Gillett,14,10,8,9,8,1,2,2,0,0,2023-24
E0,16/09/2023,Tottenham,Sheffield United,2,1,H,0,0,D,P Bankes,28,7,13,14,15,2,6,5,0,1,2023-24
E0,16/09/2023,West Ham,Man City,1,3,A,1,0,H,A Madley,6,29,7,11,4,11,3,2,0,0,2023-24
E0,16/09/2023,Newcastle,Brentford,1,0,H,0,0,D,C Pawson,9,11,8,12,8,3,3,5,0,0,2023-24
E0,17/09/2023,Bournemouth,Chelsea,0,0,D,0,0,D,D Coote,13,14,15,20,1,7,1,5,0,0,2023-24
E0,17/09/2023,Everton,Arsenal,0,1,A,0,0,D,S Hooper,8,13,12,10,1,11,1,1,0,0,2023-24
E0,18/09/2023,Nott'm Forest,Burnley,1,1,D,0,1,A,R Jones,14,10,16,10,5,4,2,3,0,1,2023-24
E0,23/09/2023,Crystal Palace,Fulham,0,0,D,0,0,D,P Tierney,7,10,10,15,3,2,3,2,0,0,2023-24
E0,23/09/2023,Luton,Wolves,1,1,D,0,0,D,J Smith,20,3,12,17,10,1,0,2,0,1,2023-24
E0,23/09/2023,Man City,Nott'm Forest,2,0,H,2,0,H,A Taylor,7,10,5,17,6,6,3,7,1,0,2023-24
E0,23/09/2023,Brentford,Everton,1,3,A,1,1,D,M Oliver,12,18,9,12,1,4,2,2,0,0,2023-24
E0,23/09/2023,Burnley,Man United,0,1,A,0,1,A,T Harrington,12,11,6,12,9,5,1,2,0,0,2023-24
E0,24/09/2023,Arsenal,Tottenham,2,2,D,1,1,D,R Jones,13,13,12,19,11,4,3,4,0,0,2023-24
E0,24/09/2023,Brighton,Bournemouth,3,1,H,1,1,D,J Brooks,13,12,12,17,4,4,3,3,0,0,2023-24
E0,24/09/2023,Chelsea,Aston Villa,0,1,A,0,0,D,J Gillett,10,15,9,11,5,11,2,3,0,0,2023-24
E0,24/09/2023,Liverpool,West Ham,3,1,H,1,1,D,C Kavanagh,22,11,12,13,7,4,0,2,0,0,2023-24
E0,24/09/2023,Sheffield United,Newcastle,0,8,A,0,3,A,S Attwell,9,22,12,8,2,6,3,0,0,0,2023-24
E0,30/09/2023,Aston Villa,Brighton,6,1,H,3,0,H,A Madley,19,11,19,21,1,3,4,4,0,0,2023-24
E0,30/09/2023,Bournemouth,Arsenal,0,4,A,0,2,A,M Salisbury,8,15,11,10,6,6,0,1,0,0,2023-24
E0,30/09/2023,Everton,Luton,1,2,A,1,2,A,A Taylor,23,9,8,10,3,6,0,1,0,0,2023-24
E0,30/09/2023,Man United,Crystal Palace,0,1,A,0,1,A,C Kavanagh,19,8,10,8,10,4,3,2,0,0,2023-24
E0,30/09/2023,Newcastle,Burnley,2,0,H,1,0,H,T Bramall,20,8,7,15,5,3,1,3,0,0,2023-24
E0,30/09/2023,West Ham,Sheffield United,2,0,H,2,0,H,G Scott,20,16,6,9,7,4,1,1,0,0,2023-24
E0,30/09/2023,Wolves,Man City,2,1,H,1,0,H,C Pawson,3,23,18,12,0,6,5,4,0,0,2023-24
E0,30/09/2023,Tottenham,Liverpool,2,1,H,1,1,D,S Hooper,24,12,11,17,12,5,5,4,0,2,2023-24
E0,01/10/2023,Nott'm Forest,Brentford,1,1,D,0,0,D,P Tierney,6,18,6,10,1,11,1,2,1,0,2023-24
E0,02/10/2023,Fulham,Chelsea,0,2,A,0,2,A,T Robinson,10,11,15,12,8,1,1,4,0,0,2023-24
E0,03/10/2023,Luton,Burnley,1,2,A,0,1,A,P Bankes,18,14,14,6,7,6,4,2,0,0,2023-24
E0,07/10/2023,Luton,Tottenham,0,1,A,0,0,D,J Brooks,12,15,16,7,5,6,2,1,0,1,2023-24
E0,07/10/2023,Burnley,Chelsea,1,4,A,1,1,D,S Attwell,10,9,11,8,7,3,2,4,0,0,2023-24
E0,07/10/2023,Everton,Bournemouth,3,0,H,2,0,H,D Coote,25,11,14,15,8,7,1,2,0,0,2023-24
E0,07/10/2023,Fulham,Sheffield United,3,1,H,0,0,D,S Barrott,20,5,8,10,9,4,1,2,0,0,2023-24
E0,07/10/2023,Man United,Brentford,2,1,H,0,1,A,A Madley,21,11,10,17,7,5,0,5,0,0,2023-24
E0,07/10/2023,Crystal Palace,Nott'm Forest,0,0,D,0,0,D,C Pawson,8,16,7,12,3,7,0,1,0,0,2023-24
E0,08/10/2023,Brighton,Liverpool,2,2,D,1,2,A,A Taylor,14,14,12,20,8,1,1,2,0,0,2023-24
E0,08/10/2023,West Ham,Newcastle,2,2,D,1,0,H,P Bankes,5,10,11,18,4,2,3,3,0,0,2023-24
E0,08/10/2023,Wolves,Aston Villa,1,1,D,0,0,D,R Jones,8,18,19,9,2,10,2,2,1,0,2023-24
E0,08/10/2023,Arsenal,Man City,1,0,H,0,0,D,M Oliver,12,4,8,7,5,4,2,3,0,0,2023-24
E0,21/10/2023,Liverpool,Everton,2,0,H,0,0,D,C Pawson,26,6,9,9,12,4,1,1,0,1,2023-24
E0,21/10/2023,Bournemouth,Wolves,1,2,A,1,0,H,P Tierney,7,20,15,10,3,12,2,6,1,0,2023-24
E0,21/10/2023,Brentford,Burnley,3,0,H,1,0,H,J Smith,23,6,14,12,5,5,5,2,0,1,2023-24
E0,21/10/2023,Man City,Brighton,2,1,H,2,0,H,R Jones,10,5,9,11,2,2,2,2,1,0,2023-24
E0,21/10/2023,Newcastle,Crystal Palace,4,0,H,3,0,H,T Robinson,10,17,7,12,6,8,2,3,0,0,2023-24
E0,21/10/2023,Nott'm Forest,Luton,2,2,D,0,0,D,S Barrott,19,13,12,11,4,2,3,0,0,0,2023-24
E0,21/10/2023,Chelsea,Arsenal,2,2,D,1,0,H,C Kavanagh,11,13,7,14,2,7,3,3,0,0,2023-24
E0,21/10/2023,Sheffield United,Man United,1,2,A,1,1,D,M Oliver,12,14,12,10,5,4,3,1,0,0,2023-24
E0,22/10/2023,Aston Villa,West Ham,4,1,H,1,0,H,D Coote,15,14,9,15,8,7,0,1,0,0,2023-24
E0,23/10/2023,Tottenham,Fulham,2,0,H,1,0,H,A Taylor,15,10,10,14,3,5,2,0,0,0,2023-24
E0,27/10/2023,Crystal Palace,Tottenham,1,2,A,0,0,D,A Madley,13,10,19,11,11,2,2,1,0,0,2023-24
E0,28/10/2023,Chelsea,Brentford,0,2,A,0,0,D,S Hooper,17,7,12,7,10,1,1,4,0,0,2023-24
E0,28/10/2023,Arsenal,Sheffield United,5,0,H,1,0,H,T Robinson,13,2,9,13,6,1,0,3,0,0,2023-24
E0,28/10/2023,Bournemouth,Burnley,2,1,H,1,1,D,S Barrott,13,6,9,12,10,5,2,3,0,0,2023-24
E0,28/10/2023,Wolves,Newcastle,2,2,D,1,2,A,A Taylor,11,13,13,15,8,7,1,4,0,0,2023-24
E0,29/10/2023,West Ham,Everton,0,1,A,0,0,D,S Attwell,12,10,7,11,4,3,4,1,0,0,2023-24
E0,29/10/2023,Aston Villa,Luton,3,1,H,1,0,H,J Brooks,17,7,11,10,6,4,3,2,0,0,2023-24
E0,29/10/2023,Brighton,Fulham,1,1,D,1,0,H,M Salisbury,18,10,12,8,7,3,0,3,0,0,2023-24
E0,29/10/2023,Liverpool,Nott'm Forest,3,0,H,2,0,H,C Kavanagh,21,9,9,13,8,3,2,3,0,0,2023-24
E0,29/10/2023,Man United,Man City,0,3,A,0,1,A,P Tierney,7,21,9,4,7,12,4,1,0,0,2023-24
E0,04/11/2023,Fulham,Man United,0,1,A,0,0,D,J Brooks,18,12,9,15,9,4,5,2,0,0,2023-24
E0,04/11/2023,Brentford,West Ham,3,2,H,1,2,A,T Bramall,16,12,12,14,4,3,1,4,0,0,2023-24
E0,04/11/2023,Burnley,Crystal Palace,0,2,A,0,1,A,P Bankes,17,4,9,12,12,1,0,5,0,0,2023-24
E0,04/11/2023,Everton,Brighton,1,1,D,1,0,H,T Robinson,10,7,15,5,3,3,4,2,0,0,2023-24
E0,04/11/2023,Man City,Bournemouth,6,1,H,3,0,H,C Pawson,21,5,8,9,12,1,0,1,0,0,2023-24
E0,04/11/2023,Sheffield United,Wolves,2,1,H,0,0,D,R Jones,11,10,13,10,4,4,2,3,0,0,2023-24
E0,04/11/2023,Newcastle,Arsenal,1,0,H,0,0,D,S Attwell,9,14,14,9,0,11,5,1,0,0,2023-24
E0,05/11/2023,Nott'm Forest,Aston Villa,2,0,H,1,0,H,J Gillett,5,13,6,9,0,10,1,1,0,0,2023-24
E0,05/11/2023,Luton,Liverpool,1,1,D,0,0,D,A Madley,8,24,7,13,4,7,1,1,0,0,2023-24
E0,06/11/2023,Tottenham,Chelsea,1,4,A,1,1,D,M Oliver,8,17,12,21,1,6,1,5,2,0,2023-24
E0,11/11/2023,Wolves,Tottenham,2,1,H,0,1,A,T Robinson,17,6,19,15,11,3,4,3,0,0,2023-24
E0,11/11/2023,Arsenal,Burnley,3,1,H,1,0,H,M Oliver,16,8,8,9,3,3,0,1,1,0,2023-24
E0,11/11/2023,Crystal Palace,Everton,2,3,A,1,1,D,S Barrott,13,8,9,18,9,2,1,4,0,0,2023-24
E0,11/11/2023,Man United,Luton,1,0,H,0,0,D,G Scott,15,10,9,11,11,3,0,2,0,0,2023-24
E0,11/11/2023,Bournemouth,Newcastle,2,0,H,0,0,D,C Kavanagh,19,8,10,4,6,5,2,1,0,0,2023-24
E0,12/11/2023,Aston Villa,Fulham,3,1,H,2,0,H,S Hooper,12,9,4,17,2,2,2,5,0,0,2023-24
E0,12/11/2023,Brighton,Sheffield United,1,1,D,1,0,H,J Brooks,11,9,13,16,6,3,3,2,1,0,2023-24
E0,12/11/2023,Liverpool,Brentford,3,0,H,1,0,H,P Tierney,17,16,16,12,6,8,1,2,0,0,2023-24
E0,12/11/2023,West Ham,Nott'm Forest,3,2,H,1,1,D,M Salisbury,16,10,9,12,9,4,2,2,0,0,2023-24
E0,12/11/2023,Chelsea,Man City,4,4,D,2,2,D,A Taylor,17,15,12,15,3,3,5,3,0,0,2023-24
E0,25/11/2023,Man City,Liverpool,1,1,D,1,0,H,C Kavanagh,16,8,9,11,9,6,1,3,0,0,2023-24
E0,25/11/2023,Burnley,West Ham,1,2,A,0,0,D,S Barrott,11,11,11,7,4,5,1,3,0,0,2023-24
E0,25/11/2023,Luton,Crystal Palace,2,1,H,0,0,D,J Gillett,8,16,15,12,4,5,6,1,0,0,2023-24
E0,25/11/2023,Newcastle,Chelsea,4,1,H,1,1,D,S Hooper,14,7,13,19,4,2,4,4,0,1,2023-24
E0,25/11/2023,Nott'm Forest,Brighton,2,3,A,1,2,A,A Taylor,18,11,12,7,6,4,2,4,0,1,2023-24
E0,25/11/2023,Sheffield United,Bournemouth,1,3,A,0,2,A,A Madley,10,23,6,8,4,7,4,1,0,0,2023-24
E0,25/11/2023,Brentford,Arsenal,0,1,A,0,0,D,T Robinson,9,15,9,7,1,8,1,1,0,0,2023-24
E0,26/11/2023,Tottenham,Aston Villa,1,2,A,1,1,D,R Jones,18,15,11,13,9,3,0,4,0,0,2023-24
E0,26/11/2023,Everton,Man United,0,3,A,0,1,A,J Brooks,24,9,10,8,6,5,3,0,0,0,2023-24
E0,27/11/2023,Fulham,Wolves,3,2,H,1,1,D,M Salisbury,12,10,13,13,6,2,2,2,0,0,2023-24
E0,02/12/2023,Arsenal,Wolves,2,1,H,2,0,H,P Bankes,19,6,10,10,4,0,1,2,0,0,2023-24
E0,02/12/2023,Brentford,Luton,3,1,H,0,0,D,A Taylor,27,7,10,8,7,5,1,2,0,0,2023-24
E0,02/12/2023,Burnley,Sheffield United,5,0,H,2,0,H,C Kavanagh,19,6,9,12,6,1,2,5,0,1,2023-24
E0,02/12/2023,Nott'm Forest,Everton,0,1,A,0,0,D,P Tierney,13,12,15,14,4,3,1,0,0,0,2023-24
E0,02/12/2023,Newcastle,Man United,1,0,H,0,0,D,R Jones,22,8,6,13,7,3,1,2,0,0,2023-24
E0,03/12/2023,Bournemouth,Aston Villa,2,2,D,1,1,D,T Bramall,15,11,16,12,7,7,5,3,0,0,2023-24
E0,03/12/2023,Chelsea,Brighton,3,2,H,2,1,H,C Pawson,8,18,16,12,5,8,3,5,1,0,2023-24
E0,03/12/2023,Liverpool,Fulham,4,3,H,2,2,D,S Attwell,26,9,6,7,3,4,0,0,0,0,2023-24
E0,03/12/2023,West Ham,Crystal Palace,1,1,D,1,0,H,M Oliver,9,9,17,7,2,3,2,0,0,0,2023-24
E0,03/12/2023,Man City,Tottenham,3,3,D,2,1,H,S Hooper,18,8,14,14,10,8,4,4,0,0,2023-24
E0,05/12/2023,Wolves,Burnley,1,0,H,1,0,H,J Gillett,7,12,11,15,6,8,2,4,0,0,2023-24
E0,05/12/2023,Luton,Arsenal,3,4,A,1,2,A,S Barrott,6,23,14,7,3,8,2,1,0,0,2023-24
E0,06/12/2023,Brighton,Brentford,2,1,H,1,1,D,P Bankes,18,8,10,8,7,3,3,1,0,0,2023-24
E0,06/12/2023,Crystal Palace,Bournemouth,0,2,A,0,1,A,C Pawson,16,11,10,17,3,9,1,3,0,0,2023-24
E0,06/12/2023,Fulham,Nott'm Forest,5,0,H,2,0,H,J Smith,14,4,7,10,6,1,0,1,0,0,2023-24
E0,06/12/2023,Sheffield United,Liverpool,0,2,A,0,1,A,S Hooper,6,15,12,8,2,12,2,3,0,0,2023-24
E0,06/12/2023,Aston Villa,Man City,1,0,H,0,0,D,J Brooks,22,2,13,13,6,0,2,2,0,0,2023-24
E0,06/12/2023,Man United,Chelsea,2,1,H,1,1,D,C Kavanagh,28,13,12,12,12,4,4,0,0,0,2023-24
E0,07/12/2023,Everton,Newcastle,3,0,H,0,0,D,T Robinson,21,13,18,8,5,2,3,0,0,0,2023-24
E0,07/12/2023,Tottenham,West Ham,1,2,A,1,0,H,M Salisbury,23,11,11,12,8,4,3,3,0,0,2023-24
E0,09/12/2023,Crystal Palace,Liverpool,1,2,A,0,0,D,A Madley,8,14,17,17,6,5,5,2,1,0,2023-24
E0,09/12/2023,Brighton,Burnley,1,1,D,0,1,A,S Hooper,29,6,5,8,9,1,0,4,0,0,2023-24
E0,09/12/2023,Man United,Bournemouth,0,3,A,0,1,A,P Bankes,20,10,7,10,10,4,3,1,0,0,2023-24
E0,09/12/2023,Sheffield United,Brentford,1,0,H,1,0,H,S Attwell,9,10,14,13,3,4,5,1,0,0,2023-24
E0,09/12/2023,Wolves,Nott'm Forest,1,1,D,1,1,D,S Barrott,10,8,9,11,4,3,0,1,0,0,2023-24
E0,09/12/2023,Aston Villa,Arsenal,1,0,H,1,0,H,J Gillett,10,12,16,11,3,3,4,2,0,0,2023-24
E0,10/12/2023,Everton,Chelsea,2,0,H,0,0,D,M Oliver,9,16,12,12,4,8,2,2,0,0,2023-24
E0,10/12/2023,Fulham,West Ham,5,0,H,3,0,H,P Tierney,14,9,5,10,3,6,2,1,0,0,2023-24
E0,10/12/2023,Luton,Man City,1,2,A,1,0,H,T Robinson,4,18,16,6,6,3,2,1,0,0,2023-24
E0,10/12/2023,Tottenham,Newcastle,4,1,H,2,0,H,C Kavanagh,23,9,10,12,3,6,1,3,0,0,2023-24
E0,15/12/2023,Nott'm Forest,Tottenham,0,2,A,0,1,A,J Gillett,15,12,16,11,6,4,2,4,0,1,2023-24
E0,16/12/2023,Chelsea,Sheffield United,2,0,H,0,0,D,A Madley,15,6,9,14,7,6,1,3,0,0,2023-24
E0,16/12/2023,Man City,Crystal Palace,2,2,D,1,0,H,P Tierney,19,5,12,9,6,1,1,1,0,0,2023-24
E0,16/12/2023,Newcastle,Fulham,3,0,H,0,0,D,S Barrott,27,6,7,12,5,1,0,2,0,1,2023-24
E0,16/12/2023,Burnley,Everton,0,2,A,0,2,A,A Taylor,14,9,9,8,8,6,0,1,0,0,2023-24
E0,17/12/2023,Arsenal,Brighton,2,0,H,0,0,D,T Robinson,26,6,11,9,10,1,1,3,0,0,2023-24
E0,17/12/2023,Brentford,Aston Villa,1,2,A,1,0,H,D Coote,4,15,19,6,7,12,6,4,1,1,2023-24
E0,17/12/2023,West Ham,Wolves,3,0,H,2,0,H,C Kavanagh,13,14,12,15,6,6,3,1,0,0,2023-24
E0,17/12/2023,Liverpool,Man United,0,0,D,0,0,D,M Oliver,34,6,13,8,12,0,2,4,0,1,2023-24
E0,21/12/2023,Crystal Palace,Brighton,1,1,D,1,0,H,J Brooks,11,18,12,11,3,1,5,2,0,0,2023-24
E0,22/12/2023,Aston Villa,Sheffield United,1,1,D,0,0,D,A Taylor,12,5,11,16,9,1,3,3,0,0,2023-24
E0,23/12/2023,West Ham,Man United,2,0,H,0,0,D,S Hooper,12,11,13,15,4,4,2,3,0,0,2023-24
E0,23/12/2023,Fulham,Burnley,0,2,A,0,0,D,R Welch,19,7,5,17,8,6,2,1,0,0,2023-24
E0,23/12/2023,Luton,Newcastle,1,0,H,1,0,H,D England,16,15,11,5,6,7,2,1,0,0,2023-24
E0,23/12/2023,Nott'm Forest,Bournemouth,2,3,A,0,0,D,R Jones,11,18,10,10,6,6,0,3,1,0,2023-24
E0,23/12/2023,Tottenham,Everton,2,1,H,2,0,H,S Attwell,13,18,6,18,3,8,1,4,0,0,2023-24
E0,23/12/2023,Liverpool,Arsenal,1,1,D,1,1,D,C Kavanagh,13,13,13,14,4,5,2,5,0,0,2023-24
E0,24/12/2023,Wolves,Chelsea,2,1,H,0,0,D,D Coote,14,16,11,9,10,6,3,5,0,0,2023-24
E0,26/12/2023,Newcastle,Nott'm Forest,1,3,A,1,1,D,C Kavanagh,19,15,10,11,10,2,3,3,0,0,2023-24
E0,26/12/2023,Bournemouth,Fulham,3,0,H,1,0,H,T Robinson,16,8,10,10,6,5,0,2,0,0,2023-24
E0,26/12/2023,Sheffield United,Luton,2,3,A,0,1,A,S Allison,21,12,13,13,9,4,5,0,0,0,2023-24
E0,26/12/2023,Burnley,Liverpool,0,2,A,0,1,A,P Tierney,9,19,7,10,4,4,2,1,0,0,2023-24
E0,26/12/2023,Man United,Aston Villa,3,2,H,0,2,A,C Pawson,13,10,10,10,3,6,1,3,0,0,2023-24
E0,27/12/2023,Brentford,Wolves,1,4,A,1,3,A,A Madley,14,11,5,14,8,2,1,1,0,0,2023-24
E0,27/12/2023,Chelsea,Crystal Palace,2,1,H,1,1,D,M Salisbury,9,13,13,16,4,3,3,2,0,0,2023-24
E0,27/12/2023,Everton,Man City,1,3,A,1,0,H,J Brooks,7,23,13,5,8,4,4,2,0,0,2023-24
E0,28/12/2023,Brighton,Tottenham,4,2,H,2,0,H,J Gillett,15,19,18,6,7,6,3,2,0,0,2023-24
E0,28/12/2023,Arsenal,West Ham,0,2,A,0,1,A,M Oliver,30,6,8,8,10,3,2,0,0,0,2023-24
E0,30/12/2023,Luton,Chelsea,2,3,A,0,2,A,P Tierney,15,12,14,21,7,2,2,2,0,0,2023-24
E0,30/12/2023,Aston Villa,Burnley,3,2,H,2,1,H,S Attwell,19,9,9,14,6,2,4,1,0,1,2023-24
E0,30/12/2023,Crystal Palace,Brentford,3,1,H,2,1,H,R Jones,13,9,14,10,7,4,0,1,0,0,2023-24
E0,30/12/2023,Man City,Sheffield United,2,0,H,1,0,H,D Coote,18,4,5,6,12,2,1,1,0,0,2023-24
E0,30/12/2023,Wolves,Everton,3,0,H,1,0,H,T Bramall,12,10,9,14,5,2,2,3,0,0,2023-24
E0,30/12/2023,Nott'm Forest,Man United,2,1,H,0,0,D,T Robinson,8,10,9,11,4,5,2,4,0,0,2023-24
E0,31/12/2023,Fulham,Arsenal,2,1,H,1,1,D,J Smith,15,13,11,10,5,4,4,1,0,0,2023-24
E0,31/12/2023,Tottenham,Bournemouth,3,1,H,1,0,H,S Hooper,12,24,9,18,4,13,3,3,0,0,2023-24
E0,01/01/2024,Liverpool,Newcastle,4,2,H,0,0,D,A Taylor,34,5,16,15,7,3,3,5,0,0,2023-24
E0,02/01/2024,West Ham,Brighton,0,0,D,0,0,D,S Barrott,6,22,4,6,2,0,1,0,0,0,2023-24
E0,12/01/2024,Burnley,Luton,1,1,D,1,0,H,T Harrington,13,14,7,12,2,8,1,0,0,0,2023-24
E0,13/01/2024,Chelsea,Fulham,1,0,H,1,0,H,A Taylor,17,14,13,9,6,4,5,1,0,0,2023-24
E0,13/01/2024,Newcastle,Man City,2,3,A,2,1,H,C Kavanagh,12,27,7,7,3,13,1,2,0,0,2023-24
E0,14/01/2024,Everton,Aston Villa,0,0,D,0,0,D,D Coote,10,16,13,14,4,5,1,4,0,0,2023-24
E0,14/01/2024,Man United,Tottenham,2,2,D,2,1,H,J Brooks,9,16,8,5,8,13,2,1,0,0,2023-24
E0,20/01/2024,Arsenal,Crystal Palace,5,0,H,2,0,H,P Tierney,21,12,8,12,6,7,0,0,0,0,2023-24
E0,20/01/2024,Brentford,Nott'm Forest,3,2,H,1,1,D,D England,11,12,10,14,6,4,1,3,0,0,2023-24
E0,21/01/2024,Sheffield United,West Ham,2,2,D,1,1,D,M Salisbury,21,16,11,10,4,1,3,1,1,1,2023-24
E0,21/01/2024,Bournemouth,Liverpool,0,4,A,0,0,D,A Madley,11,14,9,12,8,5,1,2,0,0,2023-24
E0,22/01/2024,Brighton,Wolves,0,0,D,0,0,D,C Pawson,11,8,10,13,8,2,1,4,0,0,2023-24
E0,30/01/2024,Nott'm Forest,Arsenal,1,2,A,0,0,D,S Hooper,9,19,6,7,2,11,0,1,0,0,2023-24
E0,30/01/2024,Fulham,Everton,0,0,D,0,0,D,T Bramall,25,21,6,13,15,6,1,2,0,0,2023-24
E0,30/01/2024,Luton,Brighton,4,0,H,3,0,H,R Jones,18,9,13,14,7,4,2,2,0,0,2023-24
E0,30/01/2024,Crystal Palace,Sheffield United,3,2,H,2,2,D,T Harrington,12,9,8,18,11,1,1,4,0,0,2023-24
E0,30/01/2024,Aston Villa,Newcastle,1,3,A,0,2,A,J Brooks,12,14,14,12,8,7,4,1,0,0,2023-24
E0,31/01/2024,Man City,Burnley,3,1,H,2,0,H,S Barrott,14,8,3,13,7,3,2,2,0,0,2023-24
E0,31/01/2024,Tottenham,Brentford,3,2,H,0,1,A,D Coote,19,9,13,15,5,3,2,3,0,0,2023-24
E0,31/01/2024,Liverpool,Chelsea,4,1,H,2,0,H,P Tierney,28,4,15,16,8,1,2,4,0,0,2023-24
E0,01/02/2024,West Ham,Bournemouth,1,1,D,0,1,A,T Robinson,9,9,13,11,1,5,1,3,0,0,2023-24
E0,01/02/2024,Wolves,Man United,3,4,A,0,2,A,J Gillett,16,21,10,10,4,5,2,5,0,0,2023-24
E0,03/02/2024,Everton,Tottenham,2,2,D,1,2,A,M Oliver,14,9,8,14,9,5,3,0,0,0,2023-24
E0,03/02/2024,Brighton,Crystal Palace,4,1,H,3,0,H,S Hooper,13,7,8,14,3,2,1,3,0,0,2023-24
E0,03/02/2024,Burnley,Fulham,2,2,D,0,2,A,D Bond,12,15,11,7,2,13,2,2,0,0,2023-24
E0,03/02/2024,Newcastle,Luton,4,4,D,2,2,D,T Bramall,19,11,13,16,8,2,2,2,0,0,2023-24
E0,03/02/2024,Sheffield United,Aston Villa,0,5,A,0,4,A,P Tierney,10,14,10,7,3,4,1,0,0,0,2023-24
E0,04/02/2024,Bournemouth,Nott'm Forest,1,1,D,1,1,D,R Welch,9,8,19,12,11,6,3,2,1,0,2023-24
E0,04/02/2024,Chelsea,Wolves,2,4,A,1,2,A,T Robinson,15,14,15,11,10,1,3,2,0,0,2023-24
E0,04/02/2024,Man United,West Ham,3,0,H,1,0,H,A Madley,12,22,10,5,5,8,0,1,0,0,2023-24
E0,04/02/2024,Arsenal,Liverpool,3,1,H,1,1,D,A Taylor,15,10,11,11,2,4,6,2,0,1,2023-24
E0,05/02/2024,Brentford,Man City,1,3,A,1,1,D,J Gillett,9,25,2,4,8,13,1,0,0,0,2023-24
E0,10/02/2024,Man City,Everton,2,0,H,0,0,D,J Brooks,19,5,6,11,9,0,0,2,0,0,2023-24
E0,10/02/2024,Fulham,Bournemouth,3,1,H,2,0,H,D England,7,25,11,11,1,14,1,2,0,0,2023-24
E0,10/02/2024,Liverpool,Burnley,3,1,H,1,1,D,T Robinson,25,9,11,13,9,3,3,2,0,0,2023-24
E0,10/02/2024,Luton,Sheffield United,1,3,A,0,2,A,C Kavanagh,20,7,7,12,13,1,1,2,0,0,2023-24
E0,10/02/2024,Tottenham,Brighton,2,1,H,0,1,A,S Barrott,16,6,14,13,9,6,2,3,0,0,2023-24
E0,10/02/2024,Wolves,Brentford,0,2,A,0,1,A,S Hooper,17,9,11,9,7,4,2,3,0,0,2023-24
E0,10/02/2024,Nott'm Forest,Newcastle,2,3,A,2,2,D,A Taylor,13,7,9,6,4,4,1,2,0,0,2023-24
E0,11/02/2024,West Ham,Arsenal,0,6,A,0,4,A,C Pawson,5,25,17,11,2,6,4,0,0,0,2023-24
E0,11/02/2024,Aston Villa,Man United,1,2,A,0,1,A,R Jones,23,17,9,7,10,8,3,2,0,0,2023-24
E0,12/02/2024,Crystal Palace,Chelsea,1,3,A,1,0,H,M Oliver,13,14,14,7,1,7,2,2,0,0,2023-24
E0,17/02/2024,Brentford,Liverpool,1,4,A,0,1,A,M Oliver,15,15,4,18,1,6,2,1,0,0,2023-24
E0,17/02/2024,Burnley,Arsenal,0,5,A,0,2,A,J Gillett,8,16,11,8,4,6,2,1,0,0,2023-24
E0,17/02/2024,Fulham,Aston Villa,1,2,A,0,1,A,L Smith,15,12,11,6,4,4,5,2,0,0,2023-24
E0,17/02/2024,Newcastle,Bournemouth,2,2,D,0,0,D,M Salisbury,17,12,9,22,4,2,1,3,0,0,2023-24
E0,17/02/2024,Nott'm Forest,West Ham,2,0,H,1,0,H,T Bramall,19,10,13,15,5,3,4,4,0,1,2023-24
E0,17/02/2024,Tottenham,Wolves,1,2,A,0,1,A,A Taylor,15,12,8,13,10,4,0,1,0,0,2023-24
E0,17/02/2024,Man City,Chelsea,1,1,D,0,1,A,A Madley,31,9,7,12,12,1,1,3,0,0,2023-24
E0,18/02/2024,Sheffield United,Brighton,0,5,A,0,2,A,S Attwell,6,24,3,5,5,10,1,4,1,0,2023-24
E0,18/02/2024,Luton,Man United,1,2,A,1,2,A,D Coote,22,21,7,21,8,6,3,5,0,0,2023-24
E0,19/02/2024,Everton,Crystal Palace,1,1,D,0,0,D,P Tierney,19,10,8,12,3,6,0,2,0,0,2023-24
E0,20/02/2024,Man City,Brentford,1,0,H,0,0,D,D England,25,6,12,6,10,1,2,4,0,0,2023-24
E0,21/02/2024,Liverpool,Luton,4,1,H,0,1,A,A Madley,29,12,15,14,13,4,1,4,0,0,2023-24
E0,24/02/2024,Aston Villa,Nott'm Forest,4,2,H,3,1,H,S Barrott,16,10,7,16,7,2,1,2,0,0,2023-24
E0,24/02/2024,Brighton,Everton,1,1,D,0,0,D,T Harrington,23,6,9,14,11,3,2,3,1,0,2023-24
E0,24/02/2024,Crystal Palace,Burnley,3,0,H,0,0,D,L Smith,15,2,8,13,12,3,3,1,0,1,2023-24
E0,24/02/2024,Man United,Fulham,1,2,A,0,0,D,M Oliver,21,17,6,11,10,9,2,5,0,0,2023-24
E0,24/02/2024,Bournemouth,Man City,0,1,A,0,1,A,J Gillett,13,15,14,6,3,8,2,2,0,0,2023-24
E0,24/02/2024,Arsenal,Newcastle,4,1,H,2,0,H,P Tierney,18,3,15,6,9,0,1,0,0,0,2023-24
E0,25/02/2024,Wolves,Sheffield United,1,0,H,1,0,H,D Bond,13,12,8,4,5,6,2,1,0,0,2023-24
E0,26/02/2024,West Ham,Brentford,4,2,H,2,1,H,S Hooper,17,14,5,9,1,7,1,2,0,0,2023-24
E0,02/03/2024,Brentford,Chelsea,2,2,D,0,1,A,J Gillett,14,17,10,9,0,6,3,1,0,0,2023-24
E0,02/03/2024,Everton,West Ham,1,3,A,0,0,D,C Pawson,22,12,9,6,4,5,1,2,0,0,2023-24
E0,02/03/2024,Fulham,Brighton,3,0,H,2,0,H,S Hooper,12,15,16,10,2,6,1,2,0,0,2023-24
E0,02/03/2024,Newcastle,Wolves,3,0,H,2,0,H,T Robinson,14,12,8,11,3,5,0,1,0,0,2023-24
E0,02/03/2024,Nott'm Forest,Liverpool,0,1,A,0,0,D,P Tierney,8,22,11,12,3,12,2,2,0,0,2023-24
E0,02/03/2024,Tottenham,Crystal Palace,3,1,H,0,0,D,J Brooks,14,4,7,16,11,1,1,2,0,0,2023-24
E0,02/03/2024,Luton,Aston Villa,2,3,A,0,2,A,M Oliver,13,12,8,19,8,6,1,4,0,0,2023-24
E0,03/03/2024,Burnley,Bournemouth,0,2,A,0,1,A,D Coote,20,10,8,13,7,2,2,4,0,0,2023-24
E0,03/03/2024,Man City,Man United,3,1,H,0,1,A,A Madley,27,3,5,10,15,2,0,1,0,0,2023-24
E0,04/03/2024,Sheffield United,Arsenal,0,6,A,0,5,A,S Barrott,4,22,11,4,0,7,1,0,0,0,2023-24
E0,09/03/2024,Man United,Everton,2,0,H,2,0,H,S Hooper,15,23,13,11,5,8,1,2,0,0,2023-24
E0,09/03/2024,Bournemouth,Sheffield United,2,2,D,0,1,A,A Taylor,32,13,12,11,10,3,3,5,0,0,2023-24
E0,09/03/2024,Crystal Palace,Luton,1,1,D,1,0,H,S Singh,21,8,20,11,8,6,2,3,0,0,2023-24
E0,09/03/2024,Wolves,Fulham,2,1,H,0,0,D,T Harrington,8,23,7,11,3,4,2,2,0,0,2023-24
E0,09/03/2024,Arsenal,Brentford,2,1,H,1,1,D,R Jones,17,9,9,10,10,4,2,4,0,0,2023-24
E0,10/03/2024,Aston Villa,Tottenham,0,4,A,0,0,D,C Kavanagh,10,9,11,15,6,4,0,2,1,0,2023-24
E0,10/03/2024,Brighton,Nott'm Forest,1,0,H,1,0,H,M Salisbury,10,9,14,14,6,3,4,4,0,0,2023-24
E0,10/03/2024,West Ham,Burnley,2,2,D,0,2,A,D England,22,11,11,18,4,4,2,4,0,0,2023-24
E0,10/03/2024,Liverpool,Man City,1,1,D,0,1,A,M Oliver,19,10,6,10,7,4,0,3,0,0,2023-24
E0,11/03/2024,Chelsea,Newcastle,3,2,H,1,1,D,J Brooks,12,11,12,7,0,4,3,1,0,0,2023-24
E0,13/03/2024,Bournemouth,Luton,4,3,H,0,3,A,S Allison,24,8,16,11,11,3,1,2,0,0,2023-24
E0,16/03/2024,Burnley,Brentford,2,1,H,1,0,H,D Bond,17,9,14,17,5,4,2,4,0,1,2023-24
E0,16/03/2024,Luton,Nott'm Forest,1,1,D,0,1,A,D England,10,16,10,17,6,7,1,2,0,0,2023-24
E0,16/03/2024,Fulham,Tottenham,3,0,H,1,0,H,R Jones,16,14,9,10,4,5,2,3,0,0,2023-24
E0,17/03/2024,West Ham,Aston Villa,1,1,D,1,0,H,J Gillett,13,13,13,12,7,11,3,3,0,0,2023-24
E0,30/03/2024,Newcastle,West Ham,4,3,H,1,2,A,R Jones,24,10,9,8,3,4,1,1,1,0,2023-24
E0,30/03/2024,Bournemouth,Everton,2,1,H,0,0,D,S Barrott,11,7,14,11,9,8,1,2,0,0,2023-24
E0,30/03/2024,Chelsea,Burnley,2,2,D,1,0,H,D England,33,18,12,7,12,4,2,2,0,1,2023-24
E0,30/03/2024,Nott'm Forest,Crystal Palace,1,1,D,0,1,A,C Kavanagh,12,10,14,12,4,6,1,1,0,0,2023-24
E0,30/03/2024,Sheffield United,Fulham,3,3,D,0,0,D,T Robinson,8,24,10,13,2,15,4,1,0,0,2023-24
E0,30/03/2024,Tottenham,Luton,2,1,H,0,1,A,J Gillett,17,7,16,14,3,6,2,4,0,0,2023-24
E0,30/03/2024,Aston Villa,Wolves,2,0,H,1,0,H,P Tierney,11,13,11,19,5,4,3,4,0,0,2023-24
E0,30/03/2024,Brentford,Man United,1,1,D,0,0,D,S Hooper,31,11,7,14,14,4,2,2,0,0,2023-24
E0,31/03/2024,Liverpool,Brighton,2,1,H,1,1,D,D Coote,30,9,20,6,8,4,5,3,0,0,2023-24
E0,31/03/2024,Man City,Arsenal,0,0,D,0,0,D,A Taylor,12,6,9,20,7,4,0,2,0,0,2023-24
E0,02/04/2024,Newcastle,Everton,1,1,D,1,0,H,T Harrington,18,10,9,14,7,3,0,3,0,0,2023-24
E0,02/04/2024,Nott'm Forest,Fulham,3,1,H,3,0,H,M Oliver,16,18,7,8,3,8,0,0,0,0,2023-24
E0,02/04/2024,Bournemouth,Crystal Palace,1,0,H,0,0,D,G Scott,11,3,13,14,9,2,3,2,0,0,2023-24
E0,02/04/2024,Burnley,Wolves,1,1,D,1,1,D,T Bramall,13,8,10,12,7,4,0,2,0,0,2023-24
E0,02/04/2024,West Ham,Tottenham,1,1,D,1,1,D,J Brooks,11,13,13,9,9,5,1,4,0,0,2023-24
E0,03/04/2024,Arsenal,Luton,2,0,H,2,0,H,C Pawson,13,5,12,8,3,1,1,1,0,0,2023-24
E0,03/04/2024,Brentford,Brighton,0,0,D,0,0,D,A Madley,5,24,9,12,1,5,1,1,0,0,2023-24
E0,03/04/2024,Man City,Aston Villa,4,1,H,2,1,H,D England,25,8,6,13,2,3,1,2,0,0,2023-24
E0,04/04/2024,Liverpool,Sheffield United,3,1,H,1,0,H,S Attwell,29,8,6,9,13,1,0,1,0,0,2023-24
E0,04/04/2024,Chelsea,Man United,4,3,H,2,2,D,J Gillett,28,19,7,15,12,3,3,0,0,0,2023-24
E0,06/04/2024,Crystal Palace,Man City,2,4,A,1,1,D,P Tierney,7,18,13,3,2,9,1,1,0,0,2023-24
E0,06/04/2024,Aston Villa,Brentford,3,3,D,1,0,H,M Salisbury,11,8,15,11,11,3,2,2,0,0,2023-24
E0,06/04/2024,Everton,Burnley,1,0,H,1,0,H,M Oliver,12,6,11,13,3,5,2,1,0,1,2023-24
E0,06/04/2024,Fulham,Newcastle,0,1,A,0,0,D,S Allison,14,12,10,13,14,3,1,2,0,0,2023-24
E0,06/04/2024,Luton,Bournemouth,2,1,H,0,0,D,A Madley,19,8,7,14,7,2,0,0,0,0,2023-24
E0,06/04/2024,Wolves,West Ham,1,2,A,1,0,H,T Harrington,14,11,15,7,4,4,5,2,0,0,2023-24
E0,06/04/2024,Brighton,Arsenal,0,3,A,0,1,A,J Brooks,10,20,14,13,8,7,1,2,0,0,2023-24
E0,07/04/2024,Man United,Liverpool,2,2,D,0,1,A,A Taylor,9,28,9,10,6,11,5,2,0,0,2023-24
E0,07/04/2024,Sheffield United,Chelsea,2,2,D,1,1,D,R Jones,11,6,12,10,7,6,4,2,0,0,2023-24
E0,07/04/2024,Tottenham,Nott'm Forest,3,1,H,1,1,D,S Hooper,17,13,11,12,12,2,2,3,0,0,2023-24
E0,13/04/2024,Newcastle,Tottenham,4,0,H,2,0,H,T Robinson,18,11,14,12,16,3,0,4,0,0,2023-24
E0,13/04/2024,Brentford,Sheffield United,2,0,H,0,0,D,S Barrott,9,8,8,11,3,6,3,1,0,0,2023-24
E0,13/04/2024,Burnley,Brighton,1,1,D,0,0,D,S Hooper,11,20,18,8,4,5,1,2,0,0,2023-24
E0,13/04/2024,Man City,Luton,5,1,H,1,0,H,J Brooks,33,4,7,6,12,1,1,0,0,0,2023-24
E0,13/04/2024,Nott'm Forest,Wolves,2,2,D,1,1,D,C Pawson,18,11,15,10,10,1,2,3,0,0,2023-24
E0,13/04/2024,Bournemouth,Man United,2,2,D,2,1,H,T Harrington,20,8,13,14,7,2,4,0,0,0,2023-24
E0,14/04/2024,Liverpool,Crystal Palace,0,1,A,0,1,A,C Kavanagh,21,8,10,10,11,1,1,1,0,0,2023-24
E0,14/04/2024,West Ham,Fulham,0,2,A,0,1,A,S Attwell,15,18,6,13,8,3,1,2,0,0,2023-24
E0,14/04/2024,Arsenal,Aston Villa,0,2,A,0,0,D,D Coote,18,11,12,7,4,6,3,1,0,0,2023-24
E0,15/04/2024,Chelsea,Everton,6,0,H,4,0,H,P Tierney,14,10,5,21,4,8,1,4,0,0,2023-24
E0,20/04/2024,Luton,Brentford,1,5,A,0,2,A,J Gillett,6,21,13,9,4,9,1,2,0,0,2023-24
E0,20/04/2024,Sheffield United,Burnley,1,4,A,0,2,A,A Madley,18,16,10,9,11,2,1,0,0,0,2023-24
E0,20/04/2024,Wolves,Arsenal,0,2,A,0,1,A,P Tierney,5,24,14,9,1,2,3,2,0,0,2023-24
E0,21/04/2024,Everton,Nott'm Forest,2,0,H,1,0,H,A Taylor,7,8,15,9,6,4,3,2,0,0,2023-24
E0,21/04/2024,Aston Villa,Bournemouth,3,1,H,1,1,D,T Robinson,14,14,8,14,8,4,1,3,0,0,2023-24
E0,21/04/2024,Crystal Palace,West Ham,5,2,H,4,1,H,G Scott,18,4,9,9,4,0,3,2,0,0,2023-24
E0,21/04/2024,Fulham,Liverpool,1,3,A,1,1,D,C Pawson,12,14,5,11,1,4,3,0,0,0,2023-24
E0,23/04/2024,Arsenal,Chelsea,5,0,H,1,0,H,S Hooper,27,7,12,11,4,2,2,2,0,0,2023-24
E0,24/04/2024,Wolves,Bournemouth,0,1,A,0,1,A,S Attwell,15,21,10,17,8,12,4,1,0,1,2023-24
E0,24/04/2024,Crystal Palace,Newcastle,2,0,H,0,0,D,T Bramall,20,7,10,15,7,2,3,3,0,0,2023-24
E0,24/04/2024,Everton,Liverpool,2,0,H,1,0,H,A Madley,16,23,6,13,4,13,0,3,0,0,2023-24
E0,24/04/2024,Man United,Sheffield United,4,2,H,1,1,D,M Salisbury,25,10,7,9,9,4,0,1,0,0,2023-24
E0,25/04/2024,Brighton,Man City,0,4,A,0,3,A,J Gillett,7,14,10,3,4,4,2,0,0,0,2023-24
E0,27/04/2024,West Ham,Liverpool,2,2,D,1,0,H,A Taylor,11,28,8,10,5,8,0,2,0,0,2023-24
E0,27/04/2024,Fulham,Crystal Palace,1,1,D,0,0,D,S Attwell,9,14,11,15,5,9,0,2,0,0,2023-24
E0,27/04/2024,Man United,Burnley,1,1,D,0,0,D,J Brooks,27,16,7,11,6,5,1,3,0,0,2023-24
E0,27/04/2024,Newcastle,Sheffield United,5,1,H,1,1,D,T Harrington,20,15,9,10,4,5,0,0,0,0,2023-24
E0,27/04/2024,Wolves,Luton,2,1,H,1,0,H,D Coote,13,9,14,14,4,4,3,1,0,0,2023-24
E0,27/04/2024,Everton,Brentford,1,0,H,0,0,D,D England,18,10,10,12,6,6,1,2,0,0,2023-24
E0,27/04/2024,Aston Villa,Chelsea,2,2,D,2,0,H,C Pawson,9,21,13,14,2,4,3,5,0,0,2023-24
E0,28/04/2024,Bournemouth,Brighton,3,0,H,1,0,H,P Tierney,15,13,14,10,8,2,2,2,0,0,2023-24
E0,28/04/2024,Tottenham,Arsenal,2,3,A,0,3,A,M Oliver,14,9,12,16,8,6,2,1,0,0,2023-24
E0,28/04/2024,Nott'm Forest,Man City,0,2,A,0,1,A,S Hooper,14,11,8,6,4,5,0,0,0,0,2023-24
E0,02/05/2024,Chelsea,Tottenham,2,0,H,1,0,H,R Jones,16,19,12,16,4,9,0,1,0,0,2023-24
E0,03/05/2024,Luton,Everton,1,1,D,1,1,D,T Robinson,18,10,14,12,8,7,1,3,0,0,2023-24
E0,04/05/2024,Arsenal,Bournemouth,3,0,H,1,0,H,D Coote,25,7,16,12,6,1,2,3,0,0,2023-24
E0,04/05/2024,Brentford,Fulham,0,0,D,0,0,D,G Scott,7,15,3,6,7,6,1,1,0,0,2023-24
E0,04/05/2024,Burnley,Newcastle,1,4,A,0,3,A,A Taylor,17,23,8,8,4,11,2,2,0,0,2023-24
E0,04/05/2024,Sheffield United,Nott'm Forest,1,3,A,1,1,D,C Kavanagh,17,15,9,7,5,3,0,1,1,0,2023-24
E0,04/05/2024,Man City,Wolves,5,1,H,3,0,H,C Pawson,20,2,4,17,6,0,0,4,0,0,2023-24
E0,05/05/2024,Brighton,Aston Villa,1,0,H,0,0,D,R Jones,15,2,13,10,7,3,2,1,0,0,2023-24
E0,05/05/2024,Chelsea,West Ham,5,0,H,3,0,H,A Madley,25,13,12,10,8,6,1,3,0,0,2023-24
E0,05/05/2024,Liverpool,Tottenham,4,2,H,2,0,H,P Tierney,25,11,14,12,8,3,1,4,0,0,2023-24
E0,06/05/2024,Crystal Palace,Man United,4,0,H,2,0,H,J Gillett ,18,7,12,8,6,3,1,1,0,0,2023-24
E0,11/05/2024,Fulham,Man City,0,4,A,0,1,A,A Taylor,1,16,9,6,1,7,1,0,1,0,2023-24
E0,11/05/2024,Bournemouth,Brentford,1,2,A,0,0,D,M Donohue,13,11,16,12,3,8,2,2,0,0,2023-24
E0,11/05/2024,Everton,Sheffield United,1,0,H,1,0,H,S Attwell,15,13,6,11,3,6,1,2,0,0,2023-24
E0,11/05/2024,Newcastle,Brighton,1,1,D,1,1,D,D England,18,15,9,16,8,4,3,4,0,0,2023-24
E0,11/05/2024,Tottenham,Burnley,2,1,H,1,1,D,J Gillett,21,7,10,14,9,3,3,5,0,0,2023-24
E0,11/05/2024,West Ham,Luton,3,1,H,0,1,A,M Oliver,24,4,9,15,7,6,1,3,0,0,2023-24
E0,11/05/2024,Wolves,Crystal Palace,1,3,A,0,2,A,T Bramall,13,13,13,12,8,3,3,2,0,1,2023-24
E0,11/05/2024,Nott'm Forest,Chelsea,2,3,A,1,1,D,T Harrington,20,12,14,8,5,6,2,3,0,0,2023-24
E0,12/05/2024,Man United,Arsenal,0,1,A,0,1,A,P Tierney,14,11,5,6,4,7,0,2,0,0,2023-24
E0,13/05/2024,Aston Villa,Liverpool,3,3,D,1,2,A,S Hooper,19,14,11,15,5,4,1,1,0,0,2023-24
E0,14/05/2024,Tottenham,Man City,0,2,A,0,0,D,C Kavanagh,10,8,14,11,7,4,3,3,0,0,2023-24
E0,15/05/2024,Brighton,Chelsea,1,2,A,0,1,A,M Salisbury,12,13,13,14,4,6,2,2,0,1,2023-24
E0,15/05/2024,Man United,Newcastle,3,2,H,1,0,H,R Jones,17,21,16,7,9,9,3,3,0,0,2023-24
E0,19/05/2024,Arsenal,Everton,2,1,H,1,1,D,M Oliver,26,5,8,11,8,1,4,3,0,0,2023-24
E0,19/05/2024,Brentford,Newcastle,2,4,A,0,3,A,S Hooper,10,12,15,11,3,0,4,4,0,0,2023-24
E0,19/05/2024,Brighton,Man United,0,2,A,0,0,D,C Pawson,17,11,10,9,7,5,1,3,0,0,2023-24
E0,19/05/2024,Burnley,Nott'm Forest,1,2,A,0,2,A,G Scott,20,12,11,5,4,3,1,0,0,0,2023-24
E0,19/05/2024,Chelsea,Bournemouth,2,1,H,1,0,H,A Taylor,16,22,5,9,6,5,2,3,0,0,2023-24
E0,19/05/2024,Crystal Palace,Aston Villa,5,0,H,2,0,H,D Bond,15,8,10,8,2,4,1,4,0,0,2023-24
E0,19/05/2024,Liverpool,Wolves,2,0,H,2,0,H,C Kavanagh,36,4,14,11,10,2,1,1,0,1,2023-24
E0,19/05/2024,Luton,Fulham,2,4,A,1,2,A,M Donohue,15,15,15,20,4,4,5,4,0,0,2023-24
E0,19/05/2024,Man City,West Ham,3,1,H,2,1,H,J Brooks,28,3,3,12,11,2,0,1,0,0,2023-24
E0,19/05/2024,Sheffield United,Tottenham,0,3,A,0,1,A,A Madley,6,18,11,9,2,6,2,0,0,0,2023-24
